Week,Phase,Block Theme,Weekly Theme,Core Learning,Audience,Session Title,Core Concept,Opening Hook,Signal Metaphor,Ancient Wisdom Reframe,Teaching Points,Experiential Exercise,Guided Reflection,Journaling Prompt,Weekly Practice (Mon),Weekly Practice (Wed),Weekly Practice (Sun),Core Affirmation,Video Link (YouTube),Video Title/Description,Reflective Question 1,Reflective Question 2,Film Script (2min Narration),Facilitator Notes,Previous Week Callback
1,See Clearly,See Clearly,The Signal and the Noise,Beneath the mental noise there is a clear inner signal — your own awareness — that was here before the first thought.,Adult,What Are You Actually Receiving?,"Most of us live on autopilot — reacting to noise instead of tuning into what actually matters. The first step in personal growth is learning to tell the difference between your signal (inner wisdom, real values, genuine responses) and the noise (external pressure, inherited stories, fear-based reactions).","Ask the room: On a scale of 1–10, how much of your day do you actually choose — versus simply react? Take 30 seconds. No thinking. Just a number. Then: what's driving the reactions?","Your mind is a phone with 47 tabs open and notifications firing — the signal is the one tab you opened on purpose. Today: close the tabs (one breath, one thing) and hear the quiet channel underneath the noise.","Ancient navigators had no GPS. They used stars — fixed, reliable points present even when clouds obscured them. The practice wasn't finding new stars. It was learning to look past the clouds. Your inner wisdom is the star. This community is the practice of clearing the sky.","1. We live in the most information-dense era in human history — and yet chronic disconnection and anxiety are at record highs. More input hasn't produced more clarity. It's produced more noise.
2. Neuroscience calls this cognitive overload — when the brain's filtering system gets overwhelmed, it defaults to survival patterns: threat detection, comparison, repetition of familiar behaviour.
3. The work of this year is not about adding more. It's about discernment — learning to distinguish what is genuinely yours from what has been installed by environment, experience, and expectation.
4. This is not a self-help programme. It is a practice of honest self-inquiry, supported by evidence, grounded in ancient wisdom, and held in community.","MAKE THE INVISIBLE VISIBLE: For one week, track everything you carry — seen and unseen. Two columns: 'Visible tasks' (dishes, laundry, bills) and 'Invisible load' (remembering, planning, anticipating, following up). Be specific. Then compare your list with the person beside you. What's on your list that they'd never notice? What would happen if you stopped carrying one item silently? Share one thing from the 'invisible' column that surprised you.","Sit quietly. Notice the list running in your head — the reminders, the plans, the things you hold so others don't have to. Feel that quiet, constant hum. That's the noise — invisible, relentless, and easy to stop noticing until you're running on fumes. Now bring to mind one thing on that list you've never actually named out loud. Ask yourself: who knows I carry this? What would it take to name it — not as an accusation, but as the truth? Naming it doesn't make it heavier. It's the first step toward sharing it.","What invisible load have you been carrying silently — and what would it take to name it, so it could finally be seen and shared?","Catch the hum. Once today, notice the mental list running in the background and write down one invisible thing you're carrying that no one else can see.","Make one thing visible. Name one invisible responsibility out loud to the person who shares your life — not as a complaint, as information: 'I carry this. I'd like us to see it together.'",Move from helping to owning. Identify one task you've been 'helping with' that you could own — and one task you're carrying that someone else could own. Take one concrete step toward real ownership.,"I see the invisible load, I name it without blame, and I share it so we can carry it together.",https://www.youtube.com/watch?v=kJ_Gg5DPCQU,"Emotional Labour — the invisible mental load in relationships: naming the work, making it visible, and moving from 'helping out' to 'taking ownership'. Runtime ~20 min.",,,"FADE IN: A city at rush hour — screens everywhere, noise everywhere, everyone moving fast. VOICE (quiet, interior): 'We've never had more information. And we've never felt more lost.' CUT TO: One person pausing in the middle of it all. Just stopping. Noticing. VOICE: 'Somewhere under all of this... there's a signal. It's been there the whole time.' CUT TO: Same person, later — sitting quietly, a small moment of clarity on their face. VOICE: 'Mindcast LIVE isn't about adding more. It's about learning to listen.' FADE TO TITLE: Mindcast LIVE — Tune Into Your Inner Self.","Week 1: keep loose and welcoming. Goal is connection and curiosity, not depth. Everyone leaves knowing the signal/noise framework and feeling the room is safe. Resist the urge to go deep too fast.",
2,See Clearly,See Clearly,The Stories We Carry,"The beliefs we repeat about ourselves are stories, not facts — and stories can be re-authored.",Adult,Reading the Code You Were Given,"We all have a narrative running about who we are, what we deserve, and what's possible for us. Most of those narratives were written before we were old enough to question them — by family, culture, early experiences, and how people responded to us. This week we examine the stories.",Complete this sentence without overthinking: 'People like me don't...' Whatever came up — that's a story. Where did it come from?,"The stories you tell about yourself run like an app in the background, quietly draining the battery. Today: catch one 'I'm the kind of person who…' and ask — did I write this, or did it just install itself?",Many wisdom traditions say: 'A story you don't examine will run your life.' Not because stories are bad — but because an unconscious story is a cage you can't see. The practice is making it visible.,"1. Cognitive psychology calls these 'core beliefs' — deeply held assumptions about self, others, and the world, formed largely before age 10, often running completely beneath awareness.
2. Narrative therapy shows the stories we tell about ourselves are not facts — they are interpretations, shaped by which experiences we've selected as 'evidence.'
3. The brain is a prediction machine. It interprets new experiences through the lens of old patterns — which means we often see what we expect, not what's actually there.
4. You cannot change a story you haven't read. This session is about reading it.","MY STORY AUDIT: Take 5 minutes. Write the 3–5 beliefs you hold most deeply about yourself — not what you wish you believed, but what you actually seem to operate from. Try finishing: 'I'm the kind of person who...' / 'I've always struggled with...' / 'The reason things don't work out for me is...' For each one, ask: How old was I when I first believed this? Who taught me? What was happening? Share one — the least threatening one — with your small group.","Close your eyes. Think of a belief about yourself that limits you. Don't try to change or argue with it. Just look at it like you'd look at an old photograph — with curiosity, not judgment. Where did this story start? Can you see the version of you who first needed to believe this in order to make sense of something? That person was doing the best they could. What would you say to them now?",Write the oldest story you carry about yourself. Then write what you would tell someone you love who had that same story about themselves.,Catch one moment where an old story seems to be making a decision for you.,Share the story you're examining with someone you trust. Just naming it — not fixing it.,Bring one insight from the week about a story you noticed running — however small.,I can see the stories I carry. Seeing them means I am no longer only inside them.,https://www.youtube.com/watch?v=D9Ihs241zeg,TED Talk: 'The Power of Vulnerability' by Brené Brown — directly addresses how shame-based stories shape our sense of worthiness and connection. One of the most-watched TED Talks of all time. Runtime ~20 min.,,,"FADE IN: A woman walking through her day — confident on the surface. But in slow motion, we see small hesitations. The pulled-back moment. The second-guessed choice. VOICE: 'Most of us aren't held back by circumstances. We're held back by the story we decided was true about ourselves — a long time ago.' CUT TO: Her writing in a journal. Something shifts in her face. Recognition. VOICE: 'You can't edit a story you've never read.' FADE TO TITLE: Mindcast LIVE.",This session can surface real vulnerability. Have tissues available. Make explicit: 'You don't have to share anything you're not ready to share.' Watch for anyone who seems deeply activated — follow up individually.,
3,See Clearly,See Clearly,The Pattern Interrupt,There is a gap between trigger and response — and in that pause lives your freedom to choose.,Adult,Finding the Gap,"Once we can see our patterns, the next question is: can we pause before they run? Not suppress them — pause. The space between stimulus and response is where genuine choice lives. This week is about learning to find that space.","Think of a behaviour you keep repeating that you'd genuinely like to change — not a big shameful thing, just a pattern. Something you do and then think 'why did I do that again?' What is it?",Between the notification buzzing and your hand grabbing the phone there's a half-second gap — that gap is a superpower. Today: find the buzz-to-grab gap in one habit and slot a single breath into it.,"Between stimulus and response there is a space. In that space lies your freedom. This isn't a modern idea — Stoics, Daoists, and Buddhist traditions all pointed at the same thing: the gap is where wisdom lives. We're just now able to see it in brain scans.","1. Viktor Frankl wrote: 'Between stimulus and response there is a space. In that space is our power to choose our response. In our response lies our growth and our freedom.' This is not motivational poster language. It is the foundation of behaviour change.
2. In neuroscience, this is called 'response inhibition' — the prefrontal cortex's ability to pause an automatic reaction long enough for a considered choice. It can be trained.
3. Most harmful patterns aren't chosen — they're triggered. Something activates an old neural pathway, and the behaviour runs before conscious thought catches up. The interrupt is catching the trigger.
4. The pattern interrupt doesn't require willpower. It requires awareness first, and a tiny pause second. That is all. The rest follows.","TRIGGER MAPPING: For the pattern you named, trace it backwards. What is the behaviour specifically? What usually happens just before it — the trigger (a person, place, time, emotion, thought)? What does the behaviour give you short-term? What does it cost long-term? Now: what's the smallest possible pause you could introduce between trigger and behaviour? Even one breath. Even just noticing. Share your trigger (not the behaviour) with your small group.","Bring to mind the pattern. Don't shame it. Don't try to fix it. Get curious: if this pattern had a voice, what would it say? What is it protecting you from? What did it help you survive? Genuine compassion for the pattern — not because you want to keep it, but because understanding it is the only way through it.",Describe a recent moment when a familiar pattern ran. What triggered it? What were you feeling just before?,"When you notice a familiar trigger today, just name it silently: 'There it is.' You don't have to change anything yet.",Tell someone what you're learning to notice. Naming it to another person makes the awareness more real.,Bring one example of a moment you caught a trigger before (or just as) the pattern ran. What happened?,"I am bigger than my patterns. I can see them. I can pause. And in that pause, I choose.",https://www.youtube.com/watch?v=ZizdB0TgAVM,TED Talk: 'You Aren't at the Mercy of Your Emotions' by Lisa Feldman Barrett — neuroscience-grounded explanation of how emotions are constructed and how we have more agency than we think. Runtime ~18 min.,,,"FADE IN: A car approaching a yellow light. The driver — muscle memory — almost accelerates. Then pauses. Chooses to stop. VOICE: 'Most of our responses feel as automatic as that. But they're not. There's a gap — tiny, but real.' CUT TO: A person in a tense conversation. You see them breathe. One breath. Something changes in their face. VOICE: 'That gap. That breath. That pause — that's not weakness. That's the whole practice.' FADE TO TITLE: Mindcast LIVE.","Keep this practical and non-shaming. Normalise that patterns exist for good reasons. Nobody's patterns are shameful. The work is curious, not critical.",
4,See Clearly,See Clearly,What Your Body Is Telling You,The body registers truth before the thinking mind does; sensation is information.,Adult,Turning the Diagnostics Back On,The body keeps the score — and most of us stopped listening a long time ago. Chronic stress and the cultural pressure to push through means we've learned to override our most reliable source of real-time information. This week we tune back in.,Put one hand on your chest and one hand on your belly. Take one breath. What do you notice? Most people can't answer that quickly — we're that disconnected. That disconnection is what this session is about.,"Your body is the check-engine light your dashboard mind keeps ignoring — tight shoulders and a clenched jaw are data, not noise. Today: do a ten-second body scan before you fire back the stressful message.","In Daoist tradition the body is not separate from wisdom — it IS wisdom. Qigong, tai chi, and traditional Chinese medicine all rest on one idea: the body is an intelligent system and its sensations are a language. The West is only now catching up through neuroscience — gut-brain research, somatic therapy, interoception studies. The body has always been speaking. We are learning to hear it.","1. Interoception — the brain's ability to sense the body's internal state — is now understood as core to emotional intelligence, decision-making, and mental health. Higher interoceptive awareness correlates with greater resilience and more accurate emotional processing.
2. Polyvagal theory (Stephen Porges) shows the nervous system has three states: safe/social, mobilised/fight-flight, shutdown/freeze. These states show up in the body before we have a conscious thought. The body leads. The mind follows.
3. Bessel van der Kolk's research demonstrated that trauma is stored somatically — in the body, not just the mind. Conversely, healing also happens through the body. You cannot think your way out of a body-held pattern.
4. Scanning your body throughout the day is not woo. It is one of the most evidence-based tools available for emotional regulation and self-awareness.","BODY SCAN + MAPPING: Guide a slow body scan (facilitator reads aloud, 4–5 minutes): 'Start at the top of your head. Notice any tension, warmth, tingling, numbness. Move slowly down — face, jaw, throat, shoulders, chest, belly, hips, legs, feet. No fixing. Just noticing.' Then on a body outline: mark where you're holding tension, where you feel open, where you feel numb. Discuss in pairs: Are there patterns? Do certain areas always carry the same thing?","Sit quietly. Let your breath slow. Ask your body: 'What do you need right now?' Don't answer with your head. Wait for the body to respond — a sensation, an impulse, an image. This is harder than it sounds if you've spent years overriding your body's signals. If nothing comes: what does that disconnection tell you?",Where in your body do you feel stress first? When did you learn to override that signal rather than respond to it?,"Three times today, do a 30-second body scan. Just notice. No analysis required.",Talk to someone about one physical sensation you've been ignoring. What might it be trying to tell you?,Bring one observation from this week's body scan practice — what did you notice?,My body is speaking. I am learning its language.,https://www.youtube.com/watch?v=OidBsNLjD1Q,YouTube: Bessel van der Kolk interview on 'The Body Keeps the Score' — foundational understanding of how the body holds emotional experience. Various clip lengths available. Book: 'The Body Keeps the Score' by Bessel van der Kolk is core reading for this pillar.,,,"FADE IN: A woman at her desk — perfectly still, but jaw tight, shoulders braced, breath shallow. VOICE: 'She'd describe herself as fine. And she is. Mostly.' CUT TO: Same woman years later, having learned to listen to her body. Posture different. Something fundamentally different. VOICE: 'The body was never the problem. The body was always the messenger. We just stopped reading the messages.' FADE TO TITLE: Mindcast LIVE.","The body scan is often deeply unfamiliar for adults who live in their heads. Go slowly. Strong emotional responses are normal with somatic work. Have a grounding tool ready: feet on floor, slow breath, name 5 things you can see.",
5,See Clearly,See Clearly,The Mirror — How We See Ourselves,Self-awareness is seeing yourself clearly and kindly — both strengths and edges — without flinching.,Adult,Recalibrating the Lens,"We don't see ourselves clearly. We see ourselves through a filter built from years of feedback, comparison, shame, and selective memory. This week is about developing accurate self-perception — honest, compassionate, and grounded in evidence.",Write down three words you'd use to describe yourself. How long have you been using those words? Did you choose them — or were they given to you?,The front camera shows every flaw; a good friend's photo catches you laughing — self-awareness is choosing the friend's lens. Today: describe yourself the way someone who loves you would.,"The Zen tradition has a concept of 'beginner's mind' — approaching even the familiar with fresh eyes. The problem with self-perception is we are the worst people to observe ourselves objectively. We're too close. This is why community, honest relationships, and regular self-inquiry matter — they are mirrors a solo practice cannot provide.","1. The 'better than average effect' shows that most people rate themselves above average in positive traits — which is statistically impossible. We are not objective observers of ourselves.
2. Conversely, people with depression often demonstrate more accurate self-assessment than others — 'depressive realism.' Our need to feel good about ourselves can actually prevent accurate self-perception.
3. The Johari Window: things we know, things others know, things neither knows, things only we know. Growth happens when blind spots — what others see that we don't — become visible.
4. Honest self-perception is not self-criticism. It is being as curious and fair about yourself as you would be about someone you genuinely loved.","THE HONEST INVENTORY: Three columns: 1. Strengths you genuinely see in yourself (not performative modesty — what are you actually good at?). 2. Limitations you genuinely see (not self-flagellation — what do you actually find difficult?). 3. Blind spots you suspect — things others might see in you that you're not sure about. For column 3: what have multiple people independently said to you over the years, even if you dismissed it? Discuss in pairs: how did it feel to write column 1 vs column 3?","Close your eyes. Imagine seeing yourself through the eyes of someone who genuinely loves you — not romanticised, but honest and warm. What do they see? What do they appreciate that you often overlook? What do they worry about that you minimise? This is not the only true version of you. But it may be a truer one than what you usually carry.",If you had to give yourself an honest character reference — the kind you'd give someone you respected and cared for — what would you write?,Notice once today when your self-perception shifts based on external feedback. What happened to your inner voice?,Ask one person you trust: 'What do you think is a genuine strength of mine that I don't fully own?' Listen without deflecting.,Bring the answer from your Wednesday conversation — and what you noticed about how it landed.,"I see myself with honest, compassionate eyes. I am neither the worst nor the best version I have imagined.",https://www.youtube.com/watch?v=haLsNaHmBhE,YouTube: Tasha Eurich — 'What Self-Awareness Really Is (and How to Cultivate It)' talk. Evidence-based research on why most people who think they're self-aware actually aren't — and what actually builds it. Runtime ~20 min.,,,"FADE IN: A hall of mirrors at a carnival. Each one shows a different distorted image. VOICE: 'This is how most of us see ourselves. Not a lie, exactly — but not the full picture either.' CUT TO: Someone stepping away from the mirrors. Standing in natural light. Just looking. VOICE: 'Accurate self-perception isn't comfortable. But it's the only foundation that doesn't crack.' FADE TO TITLE: Mindcast LIVE.",People may discover uncomfortable things about themselves. Reinforce: 'Self-awareness is not self-criticism. It's self-honesty in the service of growth.' The asking-someone-else exercise is powerful but should be truly voluntary.,
6,See Clearly,See Clearly,The Comparison Loop,Comparison measures your inside against someone else's outside — a game with no finish line.,Adult,Getting Off the Loop,Comparison is one of the most subtle and pervasive sources of suffering in contemporary life. We compare upward (to those who appear more successful) and downward (to validate our position). Neither makes us genuinely happier. This week we examine the loop — and find the exit.,"Complete this sentence: 'I would feel like I'd made it if...' Whatever came up — whose voice is that? Did you write that script, or did someone hand it to you?",Scrolling compares your behind-the-scenes to everyone's highlight reel — a treadmill where you sweat and never move. Today: name one 'race' you're quitting and mute the feed that runs it.,"The Daoist idea of enoughness — zúgòu — is radical in a comparison culture. Not resignation, not lack of ambition — but a genuine resting point that doesn't require external reference. 'I know what I have. I know what I am. That is my measure.' This is not what markets or social media want you to believe. But it is what the wellbeing evidence supports.","1. Social comparison theory (Leon Festinger, 1954) showed that humans use other people as benchmarks in the absence of objective measures. This was adaptive in small communities. It is catastrophic in an era of global social media.
2. Upward social comparison consistently correlates with lower wellbeing, higher anxiety, and decreased intrinsic motivation. The more we compare upward, the worse we feel.
3. The antidote is 'self-referential comparison' — measuring yourself against your past self, your own values, and your genuine progress. This reliably improves motivation and wellbeing.
4. Comparison is also deeply tied to imposter syndrome — the persistent feeling that success is undeserved. Research shows this affects high achievers disproportionately.","THE COMPARISON AUDIT: Track comparison moments this week in three columns: 1. WHO — context, not names (colleague, friend, social media, public figure). 2. WHAT you're comparing (status, appearance, relationships, success, parenting, intelligence). 3. HOW IT FELT and what story it activated. Today: do a quick 5-minute version for the past week from memory. Discuss in pairs: what do your comparison patterns reveal about what you most care about — or most fear?",Bring to mind someone you frequently compare yourself to. Notice the feeling — envy? Admiration? Shame? Motivation? All of the above? Now gently: what would happen if your life no longer needed to measure up to anyone else's? What would you do differently? What would you stop? What would you start?,Name one area of your life where you consistently compare unfavourably. Where did that standard come from — and is it actually yours?,"Each time you catch a comparison thought, ask: 'Is this measuring me against my values — or against someone else's life?'",Tell someone about one comparison loop you're working to exit. Name the alternative measure you're choosing instead.,Bring back your comparison audit from the week — what patterns did you notice?,My worth is not relative. It does not go up or down based on what others are doing.,https://www.youtube.com/watch?v=SuF_mdyVNdM,"YouTube: Johann Hari on the social drivers of anxiety — search 'Johann Hari lost connections talk.' Deeply researched, compassionate, and directly relevant. Book: 'Lost Connections' by Johann Hari is essential reading for this session.",,,"FADE IN: Two people side by side — one scrolling with an increasingly sinking expression, the other not. VOICE: 'The loop promises that if you just compare enough, you'll find where you stand. It lies.' CUT TO: The scroller puts the phone down. VOICE: 'There is no finish line in someone else's race. Only in yours.' CUT TO: Same person writing — focused, present, satisfied. VOICE: 'That's the exit: measuring yourself against who you were yesterday, not who they are today.' FADE TO TITLE: Mindcast LIVE.",The comparison audit is a powerful ongoing tool — encourage people to continue beyond this week. Some will find comparison patterns connected to early experiences of being ranked or found lacking. This session pairs well with Week 2 content.,
7,See Clearly,See Clearly,The Inner Critic,"The critical inner voice is a learned pattern, not the truth — and it can be met with a wiser inner coach.",Adult,Naming the Judge,"Most of us have an inner voice far harsher than anything we'd say to someone we love. The inner critic is not healthy self-reflection — it is an internalised judge, often formed in childhood, that works against our growth while appearing to support it. This week we learn to hear it clearly and choose differently.",Read this sentence as if it were your own thought: 'You're probably not as good as you think you are. Other people are doing this so much better.' How familiar is that voice? What does it actually sound like in your head?,"The inner critic is a group chat in your head that only ever roasts you — you can mute it and add a coach who's honest but kind. Today: when the roast fires, ask 'would I say this to my best mate?'","In Buddhist psychology the inner critic is understood as a form of internal resistance that arises precisely when we are close to genuine growth. The tradition's response is not combat, not suppression — but recognition. 'I see you.' The critic loses power when it is clearly named.","1. The inner critic's developmental origins are well-understood. Most inner critics are internalised versions of critical figures from early in life — parents, teachers, peers. The brain learned their standards and voice, and eventually the external critic became internal.
2. Kristin Neff's research shows self-criticism activates the threat system (cortisol, defensive arousal), while self-compassion activates the care system (oxytocin, felt safety). Harsh self-talk is literally physiologically threatening to the organism.
3. The inner critic typically shows up most forcefully at moments of potential vulnerability or growth — before a new challenge, after a failure, in comparison to others. It is not trying to destroy you. It is trying to protect you — by making you retreat before you risk disappointment.
4. Distinguish between the inner critic (global, shaming, predicting catastrophe) and healthy self-reflection (specific, curious, oriented toward growth). One undermines. The other informs.","MEET YOUR CRITIC: Write down the inner critic's greatest hits — the specific phrases it returns to most often. Now: imagine this voice belonged to a specific person in your life — past or present. Who does it most sound like? Next: write a response from your wisest, most compassionate self to each critic statement — not a denial, but a grounded honest alternative. Share: the most common theme your inner critic returns to (not the specific content).",Close your eyes. Let the inner critic speak — don't resist it. Hear the harshest thing it says about you. Now step back. Look at the critic. Ask it: 'When did you learn this? Who taught you to say this? What were you trying to protect me from?' Notice: this voice is not you. It is something you learned. That means you can learn something different.,"If your inner critic wrote a review of your life, what would it say? Then: if your wisest friend wrote the same review, what would they say? What's the gap?","Each time your inner critic fires today, name it: 'There's the critic.' Don't argue. Just see it.","Tell someone about your inner critic — what it says, where you think it came from. Naming it to another person takes some of its power away.",Bring back one moment where you caught the inner critic and chose to respond differently.,I hear the critic. I see where it came from. And I choose the voice of my wiser self.,https://www.youtube.com/watch?v=IvtZBUSplr4,"TED Talk: 'The Space Between Self-Esteem and Self-Compassion' by Kristin Neff — evidence-based, warm, directly addresses the inner critic and what actually replaces it. Runtime ~20 min.",,,"FADE IN: A woman preparing for a presentation. In the background, a harsh voice narrates her every move: 'You're going to mess this up. They'll see through you. You don't belong here.' VOICE OVER: 'That voice is not the truth. It is the scar of every time someone else's standard was used against you.' CUT TO: The woman takes a breath. 'I hear you. I know where you came from. But you don't get to run this.' CUT TO: Presentation. Genuine presence. Not perfect — real. FADE TO TITLE: Mindcast LIVE.",This session often releases strong emotional responses — normalise it. For many it's the first time they've examined the inner critic with compassion rather than trying to fight or indulge it. Keep the tone warm and non-clinical. Refer to professionals for anyone showing signs of severe self-criticism or depression.,
8,See Clearly,See Clearly,Beneath the Surface — Emotions as Data,"Surface emotions (anger, grumpiness) sit on top of deeper ones (fear, loneliness, hurt) that hold the real message.",Adult,Reading the Data Stream,"Most of us have two modes with emotions: suppress or flood. We either push them down or get overwhelmed by them. This week we develop a third option: emotions as information. Every emotion is communicating something — about our values, our needs, our history. Learning to read that communication is a core growth skill.","Name three emotions you've felt in the past 48 hours. Now: what was each one actually telling you? If you can answer that quickly, you're already ahead of most people.","Anger is just the app icon; tap it and the real feeling opens underneath — fear, hurt, tiredness. Today: next time you're 'grumpy', open the icon and read what's actually inside.","The Daoist principle of flowing like water applies to emotional life: water doesn't fight its container. It finds every crack, every passage, every opening — and it moves. Emotions blocked are like water behind a dam. They don't disappear. They build pressure. The practice is not controlling emotions — it's letting them flow with awareness.","1. Lisa Feldman Barrett's theory of constructed emotion challenges the idea that emotions are just reactions to the world — they are predictions, built by the brain based on past experience, physiology, and context. This means emotions are interpretations which can be worked with.
2. Research by Matthew Lieberman showed that simply labelling an emotion — 'I notice I'm feeling anxious' — reduces amygdala activity by a measurable amount. Naming regulates. This is neuroscience, not metaphor.
3. Every primary emotion has a function: fear mobilises protection, anger signals boundary violation, sadness signals loss and need for connection, joy signals alignment. Treating emotions as information asks: what is this pointing at?
4. Secondary emotions — emotions about emotions (shame about anger, guilt about joy) — are where most of us get stuck. The practice is getting beneath the secondary emotion to the primary data.","THE EMOTIONAL INTELLIGENCE AUDIT: Think of a difficult emotion you experienced recently — something that felt too much, wrong, or that you tried to suppress. Ask it these questions and write your answers: What exactly am I feeling (be specific — not just 'bad')? When did this feeling start? What triggered it? What is this feeling telling me about what I value, need, or fear? Is there a secondary emotion underneath this one? Share: the one question from that list you found hardest to answer.","Sit quietly. Bring to mind an emotion you've been avoiding. Instead of managing it, invite it. Let it be present as a physical sensation, not a thought. Ask it: 'What are you telling me?' Listen. Don't rush the answer. When you're ready, take a slow breath. Thank the emotion for the information, even if it's uncomfortable.","Think of your dominant emotional response pattern: do you tend to suppress, explode, analyse, deflect, or something else? Where did you learn that response?","Once today when an emotion arises, pause before responding and ask: 'What is this actually telling me?'",Share with one person an emotion you've been avoiding. Not the story around it — just: 'I've been carrying [emotion] and I think it's because [what it's pointing at].',Bring back one moment where you paused to read an emotion as information rather than reacting to or suppressing it.,"My emotions are data, not drama. They are always pointing at something true.",https://www.youtube.com/watch?v=HJSK3HpgFdM,TED Talk: 'You Aren't at the Mercy of Your Emotions' by Lisa Feldman Barrett — groundbreaking neuroscience on how emotions are constructed and how we have more agency than we think. Runtime ~18 min.,,,"FADE IN: A weather map — storm systems, pressure fronts, movement patterns. Sophisticated, data-rich. VOICE: 'A meteorologist doesn't fear the weather. They read it. They learn from its patterns.' CUT TO: Same map but now it's an emotional landscape — same intelligence being applied. VOICE: 'Your emotions are a weather system. Not a problem. A data stream.' CUT TO: Person in a difficult emotional moment — but something has shifted. They're curious, not overwhelmed. VOICE: 'What is this telling me? That's always the right question.' FADE TO TITLE: Mindcast LIVE.","This is a technically rich session — don't rush the concepts. The key insight (emotions as information, not drama) is paradigm-shifting for most people. Ground the theory in immediate personal experience. The 'secondary emotion' concept often produces significant revelations — give space for that.",
9,See Clearly,See Clearly,The Wounds We Carry,"Old hurts shape us, but naming them in a safe circle begins to loosen their grip.",Adult,The Kintsugi Audit,"All of us have been hurt — by people who were supposed to protect us, by experiences that exceeded our capacity to cope, by systems that didn't see us. Some of those experiences left marks that continue to shape how we move through the world. This week we look at what we carry — with honesty, courage, and enormous compassion.",Without going into detail: what's one experience from your past that you suspect is still shaping you in ways you haven't fully examined? You don't have to name it specifically — just acknowledge it's there.,"Old hurts are a heavy backpack you've worn so long you forgot it's on — naming them in a safe room is setting it down for a minute. Today: name one thing you've been carrying, just to feel the weight lift.","In the Japanese art of kintsugi, broken pottery is repaired with gold — the cracks made visible, made beautiful. The break is not hidden. It is honoured. The philosophy beneath it: what has broken is part of the story. The repair is part of the beauty. This is the practice of this session — not hiding the cracks, but beginning to look at them.","1. Adverse childhood experiences (ACEs) research (Felitti et al., 1998) demonstrated a strong relationship between childhood trauma and adult health outcomes — physical and mental. Importantly: these outcomes are significantly modifiable with awareness and support.
2. Developmental trauma — the cumulative impact of prolonged adverse experiences including neglect, emotional unavailability, chronic stress — does not require a dramatic single event. It requires sustained patterns that exceeded a child's capacity to cope.
3. The nervous system's response to unresolved trauma is not being stuck in the past — it is the body and mind doing exactly what they were designed to do: protect against recurrence of danger. The protective responses were once survival tools. They become limiting when the original danger has passed.
4. This is not a trauma therapy session. This is an awareness session — the beginning of honest acknowledgment. For those who recognise they need more support, resources are available.","LEGACY CODE MAPPING — quiet and private: In your journal, explore whichever prompt feels right: 'One experience I know is still with me is...' / 'A pattern I have that I suspect came from being hurt is...' / 'Something I learned about love/safety/trust from an early wound is...' / 'Something I've been carrying that doesn't fully belong to the present is...' Write as much or as little as you choose. This is for you. After 5–7 minutes: take a breath. Place your hand on your heart. Notice any shifts in your body.",Close your eyes. Place your hand over your heart. Bring to mind a wound you carry — a hurt that has shaped you. With every ounce of compassion you can access: see the version of you who was first hurt. They were doing their best with what they had. They survived something. Whatever strategies they developed — it was an act of survival. You are still here. That is no small thing.,If the wound you've been carrying could finally speak clearly — what would it need you to know?,Notice once today when a present situation triggers what feels like an old wound. You don't have to resolve it. Just notice: 'This feels older than now.',"If it feels right, speak the name of something you're carrying to one trusted person — not the full story, just: 'I'm carrying something and I'm starting to look at it.'",Bring one reflection from this week's journal exercise — or simply how it felt to acknowledge the question.,"What I carry does not define me. I see it clearly. And in seeing it, I begin the repair.",https://www.youtube.com/watch?v=95ovIJ3dsNk,TED Talk: 'How Childhood Trauma Affects Health Across a Lifetime' by Nadine Burke Harris — landmark ACEs research presented with compassion and hope. Runtime ~16 min.,,,"FADE IN: An old building. Beautiful architecture but cracks running through the walls. VOICE: 'Every structure carries the history of the forces that have acted on it. So do we.' CUT TO: Close up — gold filling the cracks. Kintsugi. VOICE: 'The crack is not the end of the story. The repair is.' CUT TO: Person, quiet, hand on heart. Acknowledging something. VOICE: 'You don't have to know everything that happened. You just have to be willing to look.' FADE TO TITLE: Mindcast LIVE.",CRITICAL: Most emotionally sensitive session of Phase 1. Make crystal clear this is NOT trauma processing — it is an awareness session. Have professional referral resources printed and available. Never ask anyone to share specific trauma content publicly. Some participants may need to step out — have a quiet space and support person available. Follow duty of care protocol if any safety concerns arise.,
10,See Clearly,See Clearly,The Masks We Wear,We hide behind performance to feel safe; realness is what actually lets us be met.,Adult,Frontend and Backend,"Most of us present different versions of ourselves in different contexts — and that's not inherently a problem. But when the mask becomes more familiar than the face underneath, we've lost something important. This week we examine the performances we give and the cost of maintaining them.",Think of the most socially managed version of yourself — the performance you give when you're trying to be received well. How different is that person from the version that exists when no one is watching?,"Your profile is the filtered photo; the real you is the whole camera roll — and the right people want the camera roll. Today: show one true, unfiltered thing to someone safe.","In theatre tradition the mask (persona) was originally a tool — it amplified voice and communicated character. But when the mask becomes fused to the face, the actor loses access to their own expression. The question is not whether you wear masks — everyone does. The question is: do you still know your own face?","1. Carl Jung introduced the concept of 'persona' — the social mask we construct to navigate the world's expectations. This is developmentally necessary and adaptive. The problem arises when the persona becomes so rigid that the authentic self is no longer accessible.
2. 'Self-monitoring' research describes the degree to which people modify behaviour based on social cues. High self-monitors are skilled socially but often report lower authentic identity and higher social anxiety.
3. Authenticity research consistently shows that acting in alignment with genuine values, emotions, and beliefs predicts psychological wellbeing, quality of relationships, and sense of meaning. High-level mask-wearing correlates with depression, loneliness, and burnout.
4. Authenticity is not unfiltered self-expression. It is knowing the genuine self clearly enough to choose, with wisdom, what to share and when — from a place of security, not fear.",THE MASK INVENTORY: Draw or describe three masks you wear regularly: 1. The professional/competence mask. 2. The 'everything's fine' mask. 3. The mask that hides the need for help. For each: What does it protect? What does it cost? Who in your life has seen most clearly behind it? Now: what would happen if one of those masks came down a little? What is the specific fear — and how likely is it to actually happen? Share: one mask and what it costs you.,"Sit quietly. Think about who you are when absolutely no one is watching — no performance, no management, no impression to make. What is that person like? What do they feel? What do they want? What do they fear? Ask honestly: is that person getting enough time and space in your life? What does your genuine self need that it isn't currently getting?",Think of a relationship where you've maintained a significant mask. What do you think would actually happen if that person saw more of the real you? What does your answer tell you about the relationship?,"Notice once today when you put a mask on — and ask: 'Is this necessary right now, or is it fear?'",Show someone a tiny bit of what's usually behind one of your masks — something genuine and slightly vulnerable. Notice what happens.,Bring back: what happened when you experimented with a little more authenticity this week?,"I know my own face. The masks I wear are chosen — not required. I choose from security, not fear.",https://www.youtube.com/watch?v=iCvmsMzlF7o,"TED Talk: 'The Power of Vulnerability' by Brené Brown — the foundational research on authenticity, connection, and the cost of armoured performance. One of the most-watched TED Talks ever. Runtime ~20 min.",,,"FADE IN: A social gathering. Everyone performing — laughing the right amount, saying the right things. VOICE: 'There's an enormous amount of energy going into this. Energy that isn't available for anything else.' CUT TO: The same person, later, alone or with one trusted friend. Different face. VOICE: 'That face — the real one — is not weaker. It just costs less.' CUT TO: The person choosing, consciously, to let the mask down a little. Not everything. Just a little. FADE TO TITLE: Mindcast LIVE.",The mask metaphor is universally resonant and often produces significant insight without requiring dramatic disclosure. Watch for the person who has maintained very rigid masks — dropping them even conceptually can be destabilising. Ensure the session ends in a place of safety and agency.,
11,See Clearly,See Clearly,Seeing Others Clearly,Everyone is carrying an unseen story; empathy is choosing to imagine it.,Adult,Calibrating the Sensor,"We don't just have distorted views of ourselves — we have distorted views of other people. We project our fears, needs, and stories onto others. We mistake interpretation for objective reality. And we often fail to genuinely see the person in front of us. This week we develop clearer perception of others.","Think of someone who genuinely frustrates or irritates you. Now: honestly, what about them most bothers you? And is there any chance that quality exists — even in small measure — in yourself?",Everyone's driving with a dashcam you can't see — the person who cut you off might be racing to a hospital. Today: give one person the benefit of their unseen story.,"The Daoist tradition speaks of action without ego-driven interference. Applied to perception: to see clearly is to look without the constant overlaid commentary of our own needs, fears, and judgments. This is what contemplative traditions call direct perception — not easy, but profoundly possible with practice.","1. Psychological projection is the unconscious attribution of one's own unacceptable feelings or qualities to another person. We criticise in others what we cannot acknowledge in ourselves. Virtually everyone does this — it is a feature of ordinary cognition, not a sign of disturbance.
2. The 'fundamental attribution error' shows that humans consistently over-attribute other people's behaviour to fixed character traits ('they are selfish') while under-attributing it to situational factors ('they are under enormous pressure'). We extend ourselves the situational courtesy we deny others.
3. Empathy research shows that empathy is not fixed — it is a skill that is developed, and most adults have significant room to improve it. Critically: empathy requires the temporary suspension of one's own perspective, which is cognitively demanding.
4. 'Clean perception' — seeing what is actually there rather than what we project — is one of the highest relational skills. The practice begins with knowing our own material well enough to notice when it's running.","PROJECTION AUDIT: Think of three people who currently frustrate or trigger you. For each one: 1. What specifically bothers you about them? 2. Honestly: does any version of that quality or behaviour exist in you? 3. What story are you telling about why they do what they do? Is there an alternative story? 4. What do you actually know — objectively — about their situation, history, and internal state? Share: one insight about the gap between your story about someone and what you actually know.","Close your eyes. Bring to mind someone you find genuinely difficult. Now see them as a child — someone who had experiences you don't fully know, shaped by circumstances you haven't lived through. You don't have to excuse their behaviour. You just have to see their humanity. What happens when you do?",Think of a relationship where you have consistently interpreted someone's behaviour negatively. Is there an alternative interpretation you have been avoiding? Why might you be avoiding it?,"Once today when you have a negative judgment about someone, ask: 'What do I actually know — versus what have I assumed or projected?'",Tell someone a story you've been telling about a difficult relationship — and then tell them the most generous alternative interpretation you can construct.,Bring back one example of catching yourself in projection or attribution error this week.,"I see people as clearly as I can — as complex, contextual human beings, not as characters in my story.",https://www.youtube.com/watch?v=baHrcC8B4WM,"YouTube: 'The Power of Empathy' — Brené Brown RSA animation. Short, brilliant, directly addresses the difference between empathy and sympathy. Runtime ~3 min.",,,"FADE IN: Two people in a tense conversation. The camera shows what each is thinking — both completely certain they're right, both inside their own story. VOICE: 'We're never just seeing the other person. We're seeing our version of them.' CUT TO: One person pauses. Asks a genuine question. Listens. VOICE: 'What if the story you've been telling about them... is mostly about you?' CUT TO: Something shifts in the conversation. Not fixed — just more honest. FADE TO TITLE: Mindcast LIVE.","The projection audit can be genuinely confronting — some people will realise mid-exercise that they've been unfair to someone for a long time. Hold space for that without forcing resolution. The point is clarity, not reconciliation.",
12,See Clearly,See Clearly,The Habit Loop — How We Got Here,Habits run on trigger → action → reward; awareness of the loop is the first lever of change.,Adult,Mapping the Loops,"Most of our daily behaviour — researchers estimate up to 45% — is habit, not conscious choice. Understanding how habits form, how they're maintained, and what function they serve is the foundation of genuine behaviour change. This week we map the loops.","Think of a habit you have that you genuinely want to change — not a moral failing, just a pattern. You've probably tried before. What happened?",A habit is an autoplay playlist — one trigger and the next track just starts. Today: spot the trigger track for one habit and swap the next song on purpose.,In Daoist thought the concept of wu wei is often misunderstood as passivity. It is actually the opposite: action so aligned with natural patterns that it requires no forcing. The master potter does not fight the clay — they understand its nature completely. Habit change works the same way: fighting habits through willpower fails. Working with their natural structure — understanding the loop — is how genuine change happens.,"1. Charles Duhigg's research identified the neurological 'habit loop': cue → routine → reward. The habit is stored as a neural pathway in the basal ganglia, which is why it persists without conscious effort and is extremely resistant to willpower-based change.
2. Key insight: habits are never truly deleted from the brain. They are replaced. When you understand what reward a habit is delivering, you can identify an alternative routine that delivers the same core reward more functionally.
3. 'Keystone habits' are habits with disproportionate downstream effects — habits whose establishment or removal cascades into other positive or negative changes. Exercise, sleep, and a morning routine are common keystone habits.
4. James Clear adds: habits are identity-based. Long-term habit change requires shifting from 'I'm trying to exercise' to 'I am the kind of person who moves their body.' The identity precedes the behaviour change.","THE HABIT LOOP AUDIT: For one habit you want to change, map it completely: 1. THE CUE — what triggers the habit? (Time of day, location, emotional state, preceding event, social context?) 2. THE ROUTINE — what is the habit itself, specifically? 3. THE REWARD — what does the habit actually give you short-term? Be honest — there IS a reward or it wouldn't persist. 4. THE REAL NEED — what underlying need is the reward meeting? (Connection? Stress relief? Stimulation? Numbness?) 5. ALTERNATIVE ROUTINE — what else could meet that same underlying need more functionally? Share: the reward and the underlying need from your loop.",Sit quietly. Think about the habit you mapped. With genuine compassion — not judgment — notice: when did this habit begin? What was happening in your life? What was it originally solving for you? The habit made sense once. It was a solution to a problem. The question is: is the problem still the same? And is this still the best solution available to you?,Think of a habit in your life you've maintained for years. What original need was it meeting? Is it still meeting that need — or just running on autopilot?,"Catch one habit running today — not to judge it, just to see the full loop: cue, routine, reward. Write it down.",Tell someone about the underlying need your habit is meeting. Not the habit itself — the need. How does it feel to name that directly?,"Bring back your complete habit loop map — cue, routine, reward, real need, and one alternative you're considering.",I understand my patterns. That understanding is the foundation of everything I want to change.,https://www.youtube.com/watch?v=-moW9jvvMr4,YouTube: Charles Duhigg book talk or animated summary of 'The Power of Habit' — the habit loop explained clearly and engagingly. Also: James Clear on atomic habits is widely available. Runtime ~10–20 min.,,,"FADE IN: Time-lapse of a path forming in grass — each time people walk the same route, the grass compresses further until a clear track exists. VOICE: 'Habits are paths. Not made by intention — made by repetition.' CUT TO: Someone choosing, consciously, to take a slightly different route. VOICE: 'You cannot stop the old path from existing. But you can make a new one deeper.' CUT TO: New path forming. Slow, but clear. VOICE: 'That's how change actually works.' FADE TO TITLE: Mindcast LIVE.",The habit loop audit is one of the most practically valuable exercises of Phase 1 — give people enough time to genuinely work through all five columns. The 'real need' column is often the revelation. This session sets up Phase 2 directly.,
13,See Clearly,See Clearly,Integration — What We Now See,"Phase 1 close: you can now notice the signal, the stories, the body, and the loops — the tools of seeing clearly.",Adult,The Audit Is Complete,"Thirteen weeks of honest looking. This is not the end of seeing clearly — it is the beginning. Phase 1 closes with integration: taking stock of what has shifted, what has become visible, and what you're carrying into Phase 2 with new eyes. This is a threshold, not a summary.","If you had to describe who you were before this phase started — and who you are now, 13 weeks later — what would be most different? Not externally. In what you can see.","You've been handed a toolkit — a pause button, a feelings-iceberg, a mirror, a mute button for the critic. Today: pick the one tool you'll actually keep in your pocket.",In Daoist thought the completion of a cycle is not an ending but a turning — a return to the beginning with different eyes. What you've seen in yourself over the past 13 weeks contains both challenge and opportunity. The integration is choosing what to do with the opportunity.,"1. Neuroscience of insight shows that genuine self-awareness produces measurable changes in neural connectivity — the prefrontal cortex forms stronger connections to the limbic system. Awareness is literally structural. What you've been doing for 13 weeks has changed your brain.
2. Research on the observation effect: the act of noticing a behaviour — without necessarily changing it — reduces its frequency over time. Awareness itself is an intervention.
3. The integration phase — making conscious what was unconscious — is the transition point that CBT, ACT, psychodynamic therapy, and mindfulness-based practices all converge on. It is the fulcrum. Everything useful happens on both sides: awareness is the door; action is what comes through.
4. You are not obligated to share what you've seen. You are only obligated to take it seriously.","INTEGRATION CIRCLE: In your journal, spend 10 minutes: 1. What is the clearest thing I can now see about myself that I couldn't see 13 weeks ago? 2. What pattern have I been most challenged to acknowledge? 3. What have I been carrying that I now understand a little better? 4. What am I choosing to take into Phase 2 as an honest commitment? Then, if you choose: share one insight with the group — not what you need to change, but what you can now see clearly. Listen without response. This is witnessing, not fixing.","Sit in silence for 3 minutes. Scan across the past 13 weeks. Notice not what happened — but what opened. Notice what's different in you, even slightly. The awareness that's come. The questions now alive that weren't before. That awareness is not nothing. It is the whole foundation of what comes next. Place your hand on your heart. Acknowledge the work you've done.",Write a letter to yourself from 13 weeks ago. What does the version of you that has done this work want them to know?,Revisit your very first week of observations — what have you noticed that has shifted since Week 1?,Share with someone who isn't in this group: 'I've been working on understanding myself better. One thing I can see now that I couldn't before is...' Notice what it feels like to own that growth.,Come to the final session of Phase 1 ready to read your letter to yourself if you choose.,"I see myself more clearly now. And in that clearer seeing, I am more free.",https://www.youtube.com/watch?v=sPOuCd6cBao,"YouTube: 'This Is Water' — David Foster Wallace 2005 commencement speech, animated. About the transformation of ordinary awareness into genuine seeing. One of the most important short pieces of content of the year. Runtime ~9 min.",,,"FADE IN: Quick montage — images suggesting the themes of the past 13 weeks — someone pausing, someone journalling, someone listening, someone looking in a mirror. VOICE: 'Thirteen weeks ago, most of this was invisible.' CUT TO: A single person, quietly present. Looking out at something without anxiety. VOICE: 'Seeing clearly isn't the end of the work. It is the work — and the foundation of everything that follows.' CUT TO: A door. Opening. VOICE: 'You know what's on this side. Phase 2 begins now.' FADE TO TITLE: Mindcast LIVE — Phase 2: Unlearn.","This is a ceremonial session — treat it as such. Create intentional ritual: candles, music, a physical symbol of crossing a threshold if appropriate to your group. Allow letters to be read aloud if people consent. This closing should feel genuinely significant. People have done real work. Honour it.",
14,Unlearn,Unlearn,The Permission You're Still Waiting For,No external authority is coming to authorise your life; the permission is yours to give.,Adult,You Are the Authority,"Many of us are living on hold — waiting for someone to tell us it's okay to start, to change, to be who we actually are. We're waiting for a parent's approval, a partner's green light, the right moment, or enough confidence. This week we examine the permission we've been waiting for — and recognise that it was always ours to give.","What is something you've been waiting to do — start, say, become — until some condition is met? What exactly are you waiting for? And who, specifically, would need to give you that permission?",You keep refreshing an inbox for an approval email that's never coming — because you're the one who has to hit send. Today: give yourself the green light on one thing you've been waiting on.,"There is a Daoist concept of zìrán — naturalness, or spontaneous self-expression. Not recklessness, but action that arises from your authentic nature rather than from waiting for external permission. The ancient teachers observed: the river does not wait for permission to flow. Neither does anything that is truly alive.","1. Waiting for external permission is a deeply learned behaviour — most of us were raised in systems (family, school, religion, workplace) where approval was required before action. The brain learned: seek authorisation before proceeding. This is now running in domains where it no longer applies.
2. Psychologist Albert Bandura's work on self-efficacy shows that belief in one's own ability to act is the single strongest predictor of whether someone will initiate change. Self-efficacy is not confidence — it is the specific belief that you are capable of and entitled to take action in a given domain.
3. 'Waiting for readiness' is one of the most common forms of self-sabotage. Research consistently shows that action precedes readiness — people rarely feel ready before beginning. They feel ready after they've begun.
4. The permission you're waiting for is a proxy for something deeper: the belief that you are enough, that your desires are valid, that your direction matters. This belief cannot be given by another person. It must be generated from within.","PERMISSION AUDIT: In your journal, complete these sentences honestly: 'I've been waiting to [action] until [condition].' List as many as you can find — big and small. For each one, ask: Who would be giving me this permission if I received it? What would they actually be saying? Is there any reason — real, present-day reason — why I cannot give myself that same permission right now? Share: one permission you've been waiting for — and what you'd do immediately if you gave it to yourself today.","Sit quietly. Think of the thing you've been waiting to do, become, or say. Imagine yourself — five years from now — still waiting. What does that person feel? What do they wish they had done today? Now: what is the smallest, most immediate act of self-permission you could take this week — not the full journey, just the first step?",What is the oldest permission you've been waiting for — and from whom? Is that person actually the authority you've made them?,Notice once today when you catch yourself waiting for permission. Ask: from whom? And why do they have that authority?,Tell someone about one thing you're giving yourself permission to pursue — and ask them to hold you to it.,Come back with the first small act of self-permission you took this week. What happened?,I do not need to wait. I am the authority over my own becoming.,https://www.youtube.com/watch?v=iG9CE55wbtY,TED Talk: 'Why You Should Define Your Fears Instead of Your Goals' by Tim Ferriss — explores the internal barriers we construct and the self-authorisation required to move past them. Runtime ~13 min.,,,"FADE IN: A person sitting at a desk, a blank document open in front of them. Waiting. VOICE: 'They've been waiting three years. Waiting to feel ready. Waiting for the right moment. Waiting for someone to tell them it's okay.' CUT TO: The same person, phone in hand, not calling. Window open, not leaving. VOICE: 'The permission they're waiting for will never come from outside. It never could.' CUT TO: They close the phone. Turn back to the document. Begin. VOICE: 'That's it. That's the whole thing. Begin.' FADE TO TITLE: Mindcast LIVE.","This session often surfaces deep emotion — particularly for people who have been waiting in significant areas of their life (leaving relationships, changing careers, starting creative work). Keep the tone empowering rather than urgent. This is not about impulsive action — it is about reclaiming authority.",
15,Unlearn,Unlearn,Letting Go of Who You Were Supposed to Be,The inherited script of 'should' can be set down to make room for who you actually are.,Adult,Default Settings and Custom Configuration,"Most of us are carrying an image of who we were supposed to become — defined by family expectation, cultural script, early ambition, or the version of success we absorbed from our environment. When life doesn't match that image, it can feel like failure. This week we examine that image — and ask whether it was ever actually ours.","Describe the person you were supposed to become — the version your family, culture, or early self expected. How closely does your current life match that image? And how do you feel about the gap?",You've been reading lines off a teleprompter someone else wrote — but it isn't your story. Today: put down one 'should' and say the line that's actually yours.,"The Daoist concept of pu — the uncarved block — describes the state of original, unconditioned potential before social shaping has imposed a fixed form. You were once an uncarved block. A great deal has been carved since. The practice is not returning to the uncarved block — that's impossible. The practice is distinguishing between carving you chose and carving that was done to you.","1. Research on 'possible selves' (Hazel Markus and Paula Nurius) shows we all carry multiple mental models of who we could become — including feared selves, ideal selves, and 'ought selves' (who we think we should be). The gap between ideal self and ought self is one of the most significant predictors of psychological distress.
2. Sociologist Arlie Hochschild identified 'feeling rules' — social norms about which emotions are appropriate to feel in which contexts. These extend to life choices: we absorb rules about who we should be, what we should want, what constitutes success, without ever consciously choosing them.
3. Identity foreclosure (James Marcia's identity development research) occurs when a person adopts an identity given by others — typically parents or culture — without personal exploration. This is the developmental equivalent of living in someone else's house without knowing it.
4. Grief is often the appropriate response to releasing a life script — not because the script was right, but because it was held for so long it became part of the self. This grief is healthy and necessary.","THE LIFE SCRIPT AUDIT: In your journal, write the life script you were given — the explicit or implicit expectations about your career, relationships, values, lifestyle, success markers. Be specific: who wrote it? What were the exact expectations? Now: which parts of that script did you consciously choose? Which parts are you living out of habit, obligation, or fear of disappointing someone? Which parts would you rewrite, if you had full permission? Share: one expectation you've been carrying that you're ready to examine.","Sit quietly. Bring to mind the version of you that was 'supposed to' emerge. See them clearly. Now: with genuine kindness — not dismissal — say goodbye to that version. Not because they were wrong. But because you are something more specific, more particular, more truly yours than that image ever was. What do you feel as you release it?",What is one thing you've continued doing primarily because it matches who you were supposed to be — not who you actually are?,Notice once today a choice you make that aligns with your actual values rather than your inherited script.,Tell one person about one way your life has diverged from 'the plan' — and share how you actually feel about that divergence.,Bring back: what emerged when you wrote your life script? What surprised you?,"I am not the person I was supposed to be. I am something more honest, more mine, and more alive.",https://www.youtube.com/watch?v=NiuDFBNDoSk,YouTube: 'There's More to Life Than Being Happy' by Emily Esfahani Smith — explores meaning vs. expected happiness and the freedom of living by your own values. Runtime ~12 min.,,,FADE IN: A wedding photo on a mantlepiece. A graduation portrait. A corporate headshot. VOICE: 'This was the plan. Someone made it a long time ago. Some of it was love. Some of it was fear. Some of it was just... what was done.' CUT TO: The same person now — slightly different from the photos. Something quieter. More themselves. VOICE: 'The plan was never the point. You were always the point.' CUT TO: Person gently turning the photos face down. Not erasing — just releasing. VOICE: 'You don't have to become who you were supposed to be. You're already becoming something truer.' FADE TO TITLE: Mindcast LIVE.,"This session carries real grief for many people — particularly those who have sacrificed significant life choices to meet family or cultural expectations. Honour the grief without rushing to reframe it as positive. The work is witnessing, not fixing.",
16,Unlearn,Unlearn,The Forgiveness Loop,"Forgiveness is releasing the grip of resentment — for your own freedom, not the other's excuse.",Adult,Completing the Process,Unforgiveness is one of the heaviest things a human being can carry. Not because the other person deserves forgiveness — but because the person carrying the resentment is the one paying the physiological and psychological cost. This week we examine what forgiveness actually is — and what it isn't.,Think of someone you have not forgiven — or only partially forgiven. Don't name them aloud. Just notice: what happens in your body when you bring them to mind? That physiological response is the cost you're currently paying to keep the resentment running.,Resentment is gripping a hot coal to throw at someone — you're the one getting burned. Today: name one grudge and picture opening your hand and setting the coal down.,"Ancient wisdom traditions across cultures converge on a radical idea: forgiveness is not a gift given to the wrongdoer. It is freedom claimed by the one who was wronged. The Daoist tradition frames it as releasing attachment to the outcome — not approving of the harm, but releasing the grip of the harm on your present moment.","1. Research by Dr Fred Luskin (Stanford Forgiveness Project) shows that people trained in forgiveness report significant reductions in stress, anger, and physical symptoms — including lower blood pressure and fewer depression symptoms. Unforgiveness has a measurable physiological cost.
2. Forgiveness is consistently misunderstood. It is not: condoning the behaviour, reconciling with the person, pretending the harm didn't happen, or requiring the other person to apologise first. It is: the internal decision to release the grip of resentment on your own nervous system.
3. The 'forgiveness loop' runs like this: hurt occurs → story of wrongdoing is repeated internally → each repetition reactivates the original threat response → the nervous system experiences the harm again and again. Forgiveness breaks the loop — not by denying the harm, but by no longer replaying it.
4. Forgiveness is a process, not an event. Research shows it typically requires: acknowledging the full harm, validating the emotional response to it, and making an active choice to release the claim for repayment that the resentment represents.","THE FORGIVENESS INVENTORY: In your journal, write about one person or situation where you're carrying unforgiveness. Work through these steps: 1. Name the harm fully — what actually happened, what it cost you. 2. Acknowledge your emotional response — all of it, without editing. 3. Identify the story you've been repeating — how you've been re-telling this harm internally. 4. Ask honestly: what has carrying this cost you? What has it kept you from? 5. What would it mean — not to excuse the harm, but to release your own grip on it? Share: one insight from working through this — not necessarily the specific harm.","Sit quietly. Bring to mind the person or situation. Feel the familiar contraction of resentment. Now — without condoning, without forgetting — imagine releasing your grip on the story. Not for them. For you. What would become available to you if this stopped running in the background? What could you put that energy into?",What is the oldest resentment you're still carrying? What has it cost you — not them — to hold it this long?,"Once today, when you notice a resentment replaying, say internally: 'I acknowledge this hurt. I choose to release my grip on the story.' See what happens.",Share with one trusted person that you are working on releasing a resentment. You don't have to name who or what — just that you're doing the work.,Bring back: what shifted — even slightly — when you worked through the forgiveness inventory?,"I release the grip of resentment — not for them, but for myself. The energy is mine again.",https://www.youtube.com/watch?v=Ik_V3UIqoQ0,"YouTube: 'Forgiveness' — Fred Luskin Stanford Forgiveness Project talk on what forgiveness actually is, the science behind it, and why it matters for health. Search for available versions. Runtime ~15–20 min.",,,"FADE IN: A person carrying a large stone. They've been carrying it for years. Their back is bent. Their steps are slow. VOICE: 'This is what resentment actually weighs. Not an emotion. A physical cost.' CUT TO: Someone sitting with them. 'You don't have to keep carrying it. Putting it down doesn't mean it didn't happen.' CUT TO: Slowly, the stone is set down. The person straightens. Looks different. VOICE: 'That's not weakness. That's the hardest thing there is.' FADE TO TITLE: Mindcast LIVE.",This session can be deeply moving. Some participants will be carrying resentment toward deceased people — acknowledge that forgiveness does not require the other person to be present or even alive. Others will be carrying resentment toward themselves — gently note that self-forgiveness is Week 17. Never pressure anyone to forgive before they are ready.,
17,Unlearn,Unlearn,Forgiving Yourself,"Self-forgiveness is accountability without self-attack: repair, learn, and continue.",Adult,Clearing the Cache,"For many people, forgiving others is difficult — but forgiving themselves is nearly impossible. We hold ourselves to a standard of perfection that we would never apply to someone we loved. The result is a chronic state of internal prosecution — always on trial, never acquitted. This week we examine what it would mean to finally offer yourself the verdict of enough.","Think of something you have not forgiven yourself for — a decision, a failure, a harm you caused, a version of yourself you're ashamed of. Notice: how long have you been carrying this? What has it cost you?",You wouldn't keep charging a friend for a debt they already paid — so stop billing yourself for the same mistake. Today: mark one thing 'paid — lesson kept' and close the account.,"The concept of ren in Confucian and Daoist philosophy — often translated as benevolence or humaneness — was considered the highest virtue. Critically, it begins with the self: you cannot genuinely extend humaneness to others from a place of ongoing self-prosecution. The ancient teachers understood what modern psychology confirms: self-compassion is not selfishness. It is the foundation of genuine contribution.","1. Research by Kristin Neff demonstrates that self-compassion — treating yourself with the same kindness you'd offer a good friend — is associated with greater resilience, higher motivation, less depression, and stronger relationships. Crucially, self-compassion is not self-indulgence; it is a more accurate and functional relationship with imperfection.
2. Self-forgiveness research (Hall and Fincham) shows it involves three components: acknowledging the wrongdoing clearly (not minimising), experiencing appropriate remorse, and then making an active decision to extend the same compassion to yourself that you would extend to another. Without all three, 'self-forgiveness' can become either self-justification or hollow declaration.
3. Shame — 'I am bad' — is different from guilt — 'I did something bad.' Shame is associated with hiding, numbing, and more harmful behaviour. Guilt, when processed, is associated with making amends and growth. Self-forgiveness transforms shame back into processable guilt, and guilt into learning.
4. The inner critic that prevents self-forgiveness typically argues that ongoing self-punishment is a form of accountability. Research shows the opposite: chronic self-blame impairs the capacity to make genuine amends and change behaviour.","SELF-FORGIVENESS PRACTICE: In your journal, work through one thing you haven't forgiven yourself for: 1. State clearly what happened — without minimising or catastrophising. 2. Acknowledge the harm caused — to yourself or others. 3. Acknowledge the remorse genuinely — not performed guilt, but real accountability. 4. Ask: what did I learn from this? What would I do differently? 5. Now write the response from your wisest, most compassionate self — as if you were responding to a close friend who had told you the same story. What would you say to them? Share: one insight from this process — not the specific content.","Sit quietly. Bring to mind the thing you haven't forgiven yourself for. Feel the familiar weight of it. Now imagine the wisest, kindest version of yourself sitting across from you — not to excuse, but to witness. What do they say? What do they know about you that the self-prosecution has forgotten? What would it mean to accept their verdict: you are enough. You always were. You will do better. That is enough.",Write the letter you would send a close friend if they confessed to you the thing you haven't forgiven yourself for. Then read it back — to yourself.,"Once today, when self-critical thoughts arise, try: 'I acknowledge what happened. I am learning. I am enough.' Notice the physiological difference from the usual self-prosecution.",Tell one person something you've been hard on yourself about — and let them respond without fixing it. Receive their response.,Bring back: what was it like to write the letter to yourself? What did your wisest self say?,I extend to myself the same compassion I would give to someone I love. I am accountable and I am enough.,https://www.youtube.com/watch?v=IvtZBUSplr4,TED Talk: Kristin Neff on self-compassion — the most research-backed resource on self-forgiveness available. Also search 'Kristin Neff self-forgiveness' for specific talks on this topic. Runtime ~15–20 min.,,,"FADE IN: A courtroom. A person sitting in the dock — the judge, the prosecutor, and the defendant are all the same person. The trial has been running for years. VOICE: 'The prosecution has been relentless. The evidence has been heard many times.' CUT TO: A different kind of figure enters. Not to dismiss the charges. Just to say: 'You were human. You learned. The trial is over.' CUT TO: The person leaving the courtroom. Something released. VOICE: 'Self-forgiveness is not acquittal without evidence. It is the decision to stop prosecuting someone who has already learned the lesson.' FADE TO TITLE: Mindcast LIVE.","This is one of the most emotionally significant sessions of the year. Many people are carrying decades of self-judgment. The three-component process (acknowledge, remorse, compassion) is important — rushing to the compassion step without genuine acknowledgment feels hollow. Go slowly. Allow silence.",
18,Unlearn,Unlearn,Rewiring the Critic — Building the Inner Coach,The critic can be retrained into a coach — honest and kind at the same time.,Adult,Building the Better Architecture,"In Phase 1 we identified the inner critic — where it came from and what it costs. Now, in Phase 2, we do the rewiring. This is not about silencing the critical voice forever. It is about replacing it with something more functional: an inner coach who is honest, grounded, and genuinely on your side.","Think of the most effective mentor, teacher, or coach you've ever had — real or imagined. What was the quality of their inner voice toward you? How did they deliver honest feedback without destroying your confidence? That voice is the template.","Swap the heckler in your head for a good coach — same honesty, opposite tone. Today: rewrite one harsh line the way a great coach would say it.",The Daoist concept of the master teacher is instructive here: a true master does not diminish the student. They challenge them toward their actual capacity. The inner critic mistakes diminishment for challenge. The inner coach knows the difference. Building the inner coach is the practice of becoming your own true master.,"1. Research distinguishes between 'harsh negative feedback' and 'wise feedback' — feedback that conveys both high standards and confidence in the person's ability to meet them. Wise feedback produces significantly better outcomes than either harsh criticism or empty praise.
2. The inner coach is built through deliberate practice. Neuroscience of neuroplasticity (Hebb's rule: 'neurons that fire together wire together') shows that repeated practice of a new internal dialogue literally builds new neural pathways. The critic pathway weakens through disuse; the coach pathway strengthens through repetition.
3. The coach's toolkit includes: specific observation rather than global judgment, curiosity rather than condemnation, acknowledgment of difficulty alongside belief in capacity, and forward orientation ('what can I learn?') rather than backward prosecution ('how could I have been so stupid?').
4. Self-compassion is the ground from which the inner coach operates. Without it, the 'coach' quickly becomes another version of the critic — just more softly worded.","BUILDING THE COACH: For the inner critic's 5 most common statements about you, write the inner coach's response to the same situation. Use this template — Coach response: Acknowledge the difficulty (e.g. 'That was genuinely hard'), state the specific observation (not global judgment), ask a growth question (e.g. 'What can I learn here?'), and affirm forward capacity (e.g. 'You've handled harder things than this'). Practise reading the coach response aloud to yourself — notice the physiological difference. Share: what the coach says that the critic never says.","Sit quietly. Bring to mind a current challenge. Let the critic speak first — notice how it sounds, how it feels. Then, deliberately, bring in the coach. Use the template. Notice every difference — in tone, in your body, in your sense of capacity. The gap between those two voices is the rewiring opportunity.",Write a 'coach's briefing' for yourself before a challenging situation this week — the kind of preparation a truly skilled coach would give an athlete before a high-stakes moment.,"Once today when the critic fires, deliberately run the coach script instead. Even if it feels artificial at first — do it anyway. The neural pathway is built through repetition, not feeling.",Share with one person: what does your inner coach say that your critic doesn't? Ask them to reinforce the coach voice when they see you defaulting to self-criticism.,Bring back: what happened when you ran the coach script this week? What shifted?,"My inner coach is honest, grounded, and genuinely on my side. That voice gets stronger every time I use it.",https://www.youtube.com/watch?v=pN34FNbOKXc,YouTube: Carol Dweck on growth mindset and the language of coaching — search 'Carol Dweck growth mindset feedback' for talks specifically about how we talk to ourselves and others about challenges. Runtime ~15 min.,,,"FADE IN: A coach watching an athlete train. Not yelling. Watching. Taking notes. VOICE: 'The best coaches are not the loudest. They're the most honest and the most believing.' CUT TO: The athlete makes a mistake. Coach response — specific, clear, forward-looking. Not crushing. Sharpening. VOICE: 'That's the voice. That's the one you're building for yourself.' CUT TO: The athlete — later — internally coaching themselves through a hard moment. The same quality. VOICE: 'That voice is available to you. You just have to build it.' FADE TO TITLE: Mindcast LIVE.","This session is highly practical and actionable — people leave with a specific skill they can use immediately. The coach script template should be practiced in the room, not just discussed. Some people will find the coach voice feels 'fake' at first — normalise this: it IS a new neural pathway and it does feel strange before it feels natural.",
19,Unlearn,Unlearn,Breaking the People-Pleasing Pattern,Kindness from fear drains you; kindness from choice fills you. Boundaries make real generosity possible.,Adult,Reorienting the Function,"People-pleasing is rarely about kindness. It is almost always about fear — fear of conflict, rejection, disapproval, or the discomfort of being seen as inadequate. The result is a life lived in service of other people's comfort at the expense of one's own authenticity and wellbeing. This week we examine the pattern — and begin to dismantle it.",Complete this sentence: 'I find it hardest to say no to...' Now ask: is the difficulty about genuine care for that person — or about the discomfort of their potential disappointment?,Saying yes to everything is never closing any apps — your battery hits 1% by noon; a boundary is low-power mode on purpose. Today: turn one fear-'yes' into an honest 'no'.,"The Daoist concept of ziran — natural, spontaneous action arising from one's true nature — stands in direct contrast to the people-pleasing pattern. The Daoist teachers observed: when a tree grows toward its natural form, it is beautiful. When it is trained to grow in someone else's preferred direction, it survives — but at a cost. The branches that grow against the grain are where the beauty actually lives.","1. People-pleasing (also called 'fawn' response in polyvagal theory) is typically a trauma-informed behaviour — it develops in environments where approval was conditional, conflict was dangerous, or the child's needs were secondary to adult emotions. It is not a character flaw. It is a survival strategy.
2. Research on 'sociotropy' — the excessive valuing of social approval — shows strong correlations with depression, anxiety, and identity confusion. When selfhood is contingent on approval, the loss of approval becomes existential, not just uncomfortable.
3. The cost of chronic people-pleasing: inauthenticity in relationships (others don't know the real you), resentment buildup (unacknowledged needs accumulate), loss of self-knowledge (you stop knowing what you actually want), and paradoxically, lower respect from others (people-pleasers are often taken for granted).
4. Boundaries are not walls. They are the expression of values. Setting a boundary is not an act of rejection toward another person — it is an act of integrity toward yourself. Research shows that clear, respectful boundary-setting actually improves relationship quality in the long term.","THE PEOPLE-PLEASING AUDIT: In three columns: 1. Situations where you consistently say yes when you mean no (be specific). 2. What you fear would happen if you said no. 3. What the realistic outcome would actually be. For column 2: examine the fear carefully. Is it based on evidence — or on an old pattern? For column 3: distinguish between 'they might be temporarily disappointed' (usually tolerable) and 'there would be a genuine, serious consequence' (sometimes real). Share: one pattern from column 1 — without necessarily naming the specific person or situation.",Sit quietly. Think of a current situation where you're doing something out of fear of disapproval rather than genuine choice. Feel the difference between what you're doing and what you would actually choose. Notice what stops you from choosing differently — the specific fear. Now: what is the worst realistic outcome if you chose according to your actual values? And what is the cost of continuing not to?,"Write about a relationship where people-pleasing is most active. What are you protecting? What are you sacrificing? What would honest, boundaried engagement actually look like?","Practice a small, low-stakes no today — something where the consequence is mild discomfort rather than serious harm. Notice what happens before, during, and after.",Tell one person you are working on this pattern. Ask them to notice when you agree to things that don't align with your values.,Bring back: what happened when you practised the small no this week? What did you fear vs. what actually happened?,"I am not defined by other people's approval. My authenticity is a contribution, not a risk.",https://www.youtube.com/watch?v=MIte_1vcOqs,"YouTube: Search 'people pleasing fawn response psychology' or Nedra Tawwab on boundaries — practical, evidence-based content on the people-pleasing pattern and how to shift it. Runtime ~10–20 min.",,,"FADE IN: A person in rapid succession saying yes, yes, yes — to request after request. Each yes is accompanied by a small internal flinch. VOICE: 'Watch. Every single yes came from the same place — not generosity. Fear.' CUT TO: Same person, later, empty — nothing left to give because they've given it all away. VOICE: 'People-pleasing feels like kindness. It isn't. It's self-erasure with a smile.' CUT TO: Same person, practising a different word. Small. Quiet. VOICE: 'No. Not because I don't care. Because I do — including about myself.' FADE TO TITLE: Mindcast LIVE.","People-pleasing is often seen as a virtue — be clear that the session is not encouraging selfishness, but rather distinguishing between genuine care (choosing to help from a full place) and fear-based compliance (saying yes to manage anxiety). Some people will realise their entire relationship history has been shaped by this pattern. Go gently.",
20,Unlearn,Unlearn,Unlearning Scarcity — There Is Enough,"Some things (love, kindness, attention) grow when shared; scarcity is often a story, not a fact.",Adult,Uninstalling the Scarcity Operating System,"Scarcity thinking is one of the most pervasive and unexamined belief systems in contemporary life. It runs in the background of most decisions — there isn't enough time, money, love, opportunity, or worthiness to go around. This week we examine the scarcity operating system and explore what becomes possible when we uninstall it.",Complete this sentence: 'There is never enough...' What came up most quickly? Time? Money? Love? Recognition? Worthiness? That's your dominant scarcity programme.,"Kindness isn't a biscuit tin that empties — it's a candle that lights other candles and loses nothing. Today: give something away as if it multiplies, because it does.","The Daoist concept of ziran — naturalness — includes the observation that nature itself does not operate from scarcity. A tree does not ration its leaves. A river does not calculate whether there is enough water to keep flowing. The scarcity mindset is imposed, not inherent. The ancient practice was to observe nature's abundance and learn to trust it.","1. Psychologists Sendhil Mullainathan and Eldar Shafir (authors of 'Scarcity: Why Having Too Little Means So Much') showed that scarcity thinking — regardless of actual resource levels — creates a cognitive 'tunnelling' effect: the mind becomes fixated on the scarcity, crowding out broader thinking, long-term planning, and creativity. Perceived scarcity creates real cognitive impairment.
2. Brené Brown's research identified scarcity as one of the core drivers of shame culture: the belief that we are not enough, don't have enough, and that others have more. This drives comparison, competition, and the hoarding of connection, recognition, and belonging.
3. The 'abundance mindset' is not toxic positivity or denial of genuine difficulty. It is a fundamental reorientation of baseline assumption — from 'resources are running out' to 'there is generally enough, and I can be part of generating more.' Research shows this reorientation correlates with generosity, creativity, risk-taking, and life satisfaction.
4. Scarcity is often inherited — transmitted through families and cultures that genuinely experienced resource limitation. The body holds the memory of past scarcity and projects it onto current circumstances. Unlearning it is not an intellectual exercise. It is a somatic and relational practice.","SCARCITY AUDIT: In your journal, explore which domains your scarcity thinking is most active: time, money, love/connection, recognition/success, worthiness. For each active domain: What is the specific fear? Is the scarcity real and current — or is it inherited, historical, or projected? What decisions have you made from this scarcity that you wouldn't make from abundance? What would you do differently if you genuinely believed there was enough? Share: one domain where scarcity thinking runs most strongly — and one decision it has driven.","Sit quietly. Think of one area of your life where you live from scarcity. Notice how it feels in your body — the contraction, the guarding, the constant low-level calculation. Now: without dismissing any real difficulty, ask — what would it feel like to approach this same area from abundance? Not pretending everything is fine — but genuinely believing that there is enough, and that you are enough. Notice what opens.","Write about a relationship in your life where you've been operating from scarcity — guarding connection, withholding yourself, competing rather than collaborating. What would that relationship look like if you approached it from genuine abundance?",Notice one scarcity thought today — 'there isn't enough time / I'm not enough / there won't be enough.' Ask: is this actually true right now? Or is it a pattern running on old data?,Tell someone about a scarcity pattern you're unlearning. Share specifically what abundance in that area would feel and look like.,Bring back: where did you notice scarcity thinking running this week — and what happened when you questioned it?,There is enough. I am enough. And I generate more of both when I believe this.,https://www.youtube.com/watch?v=iCvmsMzlF7o,TED Talk: 'The Scarcity Trap: Why We Keep Digging When We're Stuck in a Hole' — Sendhil Mullainathan. Evidence-based exploration of how scarcity thinking shapes behaviour and cognition. Runtime ~15 min.,,,"FADE IN: A table set for one. More than enough food. But the person eats quickly, guardedly — as if it might be taken. VOICE: 'The scarcity isn't in the room. It's in the operating system.' CUT TO: Same person, years later, table set for many. Sharing freely. Laughing. VOICE: 'Nothing external changed. The programme changed.' CUT TO: Close up of hands opening rather than guarding. VOICE: 'There is enough. There has been enough for a long time. The body is just the last to know.' FADE TO TITLE: Mindcast LIVE.",Scarcity around worthiness ('I am not enough') is particularly prevalent and often connects back to Week 2 (stories we carry) and Week 9 (wounds we carry). This session can land very deep — allow adequate time for the journalling component. The distinction between genuine material scarcity and inherited/projected scarcity is important to hold carefully.,
21,Unlearn,Unlearn,The Relationships That Shaped You,We carry lessons — helpful and unhelpful — from the people who raised and marked us.,Adult,Structural Assessment,"We are relational beings. The relationships that formed us — primary caregivers, siblings, early friendships, romantic partners, authority figures — have shaped our templates for intimacy, trust, conflict, and belonging. This week we examine those templates honestly, with the goal of choosing which ones to carry forward.","Think of the relationship that has most shaped how you love, trust, and connect with others. Not necessarily your most positive relationship — the most formative one. What template did it install?","You inherited relationship 'settings' the way a phone ships with defaults — some are great, some need updating. Today: spot one default about love you want to change.","The concept of relational wisdom in ancient traditions: Confucian thought emphasised the five fundamental relationships as the basis of a well-lived life — but always with the caveat that those relationships had to be honestly examined and consciously enacted, not merely inherited and repeated. Daoist thought added: the quality of any relationship depends on the quality of the person's relationship with themselves first.","1. Attachment theory (John Bowlby, Mary Ainsworth, later Mary Main) shows that early attachment experiences create 'internal working models' — mental templates for how relationships work, how trustworthy others are, and what we must do to maintain connection. These templates run automatically in adult relationships.
2. The four attachment styles (secure, anxious, avoidant, disorganised) were formed in response to our caregivers' availability and responsiveness. They are not destiny — research consistently shows that attachment style can shift toward security through conscious relationships, therapy, and self-awareness.
3. Family systems theory (Murray Bowen) describes how individuals unconsciously repeat the emotional patterns of their family systems — including anxiety management, conflict styles, triangulation, and cutoff. These patterns often run across generations until someone becomes conscious enough to interrupt them.
4. The goal of this session is not blame — it is mapping. Understanding which relational patterns were formed, why they were adaptive at the time, and whether they are still serving you in current relationships.","RELATIONAL TEMPLATE MAPPING: In your journal, map the key relationships that shaped you: a primary caregiver, a significant early friendship or romantic relationship, an authority figure. For each: What did this relationship teach you about trust, love, conflict, and your own worth in connection? What relational patterns do you now carry that trace back to this relationship? Which of those patterns are assets? Which are limitations? Where do you see these patterns showing up in your current relationships? Share: one pattern you've identified — without necessarily naming its origin.",Sit quietly. Bring to mind a current relationship that sometimes feels confusing or difficult. Now ask: does any part of what I'm experiencing here feel older than this relationship? Is there a template running that was built for a different context? What would this relationship look like if I responded to it fresh — without the old template?,Write about one relational pattern you'd like to unlearn. Where did it come from? What function did it originally serve? What would the upgraded version look like?,Notice once today in a relationship interaction when an old template seems to be running. You don't have to change it — just see it.,Tell one trusted person about a relational pattern you're examining. Ask them if they see it showing up in your relationship with them.,Bring back: what did you notice about old templates running in your relationships this week?,I understand how I was shaped by the relationships I've been part of. I choose which templates I carry forward.,https://www.youtube.com/watch?v=WjOowWxOXCg,YouTube: Search 'attachment theory explained adults' or 'John Bowlby attachment theory animated' for accessible explainers. Also: search 'anxious avoidant attachment adult relationships' for practical content. Runtime ~10–20 min.,,,"FADE IN: A person in a difficult conversation with their partner. Something familiar about their reaction — too familiar. VOICE: 'This conversation is happening now. But that reaction was learned a long time ago.' CUT TO: Same person, earlier — a child, in an eerily similar dynamic. VOICE: 'The template was built then. It's running now — in a completely different situation.' CUT TO: The person pausing. Recognising something. Choosing a different response. VOICE: 'That pause — that recognition — that's the whole work.' FADE TO TITLE: Mindcast LIVE.","This is potentially the most psychologically rich session of Phase 2. Attachment theory can produce profound recognition and strong emotion. Keep the tone curious and compassionate — this is mapping, not blame. Some participants may need referral to a therapist to do deeper work with what emerges.",
22,Unlearn,Unlearn,Setting Down the Armour,The defences that once protected us now keep connection out; safety can become a cage.,Adult,Updating the Security System,"We all developed protective mechanisms — ways of keeping ourselves safe from vulnerability, hurt, and rejection. Those mechanisms were often necessary once. But armour that once protected you can become a prison. This week we examine what we're defended against, what the defence is costing us, and what becomes possible when we begin to set it down.",What is your most reliable piece of emotional armour — the strategy you go to most reliably when you feel vulnerable? Humour? Intellectualising? Disappearing? Overworking? Aggression? Agreeing too quickly?,"The armour that got you through school now sets off the metal detector at the hug. Today: lower one piece of armour — sarcasm, busyness, control — with one safe person.","The Daoist concept of rou — softness, yielding, flexibility — is consistently described as the ultimate form of strength. 'The softest things in the world overcome the hardest things in the world.' The armoured surface resists but eventually cracks. The yielding surface absorbs and sustains. Setting down the armour is not weakness — it is the deeper form of strength.","1. Brené Brown's research on 'vulnerability armour' identified the most common defensive strategies: perfectionism (if I'm perfect, they can't criticise me), numbing (if I don't feel, I can't be hurt), cynicism (if I expect nothing, I won't be disappointed), and 'cool' detachment (if I don't care, it can't hurt me). Each of these once served a protective function.
2. The cost of chronic armour: it prevents genuine intimacy (you cannot be truly known if you are always defended), it maintains a constant low-level stress response (the body does not distinguish between defensive vigilance and genuine threat), and it prevents the access to joy, wonder, and connection that require vulnerability.
3. Vulnerability researcher Brené Brown's counterintuitive finding: vulnerability is the birthplace of connection, creativity, courage, and innovation. The things humans most desire are accessed through the thing humans most protect against.
4. Setting down the armour is a gradual practice, not a single event. It begins with identifying the armour, understanding what it was built against, and creating enough internal safety to begin choosing openness in low-risk situations.","ARMOUR AUDIT: In your journal, map your primary armour pieces: What is my main defensive strategy when I feel vulnerable? What specific situations reliably trigger it? What was the original threat this armour was built against? What does it protect me from now — and what does it also block that I actually want? What would I need to feel safe enough to set it down, even temporarily, in one low-risk situation? Share: one armour piece and what it costs you.","Sit quietly. Bring to mind a relationship or situation where your armour shows up reliably. Feel the familiar quality of being defended — the distance it creates, the energy it requires. Now: without collapsing the boundary, imagine setting the armour down for a moment. Not permanently. Not completely. Just enough to let someone see something real. What happens in your body when you imagine that? What are you most afraid of?",Write about what you most protect yourself from feeling or showing. What is the most realistic 'worst case' if that protection came down — and what is the most realistic 'best case'?,Choose one low-risk relationship or situation this week where you deliberately set a small piece of armour down — let something real show. Notice what happens.,Tell one person about a defensive strategy you're examining. Let them respond — and receive the response without retreating.,Bring back: what happened when you set a small piece of armour down this week?,I am strong enough to be soft. I choose openness not because danger has disappeared but because connection is worth the risk.,https://www.youtube.com/watch?v=iCvmsMzlF7o,TED Talk: 'The Power of Vulnerability' by Brené Brown — the foundational research on armour and what lies on the other side of it. Runtime ~20 min.,,,"FADE IN: A person in full emotional armour — performing fine, managing perfectly, keeping everything at a safe distance. VOICE: 'The armour works. Nobody gets close enough to hurt them.' CUT TO: The same person — alone. Connection at a distance. Always safe. Always separate. VOICE: 'The armour worked too well.' CUT TO: One moment — one small piece set down. Terrifying. Real. Someone stepping closer. VOICE: 'The risk isn't that someone will hurt you. It's that they won't — and you'll finally have to stop running.' FADE TO TITLE: Mindcast LIVE.",The armour session is often the one where people cry. That is appropriate — the armour has often been up for decades. Go slowly. Never push anyone to be more vulnerable than they are ready to be. Model the approach yourself as a facilitator: let something real show in how you hold the room.,
23,Unlearn,Unlearn,Grief and Growth — What Endings Make Possible,Endings are not only loss; they clear the ground for what comes next.,Adult,Completing the Close,"Grief is not only about death. It is the appropriate response to any genuine loss — of a relationship, an identity, a version of your future, a belief that no longer holds. Most of us have been taught to get through grief quickly rather than move through it honestly. This week we honour what grief actually is — and what becomes possible on the other side.","What is something you've lost — a relationship, a life chapter, a version of yourself, a dream — that you haven't fully grieved? Not because the loss wasn't real, but because there wasn't space, or permission, or understanding of what grief actually requires.","Winter looks like the tree died, but it's just clearing the branches for spring. Today: name what an ending has quietly made room for.","The concept of wu wei — not forcing, flowing with what is — applies directly to grief. Ancient wisdom traditions did not seek to eliminate grief. They created containers for it: mourning rituals, community witness, periods of designated sorrow. The container was not there to extend the grief indefinitely — but to ensure it was fully moved through, not skipped over.","1. Grief researcher David Kessler (who worked with Elisabeth Kübler-Ross) has identified a sixth stage of grief beyond acceptance: meaning-making. The capacity to find meaning in loss is one of the strongest predictors of post-traumatic growth — the paradoxical phenomenon in which people report becoming stronger, more compassionate, and more alive following significant loss.
2. Research on 'complicated grief' shows that grief becomes prolonged and problematic when it is either suppressed (not moved through) or when there is insufficient social support to hold the grieving person. The solution is not more time — it is more honest engagement with what was lost.
3. Ungrieved losses tend to emerge sideways — as depression, as numbing, as disproportionate reactions to current situations, as difficulty connecting in relationships. The body carries what the mind has not acknowledged.
4. Growth through loss requires what researcher Richard Tedeschi calls 'deliberate rumination' — actively processing the meaning of the loss rather than avoiding it. This is different from stuck rumination (replaying without processing). It is the act of finding what the loss contains.","GRIEF AND GROWTH INVENTORY: In your journal, explore a loss you haven't fully grieved. Work through: What was lost — be specific and honest? What did that thing represent to you (identity, hope, belonging, safety)? What have you done instead of grieving it (numbed, kept busy, minimised, intellectualised)? What would fully honouring this loss require — what would genuine acknowledgment look like? And: what has this loss — or the process of beginning to grieve it — made possible, or is beginning to make possible? Share: one loss you are beginning to move through more honestly.","Sit quietly. Bring to mind something you've lost that you haven't fully honoured. Allow yourself — for just a few minutes — to feel the full weight of what it meant. Don't fix it. Don't reframe it. Just feel it. Then: when you're ready, ask — what is this loss asking you to become? What does the space it's left create room for?","Write a letter to something or someone you've lost — thanking it, honouring it, and consciously saying goodbye.","Allow yourself one grief moment this week — not performed, but real. A few minutes to acknowledge what was lost and what it meant.","Tell one person about a loss you're still carrying. Let them simply witness it — no advice, no fixing, just witnessing.",Bring back: what was it like to write the goodbye letter? What shifted?,"I honour what I have lost. And in that honouring, I make space for what is coming.",https://www.youtube.com/watch?v=khkJkR-ipfw,YouTube: David Kessler on the sixth stage of grief — meaning-making after loss. Search 'David Kessler sixth stage grief meaning' for his talks. Also: search 'post-traumatic growth research' for wider context. Runtime ~15–20 min.,,,"FADE IN: An empty chair at a table. An unused coffee cup. Something that is simply no longer there. VOICE: 'Some losses are so ordinary nobody names them. And they go ungrieved.' CUT TO: A person, finally, sitting with what's gone. Not collapsing. Just witnessing. VOICE: 'Grief isn't a failure to cope. It's the price of having loved something real.' CUT TO: Same person, later. Something new growing in the space. Different. But growing. VOICE: 'What endings make possible — you can't see it until you stop running from them.' FADE TO TITLE: Mindcast LIVE.","CRITICAL: Grief sessions can activate deep and sometimes unexpected material. Ensure the room is safe and unhurried. Have tissues and a quiet space available. Acknowledge at the start that 'loss' here is broad — relationships, identities, life chapters, not only death. Have grief counselling referral resources available.",
24,Unlearn,Unlearn,Rewiring Fear — From Threat to Signal,"Most fear is 'burnt toast', not fire; the body's alarm can be read as information, not command.",Adult,Calibrating the Threat Sensor,"Fear is not the problem. Fear is information. But most of us have fear responses that are miscalibrated — firing at situations that don't warrant the intensity, categorising opportunity as threat, treating discomfort as danger. This week we examine our fear responses, understand their origins, and begin the rewiring.","Name a fear that significantly shapes your choices. Now: is this fear about genuine, present-day danger — or about the possibility of discomfort, judgment, failure, or uncertainty?","Most alarms in your head are burnt toast, not a house fire — the smoke detector just can't tell the difference. Today: label one fear 'burnt toast' and open a window instead of running.","The ancient practices of sitting with discomfort — meditation, fasting, cold exposure, ritual endurance — were never about punishment. They were about distinguishing real threat from discomfort, and building the nervous system's tolerance for the unknown. The Daoist master sat with uncertainty as a practice — not because certainty was unavailable, but because the capacity to act in uncertainty was worth cultivating.","1. The brain's threat detection system (the amygdala) cannot effectively distinguish between actual physical danger and perceived social or psychological threat. Public speaking activates the same physiological alarm as a predator. Rejection triggers the same neural pain pathways as physical injury. The system is doing its job — but at an intensity designed for life-or-death situations, applied to lunch meetings.
2. Fear researcher Lara Boyd's neuroplasticity research confirms: the fear response is one of the most malleable neural patterns available. Through repeated exposure and cognitive reappraisal (deliberately reconceptualising the threatening stimulus), the amygdala's threat response to specific stimuli can be significantly reduced.
3. The distinction between 'danger' and 'discomfort' is the core rewiring distinction: genuine danger (physical threat, serious harm) warrants the full fear response. Discomfort (uncertainty, judgment, failure, change) does not — and treating discomfort as danger prevents growth, connection, and full living.
4. Avoidance of fear is the single strongest reinforcement of fear. Every time you avoid a feared situation, the brain's threat assessment of that situation increases. Gradual, voluntary exposure — approaching the feared thing in manageable increments — is the only mechanism that reduces fear long-term.","FEAR AUDIT: Map your significant fears in two columns. Column 1: 'Genuine danger' fears (realistic threats that warrant the alarm). Column 2: 'Discomfort disguised as danger' fears (situations that are uncomfortable, uncertain, or risky but not genuinely dangerous). For Column 2 fears: What would happen if you moved toward this thing rather than away from it? What have you missed or avoided because of this fear? What's the smallest possible step toward it? Share: one Column 2 fear and what avoiding it has cost you.",Sit quietly. Bring to mind a Column 2 fear — something that isn't genuinely dangerous but that you've been treating as if it were. Feel the alarm in your body. Now: name what it actually is. 'This is discomfort. This is uncertainty. This is the fear of judgment. None of these will kill me. I can move through this.' Notice what happens in the body when you make that distinction clearly.,Write about one significant fear that has shaped your choices. Be honest about what it has cost you to avoid the feared thing. Then write: what would you do if this fear were calibrated accurately — as discomfort rather than danger?,Walk toward one small Column 2 fear today. Not the biggest one. The smallest accessible one. Report what you notice.,Tell one person about a fear you're rewiring. Ask them to notice when you avoid it — and to gently call it out.,Bring back: what happened when you walked toward the small fear? Fear prediction vs. actual experience?,Fear is information. I distinguish danger from discomfort — and I walk toward discomfort.,https://www.youtube.com/watch?v=RcGyVTAoXEU,TED Talk: Search 'fear vs discomfort psychology talk' or Susan Jeffers 'Feel the Fear and Do It Anyway' for evidence-based content on fear rewiring. Also: search 'amygdala hijack fear response' for the neuroscience. Runtime ~15 min.,,,"FADE IN: A person stopped at a threshold — job application unsent, conversation unhad, opportunity untaken. VOICE: 'The alarm is sounding. It sounds like danger.' CUT TO: Close up of what's actually behind the threshold — a conversation, a possibility, a beginning. VOICE: 'But it's not danger. It's discomfort. They feel the same. They are not the same.' CUT TO: Person, breathing deliberately, stepping through. Not comfortable. But moving. VOICE: 'Fear miscalibrated is a prison. Fear accurately read is a compass.' FADE TO TITLE: Mindcast LIVE.",This session complements Phase 1 Week 3 (Pattern Interrupt) — revisit that material if helpful. The Column 2 fear category is often a revelation. Ensure the distinction is clear: this is not about suppressing fear or being reckless. It is about accurate calibration and voluntarily expanding the window of tolerance.,
25,Unlearn,Unlearn,The Stories That No Longer Serve,An old narrative can be honoured for protecting you — and then rewritten.,Adult,Writing the Upgrade,"In Phase 1 we identified the stories we carry. Now, in the final weeks of Phase 2, we do the unlearning. Not all stories can be released immediately — but some of them are ready. This week we identify which stories have passed their use-by date — and practise the deliberate, conscious act of writing a new one.",Think of a story about yourself that you've been carrying since Phase 1. Now ask: has anything shifted in how you hold that story over the past 12 weeks? Even slightly — has the story loosened?,An old story is a saved route on your maps app that no longer goes where you live. Today: delete one outdated 'I always…' and set a new destination.,"The Daoist concept of transformation — hua — describes the natural process of change as intrinsic to all living systems. A thing that cannot transform dies. The capacity to release old stories and author new ones is not just a psychological practice — it is the expression of a living, growing system doing exactly what it was designed to do.","1. Narrative identity research (Dan McAdams) shows that the stories we tell about ourselves — the personal narrative we construct about who we are and how we got here — directly shape our sense of agency, meaning, and wellbeing. Crucially, these narratives are not fixed — they are revised, reauthored, and updated throughout life.
2. 'Narrative repair' (the therapeutic process of examining and revising limiting self-narratives) is one of the most evidence-based approaches to lasting psychological change. It doesn't require denying what happened — it requires expanding the interpretation of what happened and its implications.
3. Research by James Pennebaker on expressive writing shows that writing about one's own narrative — particularly reframing events — produces measurable improvements in physical health, immune function, and psychological wellbeing.
4. A new story is not a denial of the old one. It is a more complete, more current, and more author-led version of the same material. The events happened. The meaning is being revised.",STORY REVISION: Choose one significant limiting story you've been carrying. Write the current version — the way you've been telling it. Then rewrite it from a more complete perspective: What context have you excluded from the story? What strengths or capacities did you develop in response to the difficult parts? What does the full story — including hardship AND growth — actually show about who you are? What would the new story enable that the old story prevents? Share: the ending of the new story — what it now makes possible.,"Sit quietly. Hold the old story. Feel its weight — the way it has defined you, the choices it has closed. Now: begin to read the new version. Not pretending the hard parts didn't happen — but seeing them in a larger frame, one in which they are part of a story about someone who survived, grew, and is still becoming. What is different about who you are in the new story?",Write the final line of your old story. Then write the opening line of the new one.,"Tell someone the new story — not as a performance, but as a genuine attempt to live from it for one week. Notice how it changes what you do.",Ask one person who knows you well: 'What would you say the story of my life is really about?' Listen to their answer.,Bring back: what was it like to tell the new story? Did it change anything?,"I am the author of my story. I write from what is most true, most mine, and most alive.",https://www.youtube.com/watch?v=D9Ihs241zeg,TED Talk: 'The Power of Vulnerability' by Brené Brown — or search specifically 'Dan McAdams narrative identity talk' for the direct research on personal narrative and identity. Runtime ~15–20 min.,,,"FADE IN: An old book — worn, marked, familiar. VOICE: 'You know this story. You've told it so many times it feels like fact.' CUT TO: The person reading it — recognising how the story is shaping their choices, today. VOICE: 'But facts don't need telling. Stories do. And the author — the author is still alive.' CUT TO: The person picking up a pen. Not erasing the old pages. Opening a new chapter. VOICE: 'That's all it takes. New chapter. New author. Same person — finally telling the whole story.' FADE TO TITLE: Mindcast LIVE.",This session is one of the most practically powerful of the year — revisit and build on everything from Phase 1 Week 2. Give generous time for the writing exercise. The distinction between 'denial' and 'more complete narrative' is important to hold carefully.,
26,Unlearn,Unlearn,Integration — What We Have Released,"Phase 2 close: you have set down permission-seeking, resentment, armour, and stale stories.",Adult,Cleared Ground,"Thirteen weeks of unlearning. Phase 2 closes with integration — taking stock of what has been released, what has been rewired, and what you're carrying into Phase 3 lighter than you arrived. This is not a summary. It is a ceremony of release — and a threshold into rebuilding.","If you had to name the three most significant things you've released or loosened in Phase 2 — what are they? Not what you've fixed or solved. What you've set down, loosened, or begun to move through.","You've cleared a pile of old apps clogging the phone — permission-seeking, resentment, armour. Today: notice how much lighter and faster you run without them.",The Daoist concept of returning to the source — gui gen — describes the deepening of roots before new growth. You cannot build upward without going deeper first. Phase 2 has been the root work. Phase 3 is the growth that roots make possible.,"1. The neuroscience of habit and neural pathway formation confirms: releasing old patterns is not about willpower — it is about building new pathways while allowing old ones to weaken through disuse. Phase 2 has been the dual process: identifying what no longer serves AND beginning to practise alternatives.
2. Research on post-traumatic growth (Tedeschi and Calhoun) shows that the period of integration — when growth is consolidated and a new life narrative is emerging — is characterised by: increased appreciation for life, greater personal strength, new possibilities, improved relationships, and spiritual/existential enrichment. These are the fruits of honest unlearning.
3. Integration is not completion — it is consolidation. What has been released is genuinely released. What has been loosened needs continued practice. What has been named can now be actively worked with. The work does not end — but its character changes.
4. Phase 3 (Rebuild) will work with: identity, values, new habits, chosen relationships, and contribution. It builds on what has been cleared. The clearer the ground, the stronger the build.","RELEASE CEREMONY: In your journal, write — or if the group is willing, read aloud — a release statement for Phase 2. Include: what you arrived with that you are setting down, what has shifted in how you see yourself, what you are moving into Phase 3 carrying, and one genuine commitment for the rebuild. If the group is willing: share one item from your release statement — witnessed in silence by those around you. Then: a moment of deliberate silence together. Acknowledge what has been done.","Sit in silence for 5 minutes. Cast your awareness across the 13 weeks of Phase 2. Notice — not what happened, but what lightened. What you no longer grip as tightly. Where there is more space than before. Place your hand on your heart. Acknowledge the work. Acknowledge the courage it takes to release. That courage is yours.",Write a letter to the version of you who began Phase 2 — thirteen weeks ago. What do you want them to know? What have you released that they were still holding?,Revisit Week 14 journal entries — what has shifted between the beginning and end of Phase 2?,Tell someone who isn't in this group: 'I've been doing some deep work on releasing things that no longer serve me. One thing that's genuinely lighter is...' Notice what it feels like to own that.,Come to the final Phase 2 session ready to share your release statement — or one line from it.,I have released what no longer serves me. I arrive at Phase 3 with cleared ground and an open hand.,https://www.youtube.com/watch?v=sPOuCd6cBao,"YouTube: 'This Is Water' — David Foster Wallace animated. One of the most profound short pieces of content on awareness, choice, and the ongoing work of conscious living. Runtime ~9 min.",,,"FADE IN: Series of images — the armour being set down, the resentment released, the story revised, the fear named, the grief moved through. Quick, layered. VOICE: 'Thirteen weeks of letting go.' CUT TO: Person at a threshold — lighter. Actually lighter. VOICE: 'You cannot build well on uncleared ground. Now the ground is clearer.' CUT TO: A new door. Different from Phase 1's door. Wider. Lighter. Opening. VOICE: 'Phase 3 begins. And you are ready to build.' FADE TO TITLE: Mindcast LIVE — Phase 3: Rebuild.","Create ceremony for this closing — as with Phase 1 Week 13, this deserves ritual. The release statement read aloud in witnessed silence is one of the most powerful moments of the year. Ensure the transition to Phase 3 carries genuine anticipation — the group has done extraordinary work. Honour it fully.",
27,Rebuild,Rebuild,Who Are You Now? — Rebuilding Identity,Identity can be built on chosen qualities and values rather than inherited labels.,Adult,Configuration Begins,"Having released much of what was inherited, imposed, or outdated in Phase 2, the question that opens Phase 3 is genuinely new: who are you now? Not the story you were given, not the role you were assigned — but the person currently standing on cleared ground, with the ability to consciously author what comes next.","If someone who didn't know your history — didn't know what you'd done, what roles you'd played, what others had said about you — met you today, what would they discover? Who actually shows up when the performance and the history are set aside?","Instead of the labels stuck on you like airport baggage tags, you get to pack your own bag. Today: choose the three qualities you're building yourself from.","The Daoist concept of ziran — naturalness, authentic self-expression — describes an identity that arises from within rather than being imposed from without. This is not the identity you were given. It is the identity you discover through honest living, through released patterns, through the choices you make when the noise has quieted enough to hear something true.","1. Identity is not fixed — it is an ongoing narrative construction (Dan McAdams) that can be deliberately revised, expanded, and authored. Research shows that people who actively engage in identity revision following major life transitions report significantly higher wellbeing, greater sense of purpose, and stronger relationships.
2. The concept of 'identity capital' (James Côté) — the resources, experiences, and characteristics that constitute a strong, coherent identity — is built through deliberate engagement rather than passive absorption. In Phase 3, we are building identity capital intentionally.
3. Research on values-based identity (Steven Hayes, ACT therapy) shows that people who live from explicitly chosen values — rather than inherited or fear-based motivations — report greater psychological flexibility, reduced anxiety, and higher life satisfaction.
4. The rebuilt identity is not a fixed destination. It is a set of living principles — values, commitments, ways of being — that generate choices, relationships, and actions that are genuinely aligned with who you are becoming.","IDENTITY INVENTORY: In your journal, complete these prompts from a fresh perspective — not from your history, but from your current experiencing: 'When I am most alive, I am...' / 'The qualities I most want to embody are...' / 'What I am building toward is...' / 'The person I am becoming believes...' / 'What feels most true about who I am right now is...' Now look at what you've written. Does it match how you're currently living? Where is the greatest alignment? Where is the greatest gap? Share: one quality from your identity inventory that you want to build toward.","Sit quietly. Arrive at this moment — not as your history, not as your roles, not as your patterns. Just as the person breathing in this room right now. Who is that? What do they care about? What do they love? What are they becoming? Stay with the question without rushing to answer it. The identity being rebuilt is found in sitting with this question honestly.","Write a 'living biography' of yourself — not what has happened, but who you are in terms of values, qualities, and direction. Write it in present tense, as if it's already true.","Live from one quality in your identity inventory today — something you said you are, or want to be. Notice what it changes.",Tell one person: 'Something I'm building in myself right now is...' Let yourself own it out loud.,Bring back: what happened when you lived from the identity quality you named? What felt true?,"I am the author of who I am becoming. I build from values, from clarity, and from honest self-knowledge.",https://www.youtube.com/watch?v=iG9CE55wbtY,TED Talk: 'Why You Should Define Your Fears Instead of Your Goals' by Tim Ferriss — about moving from fear-driven identity toward values-driven identity. Also search 'Dan McAdams narrative identity' for the research. Runtime ~13 min.,,,"FADE IN: A person standing in a cleared space — the old furniture of their identity gone, walls freshly painted. VOICE: 'The old configuration has been cleared. The question now is not what to hold onto — but what to build.' CUT TO: Person at a workbench — not with inherited blueprints, but with their own materials, their own design. VOICE: 'This is the identity you author. Not the one you inherited. Not the one that was shaped by fear.' CUT TO: First intentional act. Something small. Completely genuine. VOICE: 'That is who you are becoming. Begin from there.' FADE TO TITLE: Mindcast LIVE.","This is one of the most energising sessions of the year — after two phases of looking and releasing, the rebuild feels genuinely exciting. Keep the identity inventory fresh and forward-looking — resist the pull back into history. The 'who are you without your story?' question can be profoundly disorienting and liberating simultaneously.",
28,Rebuild,Rebuild,What Do You Actually Value?,Values are the compass beneath goals; naming them makes decisions clearer.,Adult,Setting the Priority Hierarchy,"Values are not what we say we believe — they are what we demonstrate through our choices, our time, and our energy. Most people have never explicitly identified their core values. Most people's lives are organised around values they absorbed — approval, security, success — rather than values they chose. This week we get explicit.","Make a quick list: what do you say your values are? Now check: how much of your time, energy, and money last week actually reflected those values? The gap between stated and lived values is the most important diagnostic tool available.",Values are your GPS 'home' setting — every turn is easier once it's locked in. Today: name your true-north value and check one recent decision against it.,"The Confucian tradition placed values — ren (benevolence), yi (righteousness), li (ritual propriety), zhi (wisdom), xin (integrity) — at the centre of the well-lived life. Not as abstract ideals but as living practices, tested and refined daily. The Daoist tradition added: values that are genuine arise naturally from the person's authentic nature. Forced values are performance. Chosen values are life.","1. Values research (Shalom Schwartz, cross-cultural) identified ten universal value dimensions, including: self-direction, stimulation, hedonism, achievement, power, security, conformity, tradition, benevolence, and universalism. Research shows that which values we prioritise predicts life choices, relationship patterns, and psychological wellbeing more strongly than almost any other factor.
2. 'Values clarification' (a core tool in ACT therapy) asks not what you believe in abstractly, but how you want to act in the world — what kind of person you want to be in your relationships, work, community, and with yourself. This reframes values from beliefs to actions.
3. Research consistently shows that living in alignment with explicitly chosen values — even when it requires short-term sacrifice — produces higher wellbeing, greater resilience, and stronger sense of meaning than living in alignment with externally rewarded behaviours (status, approval, security).
4. Value conflicts are the source of most persistent internal distress. When two values compete — freedom vs. security, achievement vs. connection — and the conflict is unacknowledged, it produces chronic low-grade suffering. Naming and prioritising helps.","VALUES EXCAVATION: In your journal, work through these steps. First, list everything that you would say you value. Then: for each item, ask — is this genuinely mine, or inherited? Is it a means (to get something else) or an end (valuable in itself)? Narrow to your top 5 genuine, chosen values. For each, write: how would my life look different if I lived this value fully? Where am I most and least aligned with it right now? Finally: rank them. When they conflict — and they will — which wins? Share: your top three values and one place they currently show up in your life.","Sit quietly. Ask yourself: if my life were a clear expression of my most important values — what would it look like? Not a fantasy — a realistic, lived expression. What is present in that life that isn't fully present now? What is absent from that life that is currently consuming energy? The gap between where you are and that life is the design brief for Phase 3.","Write a personal values statement — not a list, but a paragraph describing the kind of person you are choosing to be, through the lens of your top values. Make it something you could actually live from.","Make one decision today explicitly from your top value — not habit, not fear, not approval-seeking. Just the value. Notice what it feels like.",Share your top three values with someone who knows you well. Ask them if they see those values in how you currently live. Receive the answer honestly.,Bring back: where did you live most fully from your values this week — and where did you notice the gap?,"My values are mine — chosen, explicit, lived. They are the architecture of how I build.",https://www.youtube.com/watch?v=jHeeHg_MXNE,YouTube: Search 'values clarification ACT therapy Steven Hayes' or 'knowing your values psychology' for evidence-based content on values-based living. Also: search 'Russ Harris ACT values talk' for highly accessible content. Runtime ~15 min.,,,"FADE IN: Two people making identical choices on the surface — same decision, same action. VOICE: 'They did the same thing. But only one of them knew why.' CUT TO: One person — drained, slightly resentful, slightly empty. The other — energised, clear, at ease. VOICE: 'Same action. Different source. The difference is values.' CUT TO: Person sitting with their values list, making one genuinely aligned choice. VOICE: 'Every aligned decision is a vote for the person you are becoming.' FADE TO TITLE: Mindcast LIVE.","The stated vs. lived values gap exercise is often a significant reveal — many people discover they are living primarily from values they would not consciously choose. Hold space for the discomfort of that recognition. The values ranking exercise (when they conflict, which wins?) generates the most productive discussion.",
29,Rebuild,Rebuild,The Habits That Build You,"Identity change is built by small daily practice, not a single dramatic leap.",Adult,Installing the New Architecture,"In Phase 1 we mapped existing habits. In Phase 3 we build new ones — deliberately, from identity, aligned with values. Not willpower-based habits that exhaust and fail, but identity-based habits that compound quietly into the person you are becoming. This is where the rebuild becomes daily.",Think of one habit — something you do or don't do regularly — that is most misaligned with the person you said you want to become in Week 27. What's the gap between the habit and the identity? What single small shift would start to close it?,You don't get fit from one epic gym session — you get fit from showing up small and often; identity works the same. Today: pick the 1% habit you'll repeat like brushing your teeth.,"The Daoist concept of small, consistent alignment — rather than dramatic, exhausting effort — is the most durable form of change. 'The journey of ten thousand miles begins with one step.' Not the right conditions, not the perfect system, not enough confidence — just the one step. Then the next. Then the pattern, forming like a path.","1. James Clear's atomic habits research shows that 1% improvements compound to extraordinary results over time — but more importantly, that identity-based habits ('I am the kind of person who...') are significantly more durable than outcome-based habits ('I want to lose weight'). Identity generates behaviour; goals only direct it.
2. The habit stack principle: new habits attach most successfully when anchored to existing habits. 'After I make my morning coffee, I will write three things I'm grateful for.' The existing habit provides the cue; the new habit follows naturally.
3. Research on habit formation (Phillippa Lally, UCL) shows the average time to automaticity is 66 days — not 21 as commonly claimed. The first three weeks are the hardest; after that, friction reduces significantly.
4. Environment design is more powerful than willpower for habit formation. Making the desired behaviour the path of least resistance — putting the book on the pillow, the running shoes by the door, the journal on the desk — outperforms motivation and discipline across virtually all research.","HABIT ARCHITECTURE: Choose three habits you want to install — one per domain: mind (thinking/learning), body (physical), relationship (connection). For each: State the identity it expresses ('I am the kind of person who...'). Define it in its smallest possible form — what is the minimum viable version that still moves the needle? Identify the habit stack anchor — what existing habit will it follow? Design the environment — what change to your physical space will make this easier? Set the success measure — not perfection, but minimum threshold. Share: your minimum viable habit for one domain.","Sit quietly. Think about the small daily habits of the person you described yourself as becoming in Week 27. Not dramatic gestures — daily practice. What does that person do in the first hour of their morning? How do they treat their body? What do they prioritise with their attention? Those habits are available to you — not all at once, but one at a time, starting now.","Design your three-habit architecture in writing. Make it specific, small, anchored, and environmentally supported.","Start ONE of your three habits today — just the minimum viable version. No more than 5 minutes. The point is showing up, not performing.",Tell one person your identity-based habit — 'I am the kind of person who...' and the habit it generates. Ask them to hold you to it.,Bring back: how many days did you show up for your minimum habit? What got in the way — and what helped?,"I build who I am becoming through small, consistent daily practice. Every repetition is a vote for that identity.",https://www.youtube.com/watch?v=W1eYrhGeffc,YouTube: James Clear on atomic habits and identity-based change — widely available and directly relevant. Also: search 'BJ Fogg tiny habits TED Talk' for the minimum viable habit approach. Runtime ~15–20 min.,,,"FADE IN: A person making one small change — five minutes of journalling before breakfast. Day 1. Then Day 5. Then Day 30. Nothing dramatic. VOICE: 'They didn't change their life. They changed one small pattern.' CUT TO: 90 days later. The habit is automatic. Something has compounded. The person is visibly different — not from one dramatic moment, but from thousands of small ones. VOICE: 'Identity is not declared. It is demonstrated — one habit at a time.' FADE TO TITLE: Mindcast LIVE.",This is one of the most practically valuable sessions of the year — spend generous time on the habit architecture exercise. The minimum viable habit concept often surprises people ('it's so small — can it actually work?'). Explain the identity mechanism: the small act is a vote. The votes compound.,
30,Rebuild,Rebuild,Your Body as Foundation,"Sleep, movement, food, and calm are the base the whole self is built on.",Adult,The Hardware Layer,"The body is not the vehicle that carries you through your personal development journey — it IS the journey. Sleep, movement, nourishment, and breath are not the lifestyle habits you'll get to once the important work is done. They are the substrate of every other capacity: attention, emotional regulation, resilience, creativity, and connection all run on physiological hardware.","Rate yourself honestly in four areas on a scale of 1–10: sleep (quantity and quality), movement (frequency and variety), nourishment (how well you actually feed yourself), nervous system regulation (capacity to return to calm after stress). What does this tell you about the foundation you're building on?","Your body is the phone the whole day runs on, and sleep, movement, food and calm are the four charging cables. Today: plug in the one that's most drained.","The ancient mind-body traditions were never body practices with a spiritual dimension, or spiritual practices with a physical component. They were one thing: the understanding that consciousness and physicality are not separate. Qigong, yoga, tai chi, meditation — all are practices of the integrated whole. The rebuild honours the whole.","1. Sleep research (Matthew Walker) is unequivocal: insufficient sleep impairs every human faculty — emotional regulation, decision-making, memory consolidation, immune function, and longevity. It is the single highest-leverage physiological intervention available, and the most commonly neglected.
2. Movement research shows that regular physical activity is as effective as antidepressants for mild-to-moderate depression, significantly improves cognitive function and neuroplasticity, and is one of the strongest predictors of healthy ageing. The dose needed is remarkably low — 150 minutes of moderate activity per week produces most of the benefit.
3. The gut microbiome research (Mayer, Cryan) is demonstrating bidirectional gut-brain communication that influences mood, anxiety, and cognitive function. What we eat shapes how we think and feel at a physiological level that most people dramatically underestimate.
4. Nervous system regulation — the capacity to move between arousal states with some degree of volition — is trainable. Breath practices (particularly extended exhale breathing) have the strongest evidence base for directly modulating the autonomic nervous system toward parasympathetic (rest and recover) activation.","BODY FOUNDATION AUDIT: For each of the four areas (sleep, movement, nourishment, nervous system), write: current state honestly, what the gap is between current and what you know you need, and one specific, small change that would most move the needle. Prioritise — which of the four is most foundational for everything else? That one comes first. Share: your highest-leverage body foundation change and the specific small version of it.","Sit quietly. Take three slow breaths — longer exhale than inhale. Notice what shifts in your body in 30 seconds of deliberate breathing. This is one of the most direct tools available for nervous system regulation — and it costs nothing, takes 30 seconds, and works immediately. The body is more responsive than we've been taught.","Write a 'body foundation protocol' — your non-negotiable minimums for sleep, movement, nourishment, and regulation this week. Make it realistic, not aspirational.",Implement one body foundation habit today — the smallest possible version. If it's sleep: go to bed 15 minutes earlier. If it's movement: take a 10-minute walk. If it's regulation: three extended exhale breaths before any stressful moment.,Tell one person about your body foundation priority. Ask them about theirs — and share what you each notice about the connection between physical state and everything else.,"Bring back: what happened when you prioritised your body foundation this week? What changed in your energy, mood, or capacity?",My body is not separate from my growth. It is the ground it grows from.,https://www.youtube.com/watch?v=5MuIMqhT8oY,"YouTube: 'Sleep is Your Superpower' by Matthew Walker — the most important sleep research available, presented accessibly. Runtime ~19 min. Also: search 'exercise antidepressant research' for the movement evidence base.",,,"FADE IN: A phone at 2% battery — everything slowing, everything struggling. VOICE: 'This is most people's physiological baseline. Not broken. Just not charged.' CUT TO: Same phone, charging — slowly coming back to full. VOICE: 'Sleep. Movement. Nourishment. Breath. These are not extras. They are the charge.' CUT TO: Person making one small body foundation change. Nothing dramatic. Just consistent. VOICE: 'The rebuild starts with the hardware. Always.' FADE TO TITLE: Mindcast LIVE.","Approach this session with warmth and zero judgment — most adults are chronically under-resourced physiologically and many feel shame about it. The key insight is that body care is not a luxury or a sign of having it together — it is the substrate everything else runs on. Start with sleep, which has the highest leverage of all.",
31,Rebuild,Rebuild,The People You Choose,Relationships are the strongest predictor of a good life; choose the garden you grow in.,Adult,Designing the Social Environment,"You are a relational being. The people you spend the most time with are not just company — they are a constant source of input that shapes your nervous system, your beliefs, your ambitions, and your sense of what is possible. Rebuilding means becoming intentional about that input.",Think of the five people you spend the most time with. What does each one bring into your nervous system — expansion or contraction? Energy or depletion? Who you are becoming — or who you've been?,"You become the average of your five most-opened contacts. Today: pick one relationship to open more, and one notification to turn down.",The concept of sangha — the community of like-minded practitioners — is one of the three jewels in Buddhist tradition (alongside the teaching and the practice itself). The Daoist tradition emphasises learning from those whose nature is aligned with yours. Neither tradition considered the social environment incidental to growth. Both considered it foundational.,"1. The famous Jim Rohn observation — 'You are the average of the five people you spend the most time with' — has a genuine empirical basis. Nicholas Christakis and James Fowler's research demonstrated that behaviours, emotions, and beliefs spread through social networks up to three degrees of separation. Your friends' friends' friends influence you.
2. Relationship quality (not quantity) is the strongest predictor of health, happiness, and longevity in the Harvard Study of Adult Development — the longest longitudinal study of adult flourishing ever conducted, spanning over 80 years. The quality of your close relationships matters more than almost anything else for long-term wellbeing.
3. 'Energy audit' of relationships: some relationships consistently leave you feeling expanded, energised, and more yourself. Others consistently leave you feeling contracted, depleted, or less. This is data — not judgment — and it is worth acting on.
4. Chosen community is different from inherited community. Both matter. But the relationships you actively cultivate — by seeking out people whose values, aspirations, and ways of being align with who you are becoming — have the most direct influence on growth.","RELATIONSHIP AUDIT: Map your significant relationships in three columns. Column 1: Relationships that expand you — leave you feeling more alive, more yourself, more possible. Column 2: Neutral relationships — neither expanding nor depleting. Column 3: Relationships that consistently contract you — leave you feeling less of yourself, more anxious, or more stuck. Now: are there relationships in Column 3 that you are maintaining out of obligation, guilt, or habit rather than genuine care? Are there relationships in Column 1 that you're not investing in sufficiently? Share: one relationship you want to invest more in — and why.","Sit quietly. Think of the person who most reflects back to you who you are becoming — who sees your potential clearly, who challenges you usefully, who celebrates your growth genuinely. How much time do you spend with this person? What would you commit to doing to invest more in this relationship? Now think of a relationship that consistently costs you more than it gives — not necessarily one to end, but one to approach differently. What would 'approaching it differently' look like?","Write about the community you are building — both the relationships already present that you want to deepen, and the kinds of people you want to attract into your life as you grow.",Reach out to one Column 1 relationship today — someone who expands you. Tell them specifically what you value about their presence in your life.,Tell one person about your intention to be more intentional about your social environment. Ask them: 'Do you think you're one of my expanding relationships?' Be willing to hear the answer.,Bring back: what happened when you invested in a Column 1 relationship this week?,I choose my community with the same care I bring to everything else I'm building. My relationships are part of my practice.,https://www.youtube.com/watch?v=q4g_cxMWnMk,YouTube: Robert Waldinger 'What Makes a Good Life?' — the Harvard Study of Adult Development findings on relationships and flourishing. One of the most important talks of this programme. Runtime ~13 min.,,,"FADE IN: A person surrounded by people — busy, social, always connected. VOICE: 'They're never alone. And they've never felt more like they're disappearing.' CUT TO: Same person, with one different conversation. Slower. More real. Something alive in their face. VOICE: 'Quality. Not quantity. The research is unambiguous.' CUT TO: Person making an intentional choice — reaching toward an expanding relationship, gently stepping back from a contracting one. VOICE: 'Your relationships are part of your practice. Choose them like it.' FADE TO TITLE: Mindcast LIVE.","The relationship energy audit can be confronting — some people will realise that relationships they feel obligated to maintain are significant sources of depletion. Hold space for that without prescribing action. The goal is awareness and intentionality, not wholesale relationship restructuring.",
32,Rebuild,Rebuild,How You Speak to Yourself,"Distanced, kind self-talk ('you' not 'I') steadies you under pressure.",Adult,The Daily Soundtrack,In Phase 1 we identified the inner critic. In Phase 2 we built the inner coach. In Phase 3 we practise the daily language — the specific quality of internal dialogue that becomes the running soundtrack of a life. The way you habitually speak to yourself is the water you swim in. This week we make it deliberately nourishing.,If your inner voice were recorded for the past 24 hours and played back to you — what would it sound like? What would be its dominant tone? Its most repeated themes? Would you choose to live inside that soundtrack?,Talk to yourself like you'd text a friend having a hard day — not like an anonymous troll in the comments. Today: keep one kind phrase in your pocket for the next hard moment.,"The practice of mantra in many ancient traditions was not about magical words — it was about deliberately shaping the quality of the mind's habitual content. What you repeat internally, you eventually become. The Daoist concept of yi — intention — includes the quality of one's inner speech as a fundamental practice.","1. Research on self-talk (Ethan Kross, University of Michigan) demonstrates that the specific words we use in internal dialogue matter enormously. In particular, using your own name or the second person ('you') rather than 'I' when coaching yourself through challenges — 'Sarah, you can handle this' — activates less emotional reactivity and produces measurably better performance.
2. Internal dialogue quality is a trainable skill. Regular practice of reframing (replacing global/permanent/personal negative attributions with specific/temporary/contextual ones) produces durable changes in mood, resilience, and self-efficacy.
3. Research on 'self-distancing' (Kross) — the capacity to step back from emotional experience and observe it from a slight distance — is one of the most effective emotion regulation strategies known. The inner voice that narrates from a slight distance ('I notice I'm feeling anxious') is both calmer and more useful than the voice fully immersed in the feeling ('I am so anxious').
4. Compassionate self-talk is not soft or indulgent. Research shows it is associated with higher standards of performance, greater resilience, and faster recovery from failure than either harsh self-criticism or avoidant positive thinking.","SELF-TALK REDESIGN: Spend one week tracking your internal dialogue in three moments each day: morning (on waking), during difficulty, and at the end of the day. For each moment: What is the actual tone and content of your self-talk? Is it accurate, compassionate, and useful? If you were talking to your best friend in this situation, what would you say instead? Design your preferred version. Share: one common self-talk pattern you're redesigning — and what the redesigned version sounds like.","Sit quietly. Talk to yourself, internally, as if you were speaking to someone you deeply love who was facing exactly your current situation. Not patronising — honest, warm, on their side. Notice every difference between that voice and your usual one. That voice is available. It is yours. The practice is choosing it.","Write five 'anchor phrases' — specific sentences you can use as your daily self-talk soundtrack in key moments: waking, difficulty, failure, success, and end of day. Make them genuinely yours — not borrowed affirmations.",Use your anchor phrase when you wake up tomorrow. Notice what it sets up for the day.,Share your anchor phrases with one person. Ask them what phrases they use — and what phrases they wish they had.,Bring back: what happened when you used your anchor phrases this week? What shifted in tone?,"The way I speak to myself becomes the life I inhabit. I choose words that build, that honour, and that tell the truth.",https://www.youtube.com/watch?v=NiuDFBNDoSk,YouTube: Ethan Kross on self-talk and self-distancing — search 'Ethan Kross self-talk research' for his talks. Also highly relevant: search 'inner dialogue quality psychology research.' Runtime ~15 min.,,,"FADE IN: Someone going about their day — and we can hear their internal soundtrack. Critical, repetitive, exhausting. VOICE OVER (different): 'That voice. Running all day. Every day. Most people never question it.' CUT TO: The person pausing. Actually listening to what they've been saying to themselves. VOICE OVER: 'What if it ran differently?' CUT TO: New internal soundtrack — same person, same challenges, different voice quality. Everything navigated differently. VOICE OVER: 'The voice in your head is the one you'll hear more than any other. Make it worth listening to.' FADE TO TITLE: Mindcast LIVE.","This is one of the highest practical-impact sessions of Phase 3 — anchor phrases that are genuinely used daily produce measurable change in mood and self-efficacy over weeks. Help people create phrases that are genuinely theirs — not borrowed, not performed. 'I'm doing my best and that is enough today' lands differently from 'I am amazing.'",
33,Rebuild,Rebuild,Creating Structure That Serves You,Rhythm and routine are not cages; they are the trellis a life grows on.,Adult,Designing the Container,"Most people relate to structure as something imposed — schedules, systems, rules that constrain. The rebuild inverts this: structure is a tool of freedom. A thoughtfully designed daily architecture reduces decision fatigue, protects your values, and creates the conditions in which your best work, your deepest connections, and your genuine rest can all happen.","Describe your current daily structure — or lack of it. What happens to your time, energy, and attention on a typical day? Where does it go that you don't fully choose? And what important things consistently get crowded out?","Routine isn't a cage — it's the trellis a plant climbs to reach the light. Today: add one small anchor (same wake time, one blocked hour) and let freedom grow on it.","The ancient traditions all had daily structures — prayer times, practice periods, meal rhythms, rest cycles. Not as restriction, but as container. The container doesn't limit the water — it gives the water a shape. Your daily structure is the container your life pours into. Design it deliberately.","1. Research on decision fatigue (Roy Baumeister) demonstrates that the quality of decisions degrades as the number of decisions made in a day increases. Structuring the routine aspects of your day — morning routine, work blocks, rest periods — reduces the total decision load and preserves cognitive resources for what genuinely requires them.
2. Cal Newport's research on 'deep work' shows that cognitively demanding, high-value work requires extended periods of uninterrupted focus — which must be deliberately scheduled and protected, because they will not happen spontaneously in a connected, demand-responsive world.
3. Research on time blocking shows that scheduling specific activities in calendar blocks (as opposed to working from to-do lists) significantly increases the probability of completion and reduces both procrastination and overworking.
4. 'Time affluence' — the subjective experience of having enough time — is more strongly correlated with wellbeing than actual available time or income (research by Ashley Whillans, Harvard). It is produced by intentional time allocation — doing fewer things, but with greater presence and alignment.","DAILY ARCHITECTURE DESIGN: Map your ideal week in three tiers: 1. Non-negotiables — the anchor activities that must happen for you to function well (sleep, movement, key work blocks, connection time). 2. Important but flexible — activities that matter but can move. 3. Fillers — things that happen by default that you're not actively choosing. Now: what needs to be protected by explicit scheduling? What 'filler' could be reduced or removed to create space for what matters? Design your minimum viable weekly architecture. Share: your top non-negotiable and one filler you're consciously reducing.","Sit quietly. Think about your best day in the past month — a day where you felt most alive, most effective, most yourself. What was its structure? What was present in it — and what was absent from it? That structure is the template. Can you deliberately reproduce it more often?",Write your minimum viable weekly architecture — the non-negotiable anchors of a week that actually serves you.,Implement one structural protection this week — block one important time in your calendar as non-negotiable. Treat it with the same respect as a meeting with your most important client.,Tell one person about the structural change you're making. Ask them to support you in protecting that time.,Bring back: what happened when you protected your non-negotiable time this week? What did you notice?,My structure serves my values. I design my days to protect what matters most.,https://www.youtube.com/watch?v=gTaJhjQHcf8,YouTube: Cal Newport on deep work and time blocking — search 'Cal Newport deep work time blocking' for accessible talks. Also: search 'decision fatigue psychology Roy Baumeister' for the cognitive load research. Runtime ~15 min.,,,"FADE IN: A person's day — scattered, reactive, always responding. Energy everywhere, nowhere concentrated. VOICE: 'The day happened to them. They didn't happen to the day.' CUT TO: Same person — different week, with designed structure. Same hours. Completely different experience. VOICE: 'Structure is not constraint. Structure is the thing that makes freedom possible.' CUT TO: Person at the end of a designed day. Not exhausted — complete. VOICE: 'You get to design your container. Nobody else will do it for you.' FADE TO TITLE: Mindcast LIVE.",Structure design is highly personal — resist the urge to prescribe specific systems. Help people find the minimum viable architecture for their specific life circumstances. The 'best day' reflection is powerful — people often already know what their ideal structure looks like; they just haven't made it explicit or protected it.,
34,Rebuild,Rebuild,"Rest as a Practice, Not a Reward","Rest is a discipline that restores, not a prize earned after burnout.",Adult,Scheduled Maintenance,"Most of us treat rest as what happens after the work is done — the reward for sufficient productivity. This is backwards. Rest is not the recovery from life. It is the condition in which life's highest-quality work, deepest connections, and most genuine insights become possible. This week we rebuild our relationship with rest.","When did you last experience genuine rest — not sleep, not distraction, not productive recovery, but genuine rest: a quality of being fully present in a nourishing activity without any performance agenda? How long ago was it?","You plug your phone in before it dies, not after — do the same for yourself. Today: schedule one real rest block before you're down to 1%.","The Sabbath principle — found in Jewish, Christian, Islamic, and secular traditions — is one of the most ancient and cross-culturally consistent human insights about sustainable living. One day in seven deliberately different from the others. Not as religious obligation, but as evidence of what humans have always known about the rhythm that sustains. Rest is not interruption. Rest is the breath between notes that makes music possible.","1. Neuroscientist Alex Soojung-Kim Pang's research on 'rest' (his book 'Rest: Why You Get More Done When You Work Less') demonstrates that cognitive performance, creativity, and sustained output are all significantly higher in people who build regular rest into their routine — not as compensation, but as practice. Darwin, Darwin, Darwin: four hours of focused work per day, substantial rest, prolific output.
2. The 'default mode network' — the brain state activated during rest, daydreaming, and mind-wandering — is now understood as one of the most cognitively active states available. It is the state in which insight occurs, problems are solved unconsciously, and creative connections are made. Rest is not idle — it is differently active.
3. Research on 'attention restoration theory' (Kaplan and Kaplan) shows that natural environments, quiet, and undemanding activities restore directed attention capacity, reduce stress, and improve both mood and cognitive performance. 'Being in nature' is a scientifically validated rest practice.
4. The distinction between rest and distraction: distraction (scrolling, passive TV consumption, doomscrolling) produces neither recovery nor the beneficial states of genuine rest. Many people's 'rest time' is actually continuous stimulation — and they wonder why they feel no better after it.","REST AUDIT: In your journal, examine your relationship with rest. When do you rest — and what does it actually look like? Distinguish between: genuine rest (nourishing, restorative, non-performance), distraction (stimulating without recovering), and productive recovery (deliberately recovering to perform better). Which of these dominates your non-work time? What does genuine rest actually look like for you specifically — the activities, the conditions, the quality of attention? Design one genuine rest practice for this week. Share: what genuine rest looks and feels like for you.","Sit quietly. Do nothing for 3 minutes. No phone, no to-do list review, no planning. Just be. Notice what arises — discomfort, relief, thoughts, the gradual settling of something. This is the beginning of rest. If it's uncomfortable, that discomfort is information about your current relationship with it.","Write a 'rest manifesto' — what genuine rest looks like for you, what it requires, and what you commit to protecting this week.","Schedule one genuine rest practice this week — not earned, not conditional on productivity. Just scheduled, like any other important appointment.",Tell one person you are practising rest as a non-negotiable. Invite them to try it too — and compare notes.,"Bring back: what happened during your scheduled rest? What did you notice — about the quality of it, and about what followed it?",Rest is not a reward. It is a practice — and it is what makes everything else sustainable.,https://www.youtube.com/watch?v=9y1xyXtYAsg,YouTube: Alex Soojung-Kim Pang on rest and performance — search 'Alex Pang rest book talk' for his talks. Also: search 'default mode network creativity rest brain' for the neuroscience. Runtime ~15–20 min.,,,"FADE IN: A person working — late, grinding, proud of the hours. VOICE: 'They've been productive. They've also been exhausted for six months.' CUT TO: Another person — similar output, but with deliberate rest built in. Not lazy — more creative, more present, more sustained. VOICE: 'Rest is not the enemy of work. It is its condition.' CUT TO: First person, finally resting. Not sleeping — resting. Eyes open, mind free, something settling. VOICE: 'The pause is not lost time. It is when the system renews.' FADE TO TITLE: Mindcast LIVE.",The rest session often provokes strong responses from high-achievers who have deeply internalised productivity culture. The 3-minute silence exercise is deliberately confronting — the discomfort is the point. Validate the discomfort and explore it rather than skipping past it. The distinction between rest and distraction is often revelatory.,
35,Rebuild,Rebuild,Creativity and Expression,"Making things — for their own sake — is a birthright, not a talent reserved for a few.",Adult,Restoring the Output Channel,"Creativity is not a talent possessed by some and absent in others. It is a fundamental human capacity — the ability to make meaning, to express what is true, to bring something new into existence. When creativity is absent from a life, something essential goes unexpressed. This week we reclaim it.","What did you love to make, create, or express when you were a child — before it was evaluated, before there was an audience, before you decided whether you were 'good' at it? What happened to that?",Making something is like cooking for yourself — it doesn't need a Michelin star to feed you. Today: make one small thing no one will grade.,"The Daoist concept of wu — nothingness, the space from which creation emerges — describes the ground of all creative expression. The empty bowl can be filled. The empty page can be written on. Creativity does not begin with having something to say. It begins with making space for what is already true to find its form.","1. Research by Teresa Amabile (Harvard) on intrinsic motivation and creativity demonstrates that creativity is most alive when the motivation is internal — when you create because the act itself is meaningful, not to produce an evaluated output. The evaluation mindset is the single strongest suppressor of creative expression.
2. Psychologist Mihaly Csikszentmihalyi's research on 'flow' — the state of complete absorption in a challenging, meaningful activity — shows that creative engagement is one of the most reliable routes to flow, and that flow experiences are strongly associated with life satisfaction, meaning, and wellbeing.
3. 'Expressive writing' research (Pennebaker) consistently shows that writing about one's own experience — even privately, never read by anyone — produces measurable improvements in physical health, immune function, and psychological processing. Expression itself is healing, regardless of output quality.
4. Creativity in adults is most commonly blocked by three things: the inner critic (Phase 1), perfectionism (Phase 2), and simply not making time (Phase 3). All three have now been addressed. The rebuilding of creative practice is available.","CREATIVITY RECLAMATION: In your journal, explore: What creative expressions were most alive in you in childhood? What happened to them — when did you stop, and why? What creative impulses arise in you now — ideas, images, things you notice you want to make or say — that you don't act on? Design a minimal creative practice for this week — one that bypasses the inner critic by making the practice private, judgment-free, and purely for you. Share: one creative impulse you're going to act on this week.","Sit quietly. Think of something you genuinely want to make, express, or create — not because it will be good, not because anyone will see it, not because it's appropriate or practical. Just because it is true for you. What is it? What stops you from beginning? And what is the smallest possible version of beginning, today?","Start something creative this week — not to finish, not to share, not to evaluate. Just to begin. Five minutes. Something genuine. Do it before you have time to talk yourself out of it.",Tell one person about a creative impulse you've been suppressing. See what happens when you say it out loud.,Bring back: what did you create this week — and what was the quality of the experience of making it?,I am a creative being. Expression is part of my practice and part of how I know myself.,https://www.youtube.com/watch?v=iG9CE55wbtY,YouTube: Search 'creativity intrinsic motivation Teresa Amabile' or 'Mihaly Csikszentmihalyi flow TED Talk' for the research foundation. Also: Elizabeth Gilbert 'Your Elusive Creative Genius' is perfect for this session. Runtime ~19 min.,Search: 'Elizabeth Gilbert creative genius TED Talk' or 'Mihaly Csikszentmihalyi flow TED Talk' if unavailable. Book: 'Big Magic' by Elizabeth Gilbert is essential reading for this session.,,,"The childhood creative reclamation question often releases profound emotion — grief for what was suppressed, excitement at what is still possible. Go gently and with generosity. The key message is: creativity is not performance. It is expression. It requires no audience and no evaluation.",,
36,Rebuild,Rebuild,Purpose — What You're Here For,"Purpose is where your gifts meet a need; it is discovered by doing, not just thinking.",Adult,Orienting Toward What Is Genuinely Yours,"Purpose is not a destination to find — it is a direction to orient toward. It is not assigned at birth or discovered in a single moment — it is cultivated through honest reflection on what you care about, what you're good at, what the world needs, and what gives you energy. This week we orient.","What are you doing when you feel most useful, most alive, and most yourself — all at once? It doesn't have to be your job. It doesn't have to be grand. What activity or contribution produces that specific intersection?",Purpose is where your skills and the world's needs overlap — the sweet spot of the Venn diagram. Today: name one small place that overlap already exists.,"The Japanese concept of ikigai — often translated as 'reason for being' — sits at the intersection of what you love, what you are good at, what the world needs, and what you can be compensated for. It is not a single answer but a living orientation. The Daoist equivalent: the practice that feels most aligned with your nature. When you find what is genuinely yours to do, the work itself becomes the practice.","1. Purpose research (Michael Steger, Viktor Frankl Institute) consistently shows that a clear sense of purpose is one of the strongest predictors of resilience, longevity, mental health, and recovery from difficulty. People with purpose tolerate discomfort better, sustain effort longer, and report significantly higher life satisfaction.
2. The Ikigai model has four overlapping circles: what you love (passion), what you are good at (vocation), what the world needs (mission), and what you can be paid for (profession). Purpose lives at the intersection. The search is not for the perfect single thing but for the direction that honours all four.
3. Purpose is not fixed — it evolves through life stages, roles, and growth. Research suggests it is more usefully thought of as a 'north star' — a consistent directional orientation — rather than a specific destination or role.
4. Research by Will Damon (Stanford) shows that purpose requires contribution beyond the self — it involves something that matters to others, not just to you personally. This connects individual flourishing to community, which is the natural bridge toward Phase 4.","PURPOSE EXPLORATION: In your journal, work through the Ikigai framework: What do I love — what activities make time disappear, what could I talk about or do for hours? What am I good at — what comes naturally, what do others consistently come to me for? What does the world need — what problems matter to me, what would I address if I could? Where do these overlap? What sits at the centre — even approximately, even imperfectly? Share: the approximate direction of your purpose — not a definitive statement, but an honest orientation.",Sit quietly. Think of the moments in your life when you felt most useful and most yourself simultaneously — when you were contributing something that felt genuinely yours to give. What were you doing? Who were you with? What was being created? Notice the specific quality of those moments. That quality is the signal of your purpose. It doesn't have to be a career. It is a direction.,Write a purpose statement — not as a final answer but as a current honest orientation. 'I am here to...' Make it true to where you are right now.,Live from your purpose statement for one day — make one small choice from that orientation. Notice how it changes the texture of the day.,Share your purpose direction with one person. Ask them what they see as your natural contribution. Listen fully.,Bring back: what happened when you lived from your purpose orientation today?,I have a direction that is genuinely mine. I orient toward it daily — and the world receives something only I can give.,https://www.youtube.com/watch?v=fLJsdqxnZb0,TED Talk: 'How to Find Work You Love' by Scott Dinsmore — practical and evidence-based exploration of purpose-oriented work. Runtime ~18 min. Also: Viktor Frankl's 'Man's Search for Meaning' is the foundational text for this session.,,,"FADE IN: Two people doing similar work. One moving through it efficiently. The other — something different. Something alive. VOICE: 'Same task. Different orientation. One is doing work. The other is doing their work.' CUT TO: A person at the Ikigai intersection — love, skill, need, sustainability. Not perfect. But genuinely theirs. VOICE: 'Purpose is not found. It is cultivated — through honest reflection on what you love, what you're good at, and what the world actually needs.' CUT TO: Person orienting toward that intersection. Small steps. Genuine direction. VOICE: 'That direction. That is enough to begin.' FADE TO TITLE: Mindcast LIVE.","Purpose discussions can produce both profound clarity and profound anxiety — particularly for people who feel they 'should' have found their purpose by now. Normalise: purpose is an orientation, not a destination. The question 'what is genuinely mine to give?' is more accessible than 'what is my life's purpose?'",
37,Rebuild,Rebuild,"Money, Abundance and Your Relationship With Resources","Our money 'scripts' are inherited beliefs; needs, wants, and generosity can be sorted consciously.",Adult,Rebuilding the Resource Relationship,"Few areas of human life carry more inherited story, more unexamined shame, more contradictory programming than money and material resources. We rebuild this relationship not from financial advice, but from honest self-inquiry: what stories were you given about money, what do they cost you, and what would a genuinely healthy, values-aligned relationship with resources look and feel like?",Complete these sentences without thinking: 'Money is...' / 'People who have a lot of money are...' / 'I am the kind of person who...' with respect to finances. Now: whose voice just spoke? Where did those beliefs come from?,Your money 'scripts' are inherited apps running in the background of every purchase. Today: sort one thing into need / want / could-share and notice which script ran.,"The Daoist concept of flow — zi ran — applies as powerfully to material resources as to any other domain. Resources that flow freely, in alignment with values, circulate and generate. Resources that are gripped too tightly or expelled too anxiously stagnate or deplete. The practice is right relationship — neither grasping nor abandoning.","1. Research on financial behaviour demonstrates that most financial decisions are driven by emotional history rather than rational analysis. Behavioural economists Daniel Kahneman and Amos Tversky showed that loss aversion (the disproportionate fear of loss relative to equivalent gain) produces systematic financial irrationality — and that awareness of this bias significantly improves decision-making.
2. 'Money scripts' (Brad Klontz) — the deep, usually inherited beliefs about money that drive financial behaviour — include: money avoidance (money is bad/corrupting), money worship (more money will fix everything), money status (worth equals net worth), and money vigilance (constant alertness about financial security). Each produces specific, often unhelpful patterns.
3. Research on money and happiness (Killingsworth, 2021) found that higher income correlates with higher wellbeing across a wider range than previously thought — but that the relationship is mediated by how money is used. Spending on experiences, on others, and in alignment with values produces more wellbeing than equivalent spending on status or possessions.
4. Financial security as a foundation for psychological freedom is real and important — chronic financial stress impairs cognitive function in ways similar to sleep deprivation (Mani et al., 2013). Phase 3 addresses the relationship and story dimensions; professional financial advice addresses the practical ones.","MONEY STORY AUDIT: In your journal, explore your inherited money story: What was the dominant financial culture of your upbringing? What messages did you receive — explicitly or implicitly — about money, wealth, and your relationship to it? What is your current money script (avoidance, worship, status, or vigilance)? Where does it help you — and where does it cost you? What would a values-aligned relationship with money look like — one in which money serves your genuine priorities rather than driving anxiety or shame? Share: one inherited money story and what it has cost you.","Sit quietly. Think about your actual current financial situation — not with anxiety, but with honest curiosity. What does your relationship with money say about your values right now? Is money being used in alignment with what you said you value in Week 28? Where are the biggest gaps between your stated values and where your money actually goes? Those gaps are data — not judgment.","Write a 'values-aligned financial direction statement' — not a budget, but a paragraph describing what right relationship with money would look and feel like for you.","Make one financial decision this week that is explicitly aligned with your values rather than driven by habit, anxiety, or inherited script.","Share your money story with one trusted person — the inherited version, not the financial details. Notice what it feels like to examine it openly.",Bring back: what happened when you made a values-aligned financial choice this week?,"My relationship with money is built on values, not fear. I use resources in alignment with what I genuinely care about.",https://www.youtube.com/watch?v=8gxNHkQBkF8,YouTube: Search 'money scripts psychology Brad Klontz' or 'behavioural economics money decisions' for the research foundation. Also: search 'money and happiness research Killingsworth' for the wellbeing dimension. Runtime ~15–20 min.,,,"FADE IN: Someone making a financial decision — quickly, almost automatically, with a familiar tightness in their body. VOICE: 'That decision took 3 seconds. The story behind it took 30 years to install.' CUT TO: Same person, making a different kind of decision — slower, more deliberate, aligned with something they actually care about. VOICE: 'Money doesn't have values. You do. The work is making sure one follows the other.' FADE TO TITLE: Mindcast LIVE.","This session requires careful framing — avoid anything that feels like financial advice (refer to professionals for that). The focus is entirely on the psychological and values dimensions: inherited stories, emotional patterns, and alignment with explicit values. Some people will be dealing with genuine financial hardship — hold space for that with compassion.",
38,Rebuild,Rebuild,The Community You Build,We are made for contribution; a healthy community is a hive where each brings something.,Adult,Building the Ecology of Growth,"Human beings are not designed for isolation. We are designed for community — the sustained experience of being known, belonging, contributing, and being contributed to by a group with shared values and shared life. Most contemporary adults are chronically under-communal. Phase 3 closes by rebuilding community as a deliberate practice.","Describe the quality of your current community life. Not the number of relationships — but the quality of belonging. Do you have a group of people who know you genuinely, who share your values, who challenge and support you? Or are you doing this largely alone?",A community is a beehive — it works because everyone brings something back. Today: name the one thing you'll bring to a room you want to belong to.,"The concept of sangha — spiritual community — is one of the three jewels of Buddhist practice. The Confucian tradition places right relationship with community at the centre of the well-lived life. Mindcast LIVE itself is an expression of this ancient insight: personal growth is most durable, most honest, and most alive when it happens in the presence of others doing the same work.","1. The Harvard Study of Adult Development (80+ years) is unambiguous: the quality of community belonging is the strongest predictor of health, happiness, and longevity available. More than diet, more than exercise, more than genetics — relationships and community quality determine how well and how long we live.
2. 'Social prescription' is now a recognised public health practice in multiple countries — doctors prescribing community participation for anxiety, depression, and chronic illness. Community is not supplementary to health. It is constitutive of it.
3. Research on 'intentional communities' (not necessarily communes — intentional neighbourhood networks, community groups, practice communities) shows that deliberate community-building produces higher wellbeing, greater resilience, and stronger identity than equivalent passive social contact.
4. The specific kind of community built in Phase 4 (Live It) will focus on contribution and legacy. Phase 3 builds the foundation: the habit of genuine belonging, the practice of being known, and the commitment to community as a non-negotiable part of the rebuilt life.","COMMUNITY AUDIT: In your journal, map your current community life: Where do you experience genuine belonging — being known, valued, and included for who you actually are? Where are you present but not truly belonging — performing rather than participating? What kind of community are you actively building — or could build — around your values and your growth? What one specific commitment to community could you make this week? Share: one community commitment you're making.","Sit quietly. Think of the moments in the past year when you felt most genuinely connected — most known, most belonging. What was present in those moments? Who was there? What was being shared? That quality of connection is what community at its best provides. How much of your weekly life contains it? What would need to change for there to be more?","Write a community vision statement — not for a formal group, but for the quality of communal life you are actively building: what it feels like, who is in it, what you are contributing, and what you are receiving.","Make one community investment this week — show up more fully to an existing group, reach out to someone you want to know better, or take one step toward building something new.",Tell someone in your community what their presence in your life means. Be specific.,Bring back: what happened when you invested in community this week? What did it feel like?,"I am building community — not as a supplement to my life, but as one of its foundations.",https://www.youtube.com/watch?v=q4g_cxMWnMg,"YouTube: Robert Waldinger 'What Makes a Good Life?' Harvard Study findings — the definitive research on community, relationships, and flourishing. Also search 'loneliness epidemic research Johann Hari' for the cost of disconnection. Runtime ~13 min.",,,"FADE IN: People eating alone, working alone, commuting alone — surrounded by others but genuinely alone. VOICE: 'We have more connections than any generation in history. And we have never been lonelier.' CUT TO: A different scene — people genuinely present with each other. Not performing. Knowing each other. VOICE: 'That. That is what the research points at. That is what Mindcast LIVE has been trying to build.' CUT TO: This community — this room — doing exactly that. VOICE: 'You don't find community. You build it. Deliberately. Over time. Together.' FADE TO TITLE: Mindcast LIVE.",This session has particular resonance for Mindcast LIVE as a community specifically — name it. The group in the room has been building community for 38 weeks. That is the concrete example of what this session is about. Celebrate it explicitly. Use this session to deepen the bonds already present.,
39,Rebuild,Rebuild,Integration — Who You Are Becoming,"Phase 3 close: identity, values, habits, body, and community are rebuilt — now you live them.",Adult,The Foundation Is Laid,"Thirteen weeks of rebuilding. Phase 3 closes with integration — taking stock of the identity that has been constructed, the habits that have been planted, the values that have been named, the community that has been invested in. This is not a summary. It is a threshold into Phase 4: Live It.","What are the three most significant things you have built in Phase 3 — not accomplished or resolved, but genuinely built? What is present in you now that wasn't present 13 weeks ago?","The building site is now a home you can live in — identity, values, habits, people. Today: name who you've become, and step through the door into living it.","In Daoist tradition, the master is not the one who has arrived — it is the one who has committed to the practice. The practice is not preparation for living. The practice IS living. Phase 3 has been the practice. Phase 4 is living from it, fully, in the world.","1. Identity research (Erikson, McAdams) shows that the consolidation of a coherent, flexible, and values-based identity is the psychological task of mature adulthood. It is ongoing — not achieved once but deepened through lived experience, honest reflection, and community. Phase 3 has been a significant act of that consolidation.
2. Research on habit formation confirms: the habits planted in Phase 3 will continue to compound if consistently practised. The critical window — the first 66 days of habit formation — has been partially traversed. Phase 4 will complete it and embed it in a life of contribution.
3. The integration of self-knowledge (Phase 1), release (Phase 2), and rebuild (Phase 3) produces what psychology calls 'post-traumatic growth' — not despite the difficulty of the inner work, but because of it. The research is clear: people who do this work report becoming more compassionate, more clear, more alive, and more available to others.
4. The move into Phase 4 (Live It) is the natural expression of everything this year has been: not self-development as an end in itself, but self-development as the foundation of genuine contribution. You cannot give what you don't have. Phase 3 has been building what you have to give.","REBUILD INTEGRATION: In your journal, spend 15 minutes: 1. What identity have I built that I want to carry forward? 2. What values am I now living from, explicitly? 3. Which habits are beginning to feel like mine? 4. What relationships have been deepened? 5. What am I now bringing to my community that I wasn't before? 6. What am I walking into Phase 4 with — and what do I commit to continuing to build? If the group is willing: read one insight aloud — witnessed in silence by everyone present.",Sit in silence for 5 minutes. Feel the difference between who arrived at Week 27 and who is sitting here now. Not dramatic change — genuine building. Things present that weren't before. Values clearer. Habits planted. Identity more intentional. Community more invested in. Place your hand on your heart. Acknowledge the work. It is real.,Write a letter to the version of you who began Phase 3 — thirteen weeks ago. What do you want them to know about what was built? What are you proud of?,Revisit Week 27 journal entries. Notice the gap between who arrived and who is leaving Phase 3.,Tell one person who has been part of your community this year: 'Something I have genuinely built in the past 13 weeks is...' Own it fully.,Come to the final Phase 3 session ready to share: what are you bringing into Phase 4?,"I have built something real. I arrive at Phase 4 with a foundation, a direction, and a practice.",https://www.youtube.com/watch?v=sPOuCd6cBao,"YouTube: 'This Is Water' by David Foster Wallace — the perfect closing reflection on awareness, choice, and the ongoing practice of conscious living. Runtime ~9 min.",,,"FADE IN: Montage of Phase 3 themes — identity building, values, habits planted, body foundation, community invested in, creativity expressed, purpose oriented toward. Quick, layered, building. VOICE: 'Thirteen weeks of building.' CUT TO: Person standing on foundations that are genuinely different from Phase 1. Something visible has changed — not in circumstance, but in orientation. VOICE: 'The foundation is laid. Not finished — laid.' CUT TO: A new door. Phase 4. VOICE: 'The next phase is not about developing further. It is about living from what has been built. And offering it to the world.' FADE TO TITLE: Mindcast LIVE — Phase 4: Live It.",Create ceremony — this is the third major threshold crossing and deserves full honour. The letters read aloud (if people consent) create one of the most moving moments of the year. Ensure Phase 4 is framed with genuine excitement: 'The work of the first three phases has been to develop yourself so you have something real to give. Phase 4 is the giving.' Build anticipation.,
40,Live It,Live It,From Self-Development to Service,The point of inner work is not self-improvement forever; it is to give what you've grown.,Adult,The Turn Outward,"Three phases of inner work — seeing, unlearning, rebuilding — have been preparation for this: the turn outward. Phase 4 is not about more self-development. It is about the natural expression of genuine development: service. When you have done the inner work, you have something real to give. This week we make the turn.",What has this year's inner work given you that you did not have before? And who in your life — or your community — could genuinely benefit from what you now carry?,You don't hoard the wifi password once you're connected — you share it; inner work is the same. Today: give one thing you've healed enough to offer someone else.,"The Daoist and Confucian traditions converge on this: genuine inner cultivation naturally expresses itself outward. The sage does not hoard wisdom — they embody it in relationship, in action, in the quality of their presence. Service is not the sacrifice of self. It is the fullest expression of it.","1. Research on post-traumatic growth (Tedeschi and Calhoun) consistently shows that one of the primary markers of genuine growth following difficulty is increased compassion for others and a stronger sense of responsibility toward community. Growth that stays internal is incomplete growth.
2. Research on 'helper's high' (Allan Luks) demonstrates that volunteering and service produce measurable physiological benefits — reduced stress hormones, improved immune function, increased mood — that are distinct from and additive to the benefits of self-care. Service is literally good for the giver.
3. Victor Frankl's core insight: meaning is found not in self-actualisation as an end but in giving yourself to something beyond yourself — a cause, a person, a contribution. The turn outward is not the end of the self-development journey. It is its completion.
4. The distinction between service and self-erasure: genuine service comes from fullness, not depletion. It is given freely, from values, without resentment. It is sustainable. It is the opposite of people-pleasing. Phase 2 work on boundaries and people-pleasing was preparation for this.","SERVICE INVENTORY: In your journal, explore: What capacities, insights, or qualities have you developed this year that could genuinely benefit others? Who specifically — in your immediate relationships, your community, or the wider world — could use what you have to offer? What form of service feels most aligned with your values and your nature (from Week 28 and 36)? What is the smallest possible act of genuine service you could take this week — not grand, just real? Share: one capacity you want to offer outward.",Sit quietly. Think about someone in your life who is currently carrying something you have already moved through — something you struggled with that is now clearer for you. What would you want to say to them? What have you learned that could genuinely help? That impulse — to reach back and offer your hard-won clarity to someone still in it — that is the beginning of service.,"Write a 'service offering' — not a formal commitment, just an honest statement of what you now have to give and who you want to give it to.","Make one small act of service today — not grand, not performed. Something genuine, from fullness, offered freely.",Tell one person: 'Something I've been through this year has given me something I want to offer. Can I share it with you?' And then share it.,Bring back: what happened when you offered something from your inner work outward? How did it land?,"I have done the inner work. Now I give what I have grown — freely, genuinely, from fullness.",https://www.youtube.com/watch?v=lmyZMtPVodo,TED Talk: 'Why Good Things Happen to Good People' — search for research-based talks on the health benefits of service and generosity. Also: search 'Viktor Frankl meaning service talk' for the philosophical foundation. Runtime ~15 min.,,,"FADE IN: Three phases of inner work — compressed into a single image of a person, gradually more themselves. VOICE: 'Forty weeks of seeing, releasing, building.' CUT TO: Same person, looking outward now — toward others, toward the world. VOICE: 'The work was never just for you.' CUT TO: A small act of genuine offering — not grand, not performed. Someone receiving something real. VOICE: 'That is what the year has been building toward. The turn outward. The giving from fullness.' FADE TO TITLE: Mindcast LIVE — Phase 4: Live It.","This is a pivotal session — the conceptual pivot from inward to outward. It should feel genuinely exciting, not like an obligation. The distinction between service-from-fullness and service-from-depletion (people-pleasing) is essential to make clearly. Reference Phase 2 Week 19 explicitly.",
41,Live It,Live It,Teaching What You've Learned,You learn something twice when you teach it; sharing wisdom simply deepens it in you.,Adult,The Test of Understanding,"The deepest form of learning is teaching. When you explain what you know to someone else — when you put your understanding into words that another person can receive — you discover what you actually know versus what you only think you know. Phase 4 includes teaching as a practice, not just an activity.","Think of the single most important insight from this year's work — the thing that has most changed how you see yourself or how you move through the world. Now: could you explain it clearly to someone who has never done this work? Try it right now, out loud or in writing.",Explaining something to a ten-year-old is how you find out you actually understand it. Today: put one lesson into one plain sentence and pass it on.,"In the Confucian tradition, the transmission of wisdom from teacher to student is one of the most sacred relationships. Not because the teacher is infallible — but because the act of conscious transmission deepens both parties. The Daoist teacher teaches not by telling but by embodying: the most powerful transmission is a life lived with integrity.","1. Research on learning confirms what educators call the 'protégé effect': teaching something to others requires such thorough understanding that it actually deepens the teacher's own knowledge and retention. Students who teach outperform students who only study — by a significant margin.
2. 'The Feynman Technique' (Richard Feynman's learning method): explain the concept simply enough for a child to understand. Where you struggle to simplify, you have found the edges of your actual understanding. Teaching reveals gaps that studying conceals.
3. Research on narrative transmission — the passing of important stories and insights from one generation to the next — shows that communities with strong intergenerational transmission of wisdom are more resilient, more cohesive, and more capable of navigating difficulty.
4. Teaching does not require a formal role. It requires the willingness to share what you know, honestly and simply, with someone who could benefit. Every Mindcast LIVE participant is a potential teacher — of their own experience, their own learning, their own becoming.","TEACHING PREPARATION: Choose one insight from this year that you want to transmit. Write it as if explaining it to someone who has never heard it — in plain language, with a concrete example, and with an honest account of how it changed you. Test it on someone today: share it in conversation and notice where it lands clearly and where it gets murky. That murkiness is where you still have learning to do. Share: the insight you are most ready to teach — and one place where trying to explain it revealed a gap.",Sit quietly. Think about the single most important thing this year has taught you. Now imagine a younger version of yourself — ten years ago — hearing it. What would they most need to understand? How would you explain it to them in a way that would actually land? That version of you is someone you can reach — through the people in your life who are where you once were.,"Write a 'teaching letter' — an explanation of your most important insight from this year, written for someone who is just beginning the inner work you've done.","Share something you've learned this year with one person today — not as advice, but as honest sharing of your own experience.",Ask one person: 'Can I share something I've been learning this year?' Then share your teaching letter version of it. Notice what lands.,Bring back: what happened when you tried to teach your most important insight? What did you discover about your own understanding?,"The deepest measure of what I've learned is whether I can give it away. I teach — and in teaching, I deepen.",https://www.youtube.com/watch?v=FLbqzbAaEiI,YouTube: Search 'protégé effect learning by teaching research' or 'Feynman technique learning explained' for the evidence base. Runtime ~10 min.,,,"FADE IN: A person trying to explain something they've learned — and stumbling. Finding the gap in their own understanding. VOICE: 'You thought you knew it. Until you tried to give it away.' CUT TO: Same person, returning to the work. Finding the gap. Filling it. VOICE: 'Teaching is not what comes after learning. Teaching is how learning completes itself.' CUT TO: The insight, finally clear — passed simply and honestly to someone else. VOICE: 'That is the deepest understanding. The kind you can give.' FADE TO TITLE: Mindcast LIVE.",The 'try to explain it and notice the gaps' exercise is one of the most practically powerful of Phase 4. Build in genuine time for people to attempt this in pairs in the room — not just plan to do it later. The discomfort of discovering gaps in articulation is productive and important.,
42,Live It,Live It,The Courage to Be Seen,Being truly seen is the reward on the far side of the fear of judgement.,Adult,Going Live,"Living It — Phase 4 — requires something that all the inner work has been building toward: the courage to be genuinely seen. Not the performance of authenticity, not carefully managed vulnerability, but the actual lived experience of being known — in your community, your work, your relationships — as the person you have genuinely become.","Where in your life are you still operating in 'development mode' — building, preparing, getting ready — rather than actually showing up as who you've become? What is preventing you from going live?",Turning your camera on in the meeting is scary for two seconds and connecting for the rest. Today: show up 'camera-on' in one place you usually hide.,"The Daoist concept of de — virtue, power, genuine nature — is not a private quality. It is expressed through presence, through action, through the quality of how you show up in relationship. You cannot embody virtue in isolation. It must be lived in encounter. The courage to be seen is not optional. It is the practice itself.","1. Brené Brown's research on 'wholehearted living' identifies the courage to be seen — to show up authentically without guarantee of outcome — as the defining characteristic of people who report genuine belonging, joy, and meaning. It is not a personality trait. It is a practice.
2. 'Visibility discomfort' is a well-documented phenomenon: the experience of being seen for who you genuinely are — after years of performance and management — is genuinely uncomfortable, even when it is desired. The brain's threat response fires at authentic exposure in the same way it fires at danger. The practice is distinguishing these.
3. Research on identity and action shows that living from your rebuilt identity — actually behaving as the person you've decided to be, in front of others, consistently — is the mechanism by which the new identity solidifies. It does not solidify through private intention. It solidifies through public practice.
4. The courage to be seen is not all-or-nothing. Research on 'graduated exposure' (from anxiety treatment) shows that tolerating small amounts of authentic visibility, building to larger ones, is the most reliable path to genuine freedom from the fear of being known.","VISIBILITY AUDIT: In your journal, map where you are currently visible vs. hidden: In which relationships are you being genuinely seen — as the person you've become this year? In which relationships are you still performing the old version of yourself? In which domains (work, community, family, friendship) are you most invisible? What specifically would becoming visible in each domain require — and what is the cost of staying hidden? Share: one domain where you're ready to be more genuinely seen.",Sit quietly. Think of one person in your life who doesn't yet know who you've become this year — who still relates to the previous version of you. Imagine letting them see the real current version. Not through a conversation — just through how you show up. What would be different? What would you stop managing? What would you let them see that you currently conceal? That exposure is not vulnerability. It is the beginning of genuine relationship.,Write a declaration: 'This is who I actually am now. This is what I am no longer willing to hide.' You don't have to share it — but write it as if you will.,Show up more genuinely today in one interaction — stop managing one thing you usually manage. Let someone see something real.,"Tell one person: 'I want you to know me as I actually am now, not who I was before this year.' Then show them. One genuine thing.",Bring back: what happened when you let yourself be a little more seen? What surprised you?,"I am ready to be seen — not performed, not managed, but genuinely known. That is the practice.",https://www.youtube.com/watch?v=iCvmsMzlF7o,TED Talk: 'The Power of Vulnerability' by Brené Brown — the foundational research on the courage to be seen. Runtime ~20 min.,,,"FADE IN: A person in a room full of people — present, performing, invisible in the way that people who are always performing are invisible. VOICE: 'They're in the room. But nobody's actually seeing them.' CUT TO: Something shifts. One moment of genuine presence. Not planned. Just real. VOICE: 'There. That. That's the courage.' CUT TO: Someone in the room responding — actually seeing them. Something connecting. VOICE: 'You cannot be met if you are not present. The courage to be seen is the courage to be met.' FADE TO TITLE: Mindcast LIVE.",This session builds on everything from Phase 1 Week 10 (masks) and Phase 2 Week 22 (armour). Reference both explicitly. The shift from 'development mode' to 'production' is a framing that resonates with many adults who have been doing inner work for years without translating it into how they live publicly.,
43,Live It,Live It,Living Your Values Under Pressure,"Values are only real when they hold in the storm, not just the calm.",Adult,Values Under Load,"Values are easy to hold in quiet moments. The test is whether they hold under pressure — when it costs something to live them, when the easier path is compromise, when the people around you expect something different. This week is about the practice of values-integrity when it genuinely matters.","Think of the last time you compromised a value you explicitly named in Week 28 — not a small slip, but a meaningful choice to act against what you said mattered. What happened? And what does that moment tell you about the gap between stated and lived values?","Your values are only real in the storm, not the sunshine — like a compass that has to work when the sky goes dark. Today: name one value you'll hold even when it costs you.","The Daoist and Confucian traditions both speak of this: virtue is not a fair-weather quality. The character of a person is revealed in difficulty. The practice is not performing integrity when it is easy — it is returning to it when it is costly, and doing so consistently enough that it becomes genuinely who you are rather than who you are trying to be.","1. Research on moral psychology (Jonathan Haidt, Roy Baumeister) demonstrates that moral behaviour is highly context-dependent — people who act ethically in low-pressure situations regularly compromise under sufficient social, financial, or emotional pressure. This is not hypocrisy; it is the gap between aspiration and practice that every human navigates.
2. Values-based behaviour under pressure requires what researchers call 'moral identity salience' — the degree to which your values are central to your self-concept. The higher the salience, the more likely values-aligned behaviour under pressure. Phase 3 Week 28 was building that salience.
3. Research on moral courage specifically (Rushworth Kidder) identifies five consistent components: recognising the ethical issue, being motivated by values rather than rules, tolerating discomfort, planning the action, and following through. Each component is trainable.
4. The most powerful predictor of values-aligned behaviour under pressure is prior rehearsal — having specifically imagined and pre-decided what you will do when a particular conflict arises. People who pre-decide outperform those who decide in the moment by a significant margin.","PRESSURE-TEST YOUR VALUES: Take your top three values from Week 28. For each, identify: A recent situation where you held this value under pressure — what happened? A recent situation where you compromised it — what happened? A likely future scenario where this value will be tested. Pre-decide now: what will you do in that scenario? Write it specifically enough that you have a rehearsed answer when the moment comes. Share: one value you are pre-deciding to hold under pressure — and the specific scenario.","Sit quietly. Think of a likely upcoming situation where one of your core values will be under pressure — a conversation, a decision, a moment where compromise will be easier than integrity. See it clearly. Pre-decide: what will you do? What will you say? How will you handle the discomfort? The pre-decision is the practice. When the moment comes, you will not be deciding for the first time.",Write your pre-decisions for your top three values under their most likely pressure scenarios.,"Today, notice once when a value is under mild pressure. Hold it — even slightly, even imperfectly. Notice what it costs and what it gives.",Tell one person about a value you are practising holding under pressure. Ask them to notice if they see you doing it.,Bring back: did a value come under pressure this week? What happened? Did the pre-decision help?,My values hold under pressure. Not because I am perfect — because I have practised and pre-decided.,https://www.youtube.com/watch?v=jHeeHg_MXNE,YouTube: Search 'moral courage values under pressure psychology' or 'living your values difficult moments research talk' for evidence-based content. Runtime ~15 min.,,,"FADE IN: A person in an easy moment — values held effortlessly. VOICE: 'This is not the test.' CUT TO: Same person, different moment. Pressure. Cost. The easier path visible. VOICE: 'This is the test.' CUT TO: Person pausing. Breathing. Choosing. VOICE: 'Values are not what you hold when it costs nothing. They are what you return to when it costs something.' FADE TO TITLE: Mindcast LIVE.",The pre-decision technique is one of the most practically powerful of Phase 4. The research on pre-deciding vs. in-the-moment deciding is compelling — share it clearly. This session pairs directly with Phase 3 Week 28 (values) and should explicitly reference the values identified there.,
44,Live It,Live It,Conflict as a Growth Practice,"Conflict handled with honesty and needs ('I feel… I need…') becomes connection, not rupture.",Adult,The Interface Layer,"Conflict is not the opposite of growth. For most people it is the primary site of it — the place where values meet reality, where differences become visible, where the quality of all the inner work is actually tested. Most people manage conflict rather than engage it. Phase 4 treats it as a practice.","Think of a current or recent conflict that you've been managing rather than engaging. What would it mean to engage it honestly — to bring your full, values-aligned self to it rather than managing around it?",'You always…' starts a fight; 'I feel… I need…' starts a conversation. Today: rewrite one hard message in the second language.,"The Daoist tradition speaks of yin and yang — not as opposites that cancel each other out, but as complements that, in their tension, produce movement and life. Conflict, handled with awareness and integrity, is not a failure of harmony. It is harmony's more demanding form. The practice is bringing the same quality of awareness to conflict that we bring to any other aspect of inner life.","1. Research by John Gottman on relationship conflict identified the critical distinction between 'gridlock' (conflict that repeats without resolution because underlying needs are never named) and 'dialogue' (conflict that produces understanding and forward movement). The difference is not the presence or absence of conflict — it is the quality of engagement with it.
2. Non-Violent Communication (Marshall Rosenberg) provides a research-supported framework: observation (what happened), feeling (how I experience it), need (what underlying value or need is involved), request (what specific action would help). The framework works because it separates facts from interpretations and needs from demands.
3. Research on 'growth mindset conflict' (Carol Dweck's principles applied to relationships) shows that people who approach conflict as information about unmet needs and misaligned understanding — rather than as evidence of the other person's character — produce significantly better relationship outcomes.
4. The specific skills developed through Phase 1 (seeing clearly, emotion as data) and Phase 2 (projection audit, seeing others clearly) are directly applicable to conflict. Conflict is the applied examination.","CONFLICT PRACTICE: Identify a current low-to-moderate conflict or tension in your life. Apply the NVC framework in writing: Observation (what specifically happened — no interpretation). Feeling (what you actually feel — not 'I feel that they...', but an actual emotion). Need (what underlying value or need of yours is not being met). Request (what specific, actionable thing would genuinely help). Now: is there a conversation you're ready to have? Share: the observation and feeling from your framework — not the conflict details, but the quality of what it's like to name these clearly.",Sit quietly. Bring to mind the conflict. Feel the familiar contraction of it. Now — without resolving it — get genuinely curious: what does the other person need that they are not getting? What is their unmet need that is driving their behaviour? You don't have to agree with their behaviour. But understanding their need changes the quality of how you engage. What becomes possible when you see both sets of needs clearly?,Write the conversation you want to have — using the NVC framework — that you haven't had yet. Write your part honestly. Then write what you genuinely hope they might say in response.,"In one difficult interaction today, try to identify the need beneath the behaviour — yours and theirs. Notice what changes when you see it.",Have one honest conversation you've been avoiding. Use the framework. See what happens.,Bring back: what happened when you engaged the conflict rather than managed it?,"Conflict is not the opposite of growth. Engaged honestly, it is one of its most powerful forms.",https://www.youtube.com/watch?v=l7ToNudVd2I,YouTube: Search 'Nonviolent Communication Marshall Rosenberg' for his foundational talks. Also: search 'John Gottman conflict research relationships' for the relationship science. Runtime ~15–20 min.,,,"FADE IN: Two people in a stuck conflict — the same argument, for the fourth time. VOICE: 'They've been here before. Nothing changes. Because nothing beneath the surface is being named.' CUT TO: One person trying a different approach. Naming a feeling. Naming a need. VOICE: 'That. That's the difference between managing conflict and engaging it.' CUT TO: The conversation moving. Not perfectly. Moving. VOICE: 'Conflict, honestly engaged, is one of the fastest routes to genuine understanding.' FADE TO TITLE: Mindcast LIVE.","The NVC framework is powerful but needs practical time to learn — do the four-step exercise in pairs in the room, not just in journals. Reference Phase 1 Week 11 (seeing others clearly) and Phase 2 projection work explicitly. This session may surface real current conflicts — hold the room carefully.",
45,Live It,Live It,Generosity as a Way of Being,"Giving that isn't depleting — time, encouragement, help — grows the giver too.",Adult,Hands Open,"Generosity is not an occasional act. It is an orientation — a way of moving through the world that sees abundance rather than scarcity, that gives freely from what has been developed and cultivated, that trusts that contribution does not diminish the contributor. Phase 4 cultivates generosity not as a behaviour but as a practice of being.","Think about your typical orientation when you arrive at a gathering, a conversation, or a relationship. Do you arrive asking — even unconsciously — 'what will I get from this?' Or do you arrive asking 'what can I offer here?' Be honest. Most people operate from the first far more than the second.","Some gifts — encouragement, time, attention — cost nothing and still glow in your own hands after you give them. Today: give one non-money gift by Sunday.","The Daoist concept of te — virtue, generosity of spirit — is not about grand gestures. It is about the quality of ordinary presence: whether you arrive with hands open or closed, whether you offer freely or calculate, whether you treat every encounter as an opportunity for mutual enrichment. Generosity at this level is not what you do on occasion. It is who you are.","1. Research on prosocial behaviour (Elizabeth Dunn, Harvard) consistently shows that spending money on others produces more happiness than spending it on oneself — and that this effect holds across cultures, income levels, and contexts. The neuroscience: generous acts activate the brain's reward circuitry more reliably than self-focused acts.
2. Research on 'givers, takers, and matchers' (Adam Grant) demonstrates that in almost every domain, the most successful long-term contributors are 'givers' — people who contribute freely without immediate expectation of return. They are also, counterintuitively, the most satisfied and the most productive.
3. The critical distinction in Grant's research: otherish giving (generous but with awareness of your own needs) consistently outperforms both selfless giving (which leads to burnout) and taking. Phase 2's people-pleasing work was about this distinction. Generosity from fullness is sustainable. Self-erasure is not.
4. Research on social capital (Robert Putnam) shows that communities with high levels of generosity — both material and relational — are more resilient, healthier, and more economically productive than those without. Generosity is not private virtue. It is collective infrastructure.","GENEROSITY AUDIT: In your journal, examine your current generosity practice. In what domains — time, attention, money, knowledge, emotional presence — are you genuinely generous? In what domains are you habitually calculating or withholding? What is driving the withholding — scarcity thinking, self-protection, exhaustion, or something else? Design one deliberate act of generosity this week that costs you something real (time, money, or genuine effort) and is given without expectation of return. Share: one domain where you want to develop a more generous orientation.","Sit quietly. Think of the most generous person you know — someone whose generosity you have genuinely felt. What is the quality of their presence? What makes their giving feel different from obligation? Now: what would it feel like to inhabit that quality yourself — not occasionally, but as your default orientation? What would change in your daily life?","Write a 'generosity commitment' — not a list of donations, but a description of the quality of presence and orientation you are choosing to practise.","Make one genuinely generous act today — something that costs you something real, given freely, without expectation of return.",Tell one person specifically what you appreciate about them — give them something genuine and specific that costs you nothing but attention.,Bring back: what happened when you gave generously this week? What did you notice in yourself?,I give from fullness. Generosity is not what I do occasionally — it is who I am becoming.,https://www.youtube.com/watch?v=M7SBFnFvPeY,YouTube: 'Are You a Giver or a Taker?' by Adam Grant TED Talk — evidence-based and directly relevant to this session. Also: Elizabeth Dunn 'Helping Others Makes Us Happier' TED Talk. Runtime ~13–15 min.,,,"FADE IN: A person arriving at a room — calculating, assessing, wondering what they will get. VOICE: 'This is the taker orientation. Most of us visit it more than we admit.' CUT TO: A different person, same room — arriving with something to offer. Not performing generosity. Just genuinely present and generous. VOICE: 'That's a different quality of arrival. A different kind of person.' CUT TO: The room responding to each person differently. The generous person, surrounded. Connected. VOICE: 'Generosity is not what you do. It is how you arrive.' FADE TO TITLE: Mindcast LIVE.",The Adam Grant 'givers vs takers' research is highly engaging and should be shared in some depth. The distinction between self-erasing generosity and sustainable otherish giving is essential — reference Phase 2 Week 19 people-pleasing explicitly. The 'quality of arrival' framing is powerful.,
46,Live It,Live It,Enough — Living From Sufficiency,Sufficiency is noticing what is already good instead of chasing the next thing.,Adult,The Stable Baseline,"Phase 3 Week 20 examined the scarcity mindset. Phase 4 goes further: what does it actually feel like to live from sufficiency — not as a belief, but as a practice? Not as an achievement of having enough, but as a daily orientation that returns to gratitude, presence, and the genuine recognition that what is here, right now, is enough to begin from.","What would have to be true for you to feel that you have enough — right now, today — to begin living fully? Not to stop growing, but to stop waiting? Most people's answer is some future condition. Examine that condition honestly.",The 'add to cart' feeling is a treadmill — one more thing never becomes enough. Today: name three things you already have that are genuinely enough.,"The Daoist principle of zhi zu — knowing when enough is enough — is not about limitation. It is about wisdom: the recognition that the relentless accumulation beyond genuine need produces diminishing returns and increasing anxiety. The person who knows enough is wealthy. The person who never knows enough is perpetually poor, regardless of what they have.","1. Research on the 'hedonic treadmill' (Brickman and Campbell) demonstrates that people rapidly adapt to improvements in their circumstances — returning to a stable baseline happiness level regardless of gains in wealth, status, or achievement. The implication: the pursuit of 'more' as a path to sufficiency is structurally impossible. The threshold keeps moving.
2. Sufficiency research (Lynne Twist, 'The Soul of Money') distinguishes between three toxic myths: there is not enough, more is better, and that's just the way it is. Each myth produces specific patterns of scarcity behaviour that can be examined and released.
3. Gratitude practice research (Robert Emmons) shows that deliberate, specific gratitude — noticing what is already present and valuable — produces measurable improvements in wellbeing, reduces anxiety, improves sleep, and strengthens relationships. It is not the same as toxic positivity. It is an active reorientation toward what is already here.
4. The distinction between sufficiency and complacency: sufficiency is a stable baseline from which growth continues. Complacency is the abdication of growth. They are not the same. You can know you have enough right now AND have ambitious intentions for what you are building.","SUFFICIENCY PRACTICE: In your journal, explore three questions: What do you already have — right now — that is genuinely sufficient to begin living from? (Not what you'll have when conditions are met, but what is present today.) Where in your life is 'not enough' thinking most active — and what does it cost you? Design a daily sufficiency practice: one moment each day where you deliberately notice what is already enough. Share: one thing that is genuinely enough that you have been treating as insufficient.",Sit quietly. Breathe slowly. Let the present moment be exactly what it is — without adding or subtracting anything. This breath. This body. This room. This community. This year's growth. This clarity. For one minute: this is enough. Not forever. Just now. Notice what is possible from here.,Write a daily sufficiency statement — one specific sentence you can say to yourself each morning that honestly names what is already enough to begin from today.,Say your sufficiency statement when you wake up tomorrow. See what it changes about how the day begins.,"Tell one person what you genuinely have enough of — not what you're grateful for in general, but one specific thing you recognise as enough right now.",Bring back: what happened when you practised the sufficiency statement for one week?,"I have enough to begin from. Right now. Today. And from this enough, I continue to grow.",https://www.youtube.com/watch?v=oHGKTZSe_k4,YouTube: Search 'Lynne Twist soul of money sufficiency talk' or 'hedonic treadmill research happiness explained' for the research base. Also: Robert Emmons on gratitude research is widely available. Runtime ~15–20 min.,,,"FADE IN: A person at a long table — a feast in front of them. But their eyes are on the next table. More food there. Better food. Larger portions. VOICE: 'They cannot taste what's in front of them. They are too busy looking at what they don't have.' CUT TO: Same person, different moment — eyes forward, eating slowly, present to what is here. VOICE: 'That is sufficiency. Not resignation. Presence. The ability to receive what is already here.' FADE TO TITLE: Mindcast LIVE.",The hedonic treadmill research is essential context for this session — it de-pathologises the scarcity drive while showing clearly why it cannot work as a path to genuine sufficiency. The daily sufficiency statement practice is highly practical. Reference Week 20 explicitly as the earlier exploration of this territory.,
47,Live It,Live It,The Long Game — Patience and Persistence,Growth is often invisible before it is visible; roots form long before the shoot appears.,Adult,Trusting the Process,"We live in a culture of instant feedback, rapid results, and the expectation that growth should be visible and immediate. The inner work done in this year does not follow that rhythm. Some of it has already changed you. Some of it will show up in five years. Some of it you will not understand until you look back. This week is about developing the orientation of the long game.",Think of the most significant positive change in your life — one that you can see clearly now but could not see while it was happening. How long did it take? And were you aware of it as it was occurring? What does that tell you about the long game?,"A seed spends weeks looking like nothing while it grows roots — don't dig it up to check. Today: recommit to one slow, unglamorous thing that's still growing underground.","The Daoist principle of wu wei includes patience — not passive waiting, but the trust that processes allowed to unfold in their natural time produce more durable results than those forced prematurely. The seed does not become the tree on the gardener's schedule. The practice is consistent, patient tending — without demanding the harvest before the season.","1. Research on behaviour change confirms that most durable transformations are not experienced as dramatic events but as gradual, barely-perceptible shifts that accumulate over time. The subjective experience of change often lags significantly behind the actual neurological and behavioural change that has occurred.
2. Carol Dweck's growth mindset research shows that people who understand intelligence and character as developable over time — rather than fixed — maintain motivation through setbacks and produce significantly better long-term outcomes. The long-game orientation is the growth mindset applied to a life.
3. Research on 'post-traumatic growth' timelines (Tedeschi) shows that the deepest growth following significant difficulty typically becomes visible 2–5 years after the initiating experience. People who are three months out from a significant inner journey are almost always looking at early evidence, not the full picture.
4. The daily practice is the long game made concrete: each day of showing up — to the habits, the values, the honesty, the community — is not producing immediate visible results. It is building the compound interest that will become unmistakable over years.","LONG GAME MAPPING: In your journal, write a letter to yourself to be opened in five years. Not a fantasy letter — a grounded one, based on the direction you've been building this year. What are you building toward? What do you trust will be true in five years if you continue showing up consistently? What would you want your future self to know you committed to today? Seal it (literally or metaphorically). Share: one thing you are trusting the long game with.",Sit quietly. Think about this year — 47 weeks of showing up. Think about how much has quietly shifted. Most of it not visible to others. Some of it barely visible to yourself. And yet: something is different. Something has built. That building is the long game in progress. Trust it. Keep showing up.,"Write your long-game intention for the next year — not goals, but direction. The quality of person you are continuing to build toward.","Today, show up for one practice you've built this year — not because you can see immediate results, but as a vote for who you are becoming over time.",Tell one person: 'Something I'm playing the long game with is...' — and name specifically what that means for how you'll show up this week.,Bring back: what did it feel like to play the long game deliberately — to act without immediate feedback?,I am building something that takes time. I show up every day. The compound interest is working.,https://www.youtube.com/watch?v=TQMbvJNRpLE,YouTube: Search 'Angela Duckworth grit and perseverance TED Talk' — the foundational research on long-game thinking and persistence. Runtime ~6 min.,,,"FADE IN: A tree — now fully grown, large and beautiful. VOICE: 'This took forty years.' CUT TO: The same tree thirty years ago — a sapling. Barely visible against the grass. VOICE: 'That sapling had no idea it would become this. And neither does anyone looking at it.' CUT TO: Someone planting a seed. Not the sapling — just the seed. VOICE: 'The long game begins not when you can see the tree. It begins when you plant the seed and keep watering it.' FADE TO TITLE: Mindcast LIVE.",The five-year letter exercise is one of the most powerful of Phase 4 — encourage people to actually seal and store it. The compound interest metaphor is worth spending time on. Some people will be impatient with how subtle the year's changes have felt — this session directly addresses that.,
48,Live It,Live It,Leaving People Better Than You Found Them,"Small, high-quality moments of connection ripple outward far beyond what we see.",Adult,Positive Externalities,"One of the simplest and most demanding practices available: leaving people better than you found them. Not dramatically better — not rescuing or fixing. Just slightly more seen, more valued, more capable of being themselves because of their encounter with you. This is the lived expression of everything this year has built.","Think of someone who has left you genuinely better than they found you — not through dramatic intervention, but through the consistent quality of their presence and their regard. What specifically did they do? What was the quality of their attention?","You leave a 'tip' in every interaction — a little brighter or a little dimmer. Today: leave one person brighter, on purpose.","The Confucian concept of ren — benevolence, humaneness — in its most practical form is exactly this: every encounter is an opportunity to extend genuine humanity toward another person. Not grand acts. Daily ones. A word of honest appreciation, a quality of genuine attention, a piece of honestly given wisdom — these are ren in practice.","1. Research on 'high-quality connections' (Jane Dutton, University of Michigan) shows that brief, positive interactions — characterised by genuine mutual regard, presence, and care — produce measurable positive effects on vitality, cognitive functioning, and resilience in both parties. The quality of an encounter matters enormously, even when the encounter is brief.
2. Research on 'micro-affirmations' (Mary Rowe, MIT) demonstrates that small, consistent acts of recognition — noticing someone's contribution, acknowledging their presence, expressing genuine appreciation — produce significant positive effects on confidence, belonging, and performance over time.
3. The practice of 'leaving people better' requires three consistent capacities developed throughout this year: genuine attention (from Phase 1), the ability to see others clearly without projection (from Phase 1 Week 11), and the willingness to offer what you have genuinely built (from Phase 4).
4. Research on meaning and contribution (Michael Steger) shows that the experience of mattering to others — being genuinely seen and valued in everyday interactions — is one of the strongest predictors of psychological wellbeing available. You have the capacity to provide that experience to every person you encounter.","LEAVING BETTER PRACTICE: Think about the five people you interact with most regularly. For each: Do they regularly leave interactions with you feeling more seen, more valued, and more capable? Or less? What one specific change in how you show up in each relationship would most reliably leave them better? Design a 'leaving better' practice for your most significant relationships — specific, observable, and genuine. Share: one relationship where you want to commit to leaving people better — and what that will look like.","Sit quietly. Think of one person in your life who you know is struggling — quietly, perhaps not obviously. Think about the quality of attention you have given them recently. Have they felt seen by you? Have they felt valued? What would it cost you to give them ten minutes of genuinely undivided attention this week — not to fix anything, but to let them feel genuinely received? That ten minutes could be the most significant thing you do this week.","Write a 'leaving better' intention for your three most important relationships — specific, observable, genuinely yours.","In every interaction today, ask yourself: 'Will this person be slightly better for having encountered me?' Even once — notice what happens when you orient toward that.","Give one person this week the gift of your full, undivided attention — with no agenda except their experience of being genuinely received.",Bring back: what happened when you deliberately oriented toward leaving someone better? What did you notice — in them and in yourself?,"Every encounter is an opportunity. I leave people better — seen, valued, more capable of being themselves.",https://www.youtube.com/watch?v=cDDWvj_q-o8,YouTube: Search 'Jane Dutton high quality connections research' or 'micro-affirmations Mary Rowe MIT workplace' for the research base. Also: search 'the power of genuine attention relationships research.' Runtime ~10–15 min.,,,"FADE IN: A person moving through their day — encounters with colleagues, family, strangers. After each, the camera shows the other person: slightly more themselves, slightly more present. VOICE: 'They didn't do anything obvious. They just showed up — genuinely, attentively, with care.' CUT TO: That person at the end of the day. Something quietly satisfied. VOICE: 'That is the practice. Not grand. Daily. The positive externality of a life lived well.' FADE TO TITLE: Mindcast LIVE.",The research on high-quality connections (Jane Dutton) is powerful and practical — brief encounters characterised by genuine regard have measurable positive effects. This is one of the most immediately actionable sessions of Phase 4. The 'ten minutes of undivided attention' practice is a specific and powerful commitment.,
49,Live It,Live It,Your Legacy — What You're Building Beyond Yourself,"Legacy is the ripple of who you were, felt in circles far beyond your own life.",Adult,What Are You Actually Building?,"Legacy is not what you leave after you die. Legacy is what you are building right now — through how you show up, what you model, what you teach, what you create, and who you help become. At 35, at 50, at 70: legacy is a present practice, not a future inheritance. This week we think about what we are actually building beyond ourselves.","If the people closest to you were asked to describe your legacy — not after your death, but right now, based on how you're currently living — what would they say? Is that the legacy you are choosing to build?",Drop a stone in a pond and the ripples reach edges you'll never see. Today: name one mark you want rippling out from how you live.,The Confucian concept of moral cultivation was always understood as inherently intergenerational. The sages cultivated themselves not only for their own flourishing but for the quality of presence they would offer to those around them and those who would come after. To live well is to leave something worth inheriting.,"1. Research on 'generativity' (Erik Erikson's seventh stage of psychosocial development) shows that the experience of contributing to something that outlasts the self is one of the strongest predictors of wellbeing in midlife and beyond. People high in generativity — actively concerned with establishing and guiding the next generation — report lower depression, greater life satisfaction, and stronger sense of purpose.
2. Research on 'role modelling' (Albert Bandura) demonstrates that the most powerful form of teaching and legacy is not what you say but what you model: the specific, observable behaviours you demonstrate consistently. Children and young people absorb far more from how the adults in their lives actually behave than from what those adults explicitly teach.
3. Research on relationship legacies (Dan McAdams) shows that the stories people tell about those who have shaped them focus almost entirely on qualities of presence, integrity, and genuine care — not on achievements, status, or material provision. The legacy of how you made people feel is more durable than the legacy of what you accomplished.
4. Legacy is not built in grand moments. It is built in daily choices — how you greet the people in your home, the quality of attention you bring to ordinary encounters, the consistency between what you profess and what you practise.","LEGACY DESIGN: In your journal, explore: What do you want to be the ongoing effect of your presence in the lives of your most important relationships? What qualities, values, or capacities do you want to pass on — not as instruction, but as modelling? What are you currently building that will outlast you — in your community, your relationships, your work? And: is how you're currently living genuinely building toward that legacy — or is there a gap? Share: one legacy you are consciously building right now.","Sit quietly. Think about the people who have shaped you most profoundly. What was it about them — specifically — that has lasted in you? Now think about the people you are shaping, consciously or not. What is lasting in them from you? Is it what you would choose? What would you change? That gap is your legacy work.","Write your current legacy statement — not what you hope to leave eventually, but what you are actively building right now, through how you live daily.","Make one choice today that is explicitly oriented toward the legacy you want to build — a quality of presence, a word honestly said, a model worth following.",Share your legacy statement with one person who is part of it. Tell them specifically what you are building — and invite them to hold you to it.,Bring back: what happened when you oriented toward legacy in an ordinary daily moment?,"I am building something that will outlast me. I build it now — in how I live, how I love, and how I show up.",https://www.youtube.com/watch?v=qp0HIF3SfI4,YouTube: Search 'generativity psychology Erikson legacy research' or 'what is your legacy Dan McAdams talk' for the research base. Also: Stephen Covey 'Begin with the end in mind' is widely available. Runtime ~15 min.,,,"FADE IN: A family scene — ordinary, daily. An adult and a child in an ordinary conversation. VOICE: 'This is where legacy is built. Not in speeches. In this.' CUT TO: The quality of attention. The quality of honesty. The quality of care in an ordinary moment. VOICE: 'They will remember this. Not that there was a conversation — the quality of it. The feeling of being truly received.' CUT TO: Years later — the child, now older, passing the same quality of presence to someone else. VOICE: 'That is legacy. How it lives and moves through time.' FADE TO TITLE: Mindcast LIVE.",The generativity concept (Erikson) is highly resonant for adults in midlife — name it explicitly. The distinction between legacy as future inheritance vs. legacy as present practice is the central reframe. The question 'what is lasting in them from you right now?' is the most productive prompt in this session.,
50,Live It,Live It,"Gratitude as a Practice, Not a Feeling","Gratitude is a trainable practice of specific noticing — the more you look, the more you find.",Adult,Deliberate Attention,"Gratitude is not a feeling you have when good things happen. It is a practice you choose regardless of circumstances — the deliberate, specific attention to what is already present and valuable. Research on gratitude is unambiguous: practised consistently, it is one of the most effective interventions available for wellbeing, resilience, and quality of relationship.","What is one genuine, specific thing in your life right now that you are genuinely grateful for — not a performance of gratitude, but something real that, when you actually stop and attend to it, produces a felt sense of genuine appreciation? Let yourself feel it for a moment.","Gratitude is a camera — the more you practise pointing it, the more good it finds in frame. Today: capture three specific good moments in words, not generic ones.","The ancient practices of gratitude — found in virtually every wisdom tradition — were never about performing happiness or denying difficulty. They were about deliberately redirecting attention to what is genuinely present and valuable, as a counter to the mind's natural negative-bias drift. The Daoist sage lives in appreciation of what is — not because everything is pleasant, but because appreciation is a more alive relationship with reality than complaint.","1. Robert Emmons and Michael McCullough's foundational gratitude research (2003) showed that people who wrote about things they were grateful for weekly reported higher wellbeing, more optimism, and more prosocial behaviour than those who wrote about daily hassles or neutral events. The effect was robust across replications and populations.
2. Gratitude practice changes brain structure: research by Andrew Newberg shows that regular gratitude practice produces measurable changes in neural activity, reducing amygdala reactivity (threat response) and increasing prefrontal engagement (reasoning and perspective). It is not just a mood improvement. It is a structural intervention.
3. The critical distinction: specific gratitude (naming exactly what you appreciate and why) produces significantly stronger effects than general gratitude ('I'm grateful for my life'). The specificity is the practice.
4. Gratitude in relationships: research on 'capitalisation' (Shelly Gable) shows that responding enthusiastically and specifically to others' good news produces stronger relationship quality than almost any other relational behaviour. Expressed gratitude is a relational practice, not just a personal one.","GRATITUDE PRACTICE DESIGN: Design a sustainable, specific gratitude practice for the next year. Not 'write three things I'm grateful for' in a generic sense — but a practice that is specific enough to be genuinely yours: a particular time, a particular format, a particular level of specificity. The practice should name not just WHAT you're grateful for but WHY it specifically matters to you. This week: practise it every day. Share: your gratitude practice design — the specific format and one example of what specific gratitude looks like for you.","Sit quietly. Bring to mind three specific things from this year — three moments, relationships, or qualities of experience that, when you fully attend to them, produce genuine felt appreciation. Not performed. Real. Stay with each one for one full minute. Let the felt sense of gratitude land fully. Notice what changes in your body. That is not a mood. It is a shift in physiological state.","Write five specific gratitude statements — each naming exactly what you're grateful for, exactly why, and the specific felt quality of it.",Practise your designed gratitude practice every day this week without missing a day.,"Express specific gratitude to one person every day this week — not 'thank you,' but what specifically you appreciate about them and why.",Bring back: what happened when you practised specific gratitude consistently for one week?,"Gratitude is my daily practice — specific, felt, genuine. It is how I keep my attention calibrated toward what is real.",https://www.youtube.com/watch?v=WPPPFqsECz0,YouTube: Robert Emmons on gratitude research — search 'Robert Emmons gratitude research talk YouTube.' Widely available and directly relevant. Also: search 'gratitude and brain structure neuroscience.' Runtime ~15 min.,,,"FADE IN: Two people looking at the same morning. One sees: grey sky, traffic, too much to do. The other sees: coffee that's hot, a person they love asleep in the next room, the fact that their body works. VOICE: 'Same morning. Different attention.' CUT TO: The second person's day unfolding — slightly more alive, slightly more present. VOICE: 'Gratitude is not pretending. It is attending. To what is actually here.' FADE TO TITLE: Mindcast LIVE.","The specificity point is essential to communicate clearly — generic gratitude produces much weaker effects than specific gratitude. The practice design should be genuinely personalised, not a template. The expressed gratitude practice (telling someone specifically what you appreciate) is the highest-impact exercise of this session.",
51,Live It,Live It,The Ongoing Practice — There Is No Arrival,Growth has no finish line; the practice itself is the destination.,Adult,The Practice That Keeps Practising,"There is no arrival. Not in Week 52, not in five years, not ever. The inner work is not a problem to be solved and a destination to be reached. It is a practice — ongoing, deepening, always unfinished, always richer. This week we embrace that truth not as disappointing but as liberating.",What has shifted in how you relate to the idea of 'having it together' or 'being sorted' over the course of this year? How has your relationship with the ongoing nature of growth changed?,"There's no 'finish line' notification for growth — the walk is the point. Today: name the one practice you'll keep for life, arrival or not.",The Daoist master is not the one who has finished the practice. The master is the one who has understood that the practice never finishes — and who has found genuine delight in that fact. The absence of arrival is not failure. It is the nature of a living practice. It is the thing that makes it alive.,"1. Research on post-formal thinking (Michael Bassett, Jan Sinnott) describes a developmental advance beyond formal logical thinking: the capacity to hold contradiction, ambiguity, and the ongoing nature of knowledge. Post-formal thinkers are more comfortable with the incomplete, the in-progress, and the perpetually developing. This is not a personality trait. It is a developable capacity.
2. The 'arrival fallacy' (Tal Ben-Shahar) — the belief that reaching a particular goal will produce lasting satisfaction — is one of the most well-documented contributors to chronic dissatisfaction. Research shows that the most content people are not those who have achieved a stable state of happiness, but those who find meaning in the ongoing process of living well.
3. Research on identity development across the lifespan (Erikson, McAdams) consistently shows that identity is not completed in young adulthood — it continues to develop and deepen through every life stage, with significant revisions possible at any age when catalysed by honest reflection and genuine community.
4. The sustainability of the practices built this year depends on understanding them as ongoing rather than completed. Habits maintained. Values revisited. Community invested in. Inner work continued. Not because you haven't finished — because there is no finished. There is only the practice.","PRACTICE SUSTAINABILITY AUDIT: In your journal, for each of the four Phase areas: Which practices from Phase 1 (seeing) do you want to maintain ongoing? Which from Phase 2 (releasing) are still active — what is still unlearning? Which from Phase 3 (rebuilding) needs continued daily attention? Which from Phase 4 (living) are you committed to as permanent orientation? Design your 'ongoing practice' — not a year-long programme, but a sustainable daily/weekly rhythm you can maintain indefinitely. Share: your ongoing practice design.",Sit quietly. Think about who you were at Week 1. Think about who you are now. Think about who you will be in five years if you keep showing up to this practice. The journey is not finished. It is well underway. And it will never finish — which is not a disappointment. It is the whole point. The practice is the thing that keeps you alive.,Write your ongoing practice — the sustainable rhythm of inner work that you will maintain beyond this year.,"Choose one practice from this year and commit to it for the next month — no programme, no group, just you and the practice. Notice what it's like to own it fully.",Tell one person that the inner work doesn't end — and that you're not trying to finish it. Share what your ongoing practice looks like.,Bring back: what does it feel like to embrace the ongoing nature of the practice?,I am not arriving. I am practising. The practice is the destination.,https://www.youtube.com/watch?v=sPOuCd6cBao,"YouTube: 'This Is Water' by David Foster Wallace — about the ongoing, daily work of conscious living. One of the most important pieces of content of the year. Runtime ~9 min.",,,"FADE IN: A person reaching what they thought was the summit. Standing there. And seeing: more mountains. Not disappointment on their face — recognition. VOICE: 'This is not the summit. This was never the summit.' CUT TO: The person beginning again — not deflated, but settled. They know now. VOICE: 'There is no arrival. There is only the ongoing walk. And the ongoing walk — well lived — is the whole point.' FADE TO TITLE: Mindcast LIVE.",The reframe of 'there is no arrival' can be profoundly liberating — or initially disappointing for people who have been holding Week 52 as a finish line. Name that tension directly and address it honestly. The ongoing practice design is one of the most important practical outcomes of the whole year.,
52,Live It,Live It,Integration — A Year of Becoming,"One year on, you are not finished — you are beginning, with tools, a compass, and a self you've met.",Adult,The Ceremony of Acknowledgment,"Fifty-two weeks. Four phases. One year of genuine inner work — seeing clearly, unlearning what no longer serves, rebuilding from values, and living it outward into the world. Week 52 is not a graduation. It is a milestone in an ongoing practice. Today we honour the work, acknowledge the transformation, witness each other, and step forward carrying everything this year has made possible.","If you had to name the single most significant shift that has occurred in you over the past 52 weeks — not the most visible or the most dramatic, but the most real — what would it be?","You're not closing a book, you're turning to a blank page with a full backpack and a compass. Today: write the first line of next year's chapter.","In the oldest traditions of inner work, the final ceremony was not about the teacher pronouncing the student complete. It was about the student pronouncing themselves in ongoing practice — publicly, in community, with full awareness of what had been done and what remained to do. This is that ceremony.","1. Research on transformative learning (Jack Mezirow) describes learning that changes the fundamental frame of reference through which a person understands themselves and the world. It is characterised by: a disorienting dilemma (encountering what doesn't fit the current frame), critical self-examination, rational discourse with trusted others, and taking action consistent with the new perspective. This year has been transformative learning.
2. Research on the 'end of history illusion' (Quoidbach, Gilbert, Wilson) shows that people consistently underestimate how much they will continue to change in the future. People ten years from now will look back on their current selves with similar surprise to how they look back on who they were ten years ago. The transformation continues. This year is not the whole story.
3. The integration of a significant growth experience requires what psychologists call 'narrative consolidation' — the capacity to tell a coherent story that includes who you were, what changed, why it changed, and who you are becoming. This session is that story-telling.
4. Community witnessing — having your growth acknowledged by people who have known you across the journey — is one of the most powerful consolidation mechanisms available. This session is that witnessing.","YEAR IN REVIEW — THE CEREMONY: In your journal, write the full answer to these four questions. Take as long as you need. 1. Who was I when I walked into Week 1? (Be honest — not harsh, but genuine.) 2. What has genuinely shifted — in how I see, what I've released, what I've built, how I now live? 3. What do I carry forward from this year that I didn't have before? 4. What is my commitment for the next year — the ongoing practice I am choosing? Then, in the group: each person shares one answer from any question — witnessed in silence by the whole community. No advice. No commentary. Just witnessing. The witnessing is the ceremony.","Sit in silence for five minutes. The whole arc of the year — all 52 weeks. Everything that was looked at, released, built, and lived. Let it land. Not as pride, not as relief — as genuine acknowledgment of something real that was done. Place your hand on your heart. You showed up. Every week. That is no small thing.",Write a letter to someone who might begin this journey next year. What do you want them to know?,"Live one day this week with total intentionality — from every practice this year, in full expression. Notice what a life built from this year's work actually feels and looks like.",Tell someone outside this group: 'I've done a year of serious inner work. One thing that genuinely changed is...' Own it. Fully. Without qualification.,Come to the final session ready to share your four-question year review — or one line from it.,"I have done this work. I carry it forward. The practice continues — deeper, richer, more genuinely mine.",https://www.youtube.com/watch?v=sPOuCd6cBao,YouTube: 'This Is Water' by David Foster Wallace — the closing piece of content for the year. Also consider showing a brief meditative 'year in review' montage if you have created video content across the year. Runtime ~9 min.,,,"FADE IN: Week 1 — the beginning. A person at a threshold. Uncertain. Beginning. VOICE: 'Fifty-two weeks ago.' CUT TO: Montage — not of dramatic moments, but of ordinary ones: someone writing in a journal, someone genuinely listening, someone making a values-aligned choice, someone offering something real to another person. VOICE: 'Every week. Showing up.' CUT TO: Now. The same person — genuinely different. Not fixed. Alive. In practice. VOICE: 'That is not a graduation. It is a beginning. The beginning of the rest of a life lived from the inside out.' FADE TO TITLE: Mindcast LIVE — A Year of Becoming.","MAKE THIS SESSION EXTRAORDINARY. This is the ceremony. The year's arc completing. People have done real, durable, genuine inner work. Honour it fully: candles, music, physical space transformed, letters read aloud, witnessed silence. The community that has formed over 52 weeks deserves to be explicitly celebrated. The commitment to ongoing practice is the closing act — not 'goodbye' but 'continuing.'",
