﻿Week,Phase,Block Theme,Weekly Theme,Audience,Session Title,Core Concept,Opening Hook,Signal Metaphor,Ancient Wisdom Reframe,Teaching Points,Experiential Exercise,Guided Reflection,Journaling Prompt,Weekly Practice (Mon),Weekly Practice (Wed),Weekly Practice (Sun),Core Affirmation,Video Link (YouTube),Video Description,Film Script (2min Narration),Facilitator Notes
1,1,See Clearly,The Signal and the Noise,Child,Finding Your Station,Sometimes our thoughts and feelings get really noisy — like a radio with too much static. Today we practise noticing when we feel like ourselves versus when we feel a bit lost or scrambled.,"Can anyone tell me about a time they felt really, really good — like everything just felt right? What were you doing?","Imagine your brain is a radio. When you tune it just right, you hear the music clearly. When it's on the wrong station, it's just crackle and noise. Today we practise finding your station.","Have you ever seen a lighthouse? Even in a really big storm with waves crashing and wind howling, the lighthouse light just keeps going — steady and calm. You have something like that light inside you too.","1. Everyone has big feelings and busy thoughts — that's normal and okay. | 2. Some feelings are like signals — they tell us something true about what we need or want. | 3. Some feelings are like static — messy and confusing, usually when we're tired or scared or trying too hard to fit in. | 4. Today we just start noticing the difference — and that's a superpower.",THE FEELINGS DIAL: Draw a big circle like a radio dial. On one side write 'SIGNAL' and draw a smiley face. On the other write 'NOISE' and draw a wiggly face. Think of a feeling you had this week. Was it signal or noise? Draw or write it on the right side of the dial. Share with the group if you want to.,"Let's all sit quietly for one minute. Close your eyes if you want to. Think of a moment this week where you felt happy, safe, or really yourself. Put your hand on your heart. That feeling? That's your signal. Remember what it feels like.",Draw a picture of what it looks like inside your head when you feel calm and good.,Notice when you feel 'signal' today — tell someone about it!,Tell a grown-up about one time this week you felt really like yourself.,Come back ready to share one 'signal moment' from your week.,"My feelings are talking to me, and I'm learning to listen.",https://www.youtube.com/watch?v=nj2ofrX7jAk,"YouTube: Daniel Siegel 'The Whole Brain Child' animated explanation — how emotions work in the brain, made accessible for children. Runtime ~5 min. Companion book: 'What To Do When You Worry Too Much' by Dawn Huebner.","FADE IN: A child's bedroom — toys everywhere, thoughts swirling like cartoon clouds above their head. VOICE (warm, gentle): 'Sometimes it feels really noisy in here, doesn't it?' CUT TO: The child takes a slow breath. The clouds slow down. One cloud glows — it's a happy memory. VOICE: 'That glowing one? That's your signal. You've always had it.' FADE TO TITLE: Mindcast LIVE — Tune Into Your Inner Self.",Use visuals and movement where possible. Keep reflection time SHORT — 30 seconds max for young children. Story time recommended: ask children to bring a book about feelings for next week.
2,1,See Clearly,The Stories We Carry,Child,What's in Your Backpack?,"We all have little voices in our head that say things about us — sometimes kind things, sometimes not-so-kind things. Today we meet those voices and find out where they came from.",Has anyone ever had a thought like 'I'm not good at that' or 'that's not for me' — and wondered where it came from?,"Imagine you have a tiny invisible backpack you carry everywhere. Inside it are all the things people have ever said to you, or things that happened that made you feel a certain way about yourself. Today we look inside the backpack.","There's a story about a baby elephant tied to a small post. As a baby it tried to pull free, couldn't, and eventually stopped trying. Years later, fully grown, the elephant stays next to the tiny post without even pulling. The rope hasn't changed. The elephant has. We carry stories the same way.","1. Everyone has an inner voice — the thoughts we have about ourselves. | 2. Some of those thoughts come from things that happened to us — things people said, or times we felt embarrassed or not good enough. | 3. Those thoughts aren't always true. They're just old stories we started carrying. | 4. Just because a thought is old and loud doesn't mean it's right.","BACKPACK ACTIVITY: Each child gets a paper 'backpack' outline to draw on. Inside the backpack, draw or write 2 things you believe about yourself — one good thing, one thing that sometimes makes you feel bad. Around the outside of the backpack, write where you learned it (e.g. 'school,' 'a friend said,' 'something that happened'). Share the good thing with the group. The harder thing is private unless they choose to share.","Close your eyes and imagine your backpack. Now imagine taking out the heavy thing — the not-so-kind thought — and looking at it. Who put it there? When? Now imagine a kind, wise grown-up taking it from you and saying: 'You don't have to carry this. It was never yours to carry.'",Draw a picture of yourself WITHOUT the heavy thing in your backpack. What do you look like?,Notice one kind thought about yourself today. Write it down or tell someone.,"Tell a grown-up one thing in your 'backpack' — something you believe about yourself, good or tricky.",Bring your backpack drawing back and be ready to share one thing from it.,I get to choose which stories I carry.,https://www.youtube.com/watch?v=pTp0O-b0LFI,YouTube: 'The Most Magnificent Thing' read-aloud — story about a girl who tries and fails and learns to persist. Runtime ~8 min. Companion book: 'What Do You Do With a Problem?' by Kobi Yamada.,"FADE IN: A cartoon child carrying a big backpack, walking slowly. VOICE (gentle): 'Inside that backpack are stories. Some of them are beautiful. Some of them are really heavy.' CUT TO: Child sets the backpack down and looks inside. VOICE: 'Not everything that's heavy belongs to you.' CUT TO: Child stands up taller, backpack lighter, walking forward. FADE TO TITLE: Mindcast LIVE.",Use physical props if possible — a real small backpack to put cards in works wonderfully. Ensure children know they don't have to share private thoughts. Have a quiet corner available.
3,1,See Clearly,The Pattern Interrupt,Child,The Pause Button,Sometimes we do things we didn't really mean to — like snap at someone or say something unkind — almost before we even knew we were doing it. Today we learn a superpower: the pause.,"Has anyone ever said or done something, and then straight away wished they hadn't? Tell me about what that feels like in your body — tummy? chest? face?",You know the remote control for the TV? It has a pause button. YOUR brain has one too — it just takes practice to find it. Today we find it.,"In old stories, the wisest characters — the ones who could solve the hardest problems — were always the ones who could be still. Not frozen. Still. There's a difference. Stillness is a superpower.","1. When something upsets us, our brain sends a really fast 'danger' signal — almost like a fire alarm going off. | 2. When that happens, we might yell, hide, cry, or freeze — before we even think about it. | 3. That's not bad or wrong — it's just our brain doing its job. | 4. But here's the cool thing: we can learn to press PAUSE — take one breath, count to three, notice the feeling — and then decide what to do next. That pause is a superpower. Really.","THE PAUSE BUTTON ACTIVITY: Everyone gets a card with a big PAUSE symbol on it. Practise the pause together: Clap hands once (the trigger). Everyone presses their 'pause button' card against their heart and counts 1-2-3 slowly while breathing. Role play: Facilitator pretends to say something frustrating. Children press pause, count, breathe, then decide how to respond. Practise 3 times. Make it fun and slightly silly.","Close your eyes and imagine you have a real pause button — glowing, right in the middle of your chest. Think of something that happened this week that made you feel big, fast feelings. Now imagine pressing the pause button. What happens in your body when you do?",Draw your pause button. What colour is it? What does it look like? Where on your body would it be?,"When you feel a big, fast feeling today, try pressing your imaginary pause button before you react.",Teach someone at home about the pause button. Show them how it works.,Bring your pause button drawing and a story about one time you tried to use it!,"When I feel a big feeling, I can pause. I am in charge of what happens next.",https://www.youtube.com/watch?v=BVAaomgzFCM,"YouTube: 'Sesame Street — Common and Colbie Caillat: Belly Breathe' — fun, accessible breathing and pause technique for young children. Runtime ~3 min. Companion book: 'When Sophie Gets Angry — Really, Really Angry' by Molly Bang.","FADE IN: A cartoon child is about to stomp off after something annoying happens. VOICE: 'Can you see the moment? Right there — just before the storm?' CUT TO: The child's hand moves to their chest. Press. Pause. 1-2-3. VOICE: 'That's the pause button. Everyone has one.' CUT TO: The child makes a different choice. Smiles a little. VOICE: 'And the more you use it, the stronger it gets.' FADE TO TITLE: Mindcast LIVE.",The pause button card is a tangible anchor children can take home. Coordinate with parents to reinforce the language at home. Make the role-play fun so children associate it with positive feelings.
4,1,See Clearly,What Your Body Is Telling You,Child,Your Feelings Weather Station,"Our bodies are amazing messengers! They tell us when we're scared, excited, tired, or happy — all with feelings inside our body. Today we learn to listen to those feelings.",Can you show me what your body looks like when you're really happy? Now scared. Now proud. Did you notice your BODY changes when your feelings change? Feelings live in the body!,Your body is like a feelings weather station — it has instruments to help you know what's happening inside. A tummy that flips might mean butterflies of excitement or worry. A tight chest might mean you need a hug. Today we learn to read the weather report.,"There's an old idea that our body, heart, and mind are all connected — like a three-part team. When they're all working together, we feel strong and good. When one part is ignored, we get wobbly. Today we check in with the whole team.","1. Feelings start in the body — before you even have a word for them. | 2. A tummy that feels wobbly might mean excited OR nervous — and you can learn to tell the difference! | 3. Listening to your body helps you know what you need: rest, fun, a hug, a drink of water, or just to say what's on your mind. | 4. Your body is your friend and it's always trying to help you.","FEELINGS WEATHER STATION: Each child gets a body outline. Facilitator calls out feelings: happy, scared, excited, tired, proud, embarrassed, angry, loved. Children colour or mark where they feel each one in their body. Share: 'Where do YOU feel happy? Where do you feel nervous?' Discuss: we all feel things in slightly different places — and that's amazing!",Let's do a feelings check-in together. Breathe slowly three times. Then: 'What is your body telling you right now?' Put your hands on your belly. What does it feel like? Wobbly? Still? Warm? Tight? That's information. Your body is talking. We're learning to listen.,Draw what your body looks like on the inside when you feel your favourite feeling.,"Three times today, ask yourself: 'What is my body telling me right now?' Tell a friend what you find!",Ask a grown-up: 'Where do YOU feel nervous in your body?' Compare answers!,Bring back your feelings body map and share one new thing you discovered about your feelings.,My body helps me understand my feelings. We are a great team.,https://www.youtube.com/watch?v=nj2ofrX7jAk,YouTube: 'Emotions and the Brain for Kids' — fun animated explanation of how emotions work in the body. Runtime ~5 min. Companion book: 'The Colour Monster' by Anna Llenas — beautiful exploration of identifying feelings through colour.,"FADE IN: Animated body outline. Different feelings light up different parts — glowing yellow for happy, blue for sad, red for angry. VOICE (warm, playful): 'Did you know feelings don't just live in your head? They live ALL over!' CUT TO: Child touching tummy — the butterflies glow there. VOICE: 'Your body is the most amazing feelings machine. And it's always trying to help you.' FADE TO TITLE: Mindcast LIVE.","Body map activity is highly engaging — use lots of colour. Keep the focus entirely on internal feelings, never on appearance. The 'feelings weather station' language can be used throughout the whole year as a check-in tool."
5,1,See Clearly,The Mirror — How We See Ourselves,Child,The True Mirror,"Have you ever looked in a funny mirror that made you look tall or wiggly or squished? Today we think about the mirror we use to look at ourselves — and make sure it's a good, true one.","If I drew a picture of you, what would I need to include to make it REALLY you? Not just what you look like — what makes you YOU?",Some mirrors in your head show you looking great. Some show you looking terrible. And sometimes neither is completely true! Today we find the mirror that shows the REAL you — with all the good stuff AND the stuff that's still growing.,There's an old story about a lion cub raised by sheep. It grew up thinking it was a sheep — timid and small. Until one day it saw its reflection in a river and heard a real lion roar. The cub had always been a lion. It just didn't have the right mirror. You might be missing some things about yourself too.,"1. Everyone is amazing at some things and still learning at others — and BOTH are true at the same time. | 2. Sometimes when we look at ourselves we only see the hard stuff — the mistakes, the things we can't do yet. | 3. Sometimes we only want to see the good stuff and we don't want to hear when something needs to get better. | 4. The best mirror is honest AND kind — it shows our real strengths AND the places we're still growing.",THE TRUE MIRROR ACTIVITY: Each child draws a large mirror outline. On the LEFT side: draw or write 3 things you're genuinely good at or proud of. On the RIGHT side: draw or write 1 thing you're still learning or working on — this is brave! Decorate the frame with things that matter to you. Share your mirror with the group — at least one thing from each side.,"Look at your mirror drawing. Now close your eyes and imagine a really wise, kind grown-up looking at you and saying: 'I see all of this, and I think you are wonderful AND still growing. Both of those are true. Both of those are good.' How does that feel?",Draw or write about something you're proud of about yourself that you don't talk about very much.,Tell yourself one true kind thing today. Then tell someone else one true kind thing about THEM.,Ask a grown-up: 'What do you think I'm really good at?' Write it on the frame of your mirror.,Bring your mirror drawing back and add something new you discovered about yourself this week!,I can see myself clearly — the strong parts AND the growing parts. Both of them are me.,https://www.youtube.com/watch?v=0ZcfX2862XE,YouTube: 'The Dot' read-aloud by Peter H. Reynolds — a child discovers their own creativity and ability through brave action. Runtime ~8 min. Companion book: 'I Am Enough' by Grace Byers — affirming picture book about being exactly who you are.,"FADE IN: A child holds up a drawing of themselves — small, uncertain. VOICE: 'This is how they see themselves today.' CUT TO: The drawing slowly fills in more details — colours, strengths, a smile. VOICE: 'But there's so much more that's already there.' CUT TO: Child looking at the finished drawing, surprised and pleased. VOICE: 'The mirror only shows the real you when you're brave enough to look properly.' FADE TO TITLE: Mindcast LIVE.",The mirror craft is a session highlight — prepare materials in advance. Emphasise that BOTH strengths AND growing areas belong in the mirror — this normalises ongoing growth. Display mirrors on the room walls with permission — creates a powerful visual of collective self-awareness.
6,1,See Clearly,The Comparison Loop,Child,Your Own Puzzle,"Sometimes we look at other people and wish we were more like them — that we had what they had or could do what they can do. Today we learn why comparing isn't as useful as it feels, and what to do instead.",Has anyone ever wished they could do something that someone else can do? What does it feel like in your tummy when you compare yourself to someone else?,"Imagine everyone has a different-shaped puzzle. Your puzzle is yours — and only your pieces fit it. When you try to compare your puzzle to someone else's, the pieces don't fit and it gets confusing. Today we focus on finding YOUR puzzle pieces.","There's an old idea about flowers: a daisy doesn't look at a rose and wish it were a rose. A daisy is a perfect daisy. When it tries to be a rose, it forgets to be what it is. You are already your own kind of flower. And that's brilliant.","1. Everyone is good at different things — and that's what makes people interesting! | 2. When we compare ourselves to others, we usually only look at the thing they're good at and forget all the amazing things we can do. | 3. Comparing can make us feel bad without actually helping us get better at anything. | 4. What DOES help is looking at how much WE have grown — comparing ourselves to who we were yesterday, not who someone else is today.","YOUR AMAZING PUZZLE: Each child gets a puzzle outline with 4–6 large pieces. In each piece, draw or write one thing you're good at, one thing you love, one thing that makes you you. Look at your completed puzzle: no two are the same! That's the point. Share: 'One piece of my puzzle that's completely unique to me is...'","Close your eyes. Think of one thing you can do now that you couldn't do a year ago. It doesn't have to be big. Maybe you can read harder books, ride a bike, make a new friend, or be kinder when you're having a bad day. That's YOUR growth. Nobody else's. It belongs completely to you.",Draw or write about something you've gotten better at this year. How did it make you feel to notice that?,"Each time you catch yourself wishing you were more like someone else, ask: 'I wonder what I'm good at that they might not be?'",Tell a grown-up one thing you've gotten better at this year that you're really proud of.,"Bring your puzzle back and add one new piece — something new you noticed about what makes you, you!",I am my own kind of amazing. My puzzle is exactly right for me.,https://www.youtube.com/watch?v=kMyk8xSMnzY,YouTube: 'You Are Special' by Max Lucado read-aloud — a beautiful story about where worth really comes from. Runtime ~8–10 min.,"FADE IN: A field of different flowers — each one different, all beautiful. VOICE: 'What if a daisy tried to be a rose? It would forget to be a daisy.' CUT TO: A daisy, fully open, glowing in morning light. VOICE: 'You are already the most complete version of you. Growing into MORE of yourself — not into someone else.' FADE TO TITLE: Mindcast LIVE.",The puzzle activity is very popular with this age group — make the puzzle pieces large enough for drawing. Celebrate the uniqueness of every puzzle loudly and genuinely. Avoid any competitive element in sharing.
7,1,See Clearly,The Inner Critic,Child,Meeting the Gremlin,"Sometimes we have a mean little voice in our head that says unkind things about us — like 'you can't do that' or 'you're not good enough.' Today we find out that this voice isn't telling the truth — and we learn to find the kinder, truer voice.",Has anyone ever had a thought like 'I can't do this' right before trying something hard? Where do you think that thought comes from?,"Imagine there's a grumpy little gremlin who lives in your head and loves to say negative things. He's loud and sometimes scary — but actually he's tiny and not very bright. Today we meet the gremlin, figure out why he's there, and decide he doesn't get to be the boss.",In old stories the wisest characters always had to face a trickster — a creature who tried to confuse them and make them doubt themselves. The trick was always the same: the trickster has no real power once you name him. 'I see you.' That's all it takes.,"1. Everyone has a 'worry voice' or 'mean voice' sometimes — it's normal and doesn't make you a bad person. | 2. That voice usually shows up when we're trying something new or scary — because it's trying in a clumsy way to protect us from being hurt. | 3. But the voice isn't very smart — it can't tell the difference between 'genuinely dangerous' and 'just new.' | 4. We can notice the voice, say hello, and then listen to our KINDER inner voice instead — the one that sounds like a true friend.","MEET THE GREMLIN: Everyone draws their 'inner critic gremlin' — what does yours look like? Name it (e.g. Doubty, Grumpy Gus, The Worrier). Now write or draw one thing your gremlin says a lot. Now draw or write what your 'inner friend voice' says instead — the kindest, most honest thing. Share your gremlin's name with the group — the sillier the better!","Close your eyes. Imagine your gremlin — small, grumpy, standing on your shoulder. Hear what it says. Then look at it and say inside your head: 'I see you, [gremlin name]. You don't have to run things today.' Now imagine your kind inner friend voice — warm, sure, on your side. What does it say?",Draw a comic strip: Panel 1 — the gremlin speaks. Panel 2 — you notice it. Panel 3 — you choose the kind voice instead.,"Every time you hear your gremlin today, give it a name and then listen for the kinder voice.",Tell a grown-up about your gremlin and give it a name. Ask them if they have one too!,Bring your gremlin drawing and your 'kind voice' back to share with the group!,I have a grumpy gremlin AND a kind friend inside me. I choose to listen to the friend.,https://www.youtube.com/watch?v=0ZcfX2862XE,YouTube: 'Beautiful Oops' read-aloud — story about characters with inner critics learning to change perspective. Runtime ~8 min. Companion book: 'Wemberly Worried' by Kevin Henkes — a mouse who worries about everything and learns she is more than her worries.,"FADE IN: Cartoon child with a tiny grumpy gremlin on their shoulder, whispering negative things. VOICE: 'Everyone has a gremlin. Some are louder than others.' CUT TO: The child looks at the gremlin. Smiles. 'I see you, Doubty.' Gremlin shrinks a little. Looks surprised. VOICE: 'You can't un-have the gremlin. But you can choose who gets the microphone.' FADE TO TITLE: Mindcast LIVE.","Children LOVE naming their gremlin — the sillier the name the better, as it immediately reduces the power of the voice. Display gremlin drawings on the wall throughout Phase 1. Remind children the gremlin is not bad or wrong to have — it's just not the boss."
8,1,See Clearly,Beneath the Surface — Emotions as Data,Child,The Feelings Iceberg,"Feelings are like messages your heart sends you. Sometimes the messages are easy to understand — 'I'm happy!' or 'I'm sad.' But sometimes feelings are tricky and hidden, like treasure buried under sand. Today we learn to dig and find what's really there.",Has anyone ever been in a bad mood and not quite known WHY? Or been really angry but not sure what you were actually upset about? That's the feelings iceberg! Today we dig under the surface.,"Imagine feelings are like an iceberg. The part you can see above the water is the easy bit — 'I'm angry!' But under the water there's a lot MORE going on — maybe you're actually scared, or hurt, or lonely. Today we look under the water.",There's an old story about a mother bird who always knew what her babies needed — even before they knew themselves. She didn't fix it — she listened to the sounds they made. Different sounds meant different things. You are your own mother bird. Your feelings are always making sounds. Today we learn the language.,"1. Big feelings like anger or grumpiness sometimes have smaller, sadder feelings hiding underneath them. | 2. It's okay — and brave — to look underneath and find out what's really there. | 3. When you find the real feeling, it usually gets a little easier to carry. | 4. You don't always have to fix the feeling — sometimes just knowing what it is makes it feel better.","THE FEELINGS ICEBERG: Everyone gets an iceberg drawing — a triangle shape with half above the 'water line' and half below. Above the water: draw or write the feeling everyone can see when you're upset (e.g. angry, grumpy, quiet). Below the water: draw or write what might really be there underneath (e.g. scared, lonely, tired, embarrassed). Facilitator shares an example first. Share: 'Above my waterline, people might see...'",Close your eyes. Think of the last time you felt a big feeling that was confusing. Now imagine it like an iceberg. The top part — what everyone could see. The bottom part — what was really going on inside. You don't have to tell anyone the bottom part. Just being brave enough to look is enough.,Draw your feelings iceberg for today. What's above the water? What might be underneath?,"When you feel a big feeling today, whisper to yourself: 'I wonder what's really going on underneath?'",Show a grown-up your iceberg drawing and explain it to them. Ask them to draw their iceberg too!,Bring a new iceberg drawing showing a feeling you had this week. What did you find underneath?,"When I look underneath my feelings, I find the real message. And I am brave enough to look.",https://www.youtube.com/watch?v=d3N7Kgb3JtE,"YouTube: 'Inside Out emotions explained for kids' — short clips from Pixar's Inside Out explaining how different emotions work together. Runtime ~3–5 min for clips. Companion book: 'The Feelings Book' by Todd Parr — bright, simple, inclusive celebration of the full range of feelings.","FADE IN: Animated iceberg. The tip visible above gentle waves — labelled 'ANGRY.' VOICE: 'That's what everyone sees...' CUT TO: Underwater. Huge chunk of iceberg visible — labelled 'SCARED, LONELY, TIRED, CONFUSED.' VOICE: '...but this is what's actually there.' CUT TO: A child looking at their own iceberg drawing, nodding slowly. VOICE: 'When you know what's really there, you can actually do something with it.' FADE TO TITLE: Mindcast LIVE.",The iceberg is brilliantly visual for this age. Make it physical — large printed icebergs with a clear water line. The 'Inside Out' reference will resonate strongly with this generation. Reassure children that the below-water part is for them — they don't have to share.
9,1,See Clearly,The Wounds We Carry,Child,The Stone in Your Pocket,"Sometimes things happen that make us feel sad, scared, or hurt — and even when those things are over, we might still feel them inside. Today we talk about those feelings in a gentle, safe way, and remember that carrying something hard doesn't mean we're stuck with it forever.","Has anyone ever had a bad day, or a bad thing happen, and it kept making you feel yucky even after it was over? That's completely normal. Today we talk about that.",Imagine you found a heavy stone and put it in your pocket. You might forget it's there after a while — but it's still making everything a little harder. Sometimes our feelings are like that. Today we look at the stones we might be carrying and decide which ones we can put down.,In old stories the bravest characters were never the ones with no fears or no hurts. They were the ones who knew about their fears — and went anyway. Bravery is not the absence of hurt. Bravery is carrying what's real and continuing forward.,"1. Hard things happen to everyone — that's part of being human. | 2. When something hard happens, sometimes the feeling doesn't go away straight away. It might stay in your tummy or make you feel quiet or sad for a while. | 3. That's okay. Those feelings are telling you the hard thing mattered — and that you mattered. | 4. We don't have to carry all the hard things alone. That's what trusted grown-ups, friends, and places like this are for.","THE STONE ACTIVITY: Everyone gets a smooth stone (or draws a stone on paper). On one side: draw or write something hard that happened — something you're still carrying a little bit. Facilitator shares their own gentle example first. On the other side: draw or write one person, place, or thing that helps you feel better when things are hard. Share the 'helper' side with the group. 'This stone represents your hard thing AND your helper. You carry both.'","Hold your stone or put your hand on your drawing. Close your eyes. Think about something that was hard. Now imagine all the people who care about you — family, friends, teachers — standing around you. You're not carrying this alone. That's important to know.",Draw or write about a grown-up or friend you would go to if you were carrying something heavy. What makes them safe to talk to?,"If your stone feels heavy today, talk to a grown-up you trust about what's making it heavy.",Show a grown-up your stone drawing and explain what the two sides mean.,Bring your stone (or stone drawing) back. Has anything gotten easier to carry since last week?,Hard things happen. But I don't carry them alone — and they don't get to be the whole story.,https://www.youtube.com/watch?v=7H2pBdLnmGs,YouTube: 'The Invisible String' read-aloud — a beautiful story about connection that remains even through difficult times. Runtime ~8 min. Companion book: 'A Little Spot of Sadness' by Diane Alber — child-friendly approach to grief and loss.,"FADE IN: A child walking with a heavy backpack. With each step, it looks heavier. VOICE: 'Sometimes we carry hard things for a long time without telling anyone.' CUT TO: The child stops. Looks at the backpack. VOICE: 'You don't have to carry it alone.' CUT TO: Another person joins them — walking beside them. The backpack looks the same, but the child's face is different. Lighter. VOICE: 'Telling someone about the heavy thing doesn't make it disappear. But it does mean you have company.' FADE TO TITLE: Mindcast LIVE.",CRITICAL: Most emotionally sensitive children's session. Do NOT ask children to share what is in their 'stone' unless they choose to. Have a quiet space available. Coordinate with parents/caregivers before this session and provide a resource sheet for families. Have the children's programme lead available if any disclosures are made.
10,1,See Clearly,The Masks We Wear,Child,The Real Face and the Pretend Faces,Sometimes we act differently around different people — maybe you're super silly with your best friend but quieter at school. Sometimes that's fine! But sometimes we hide the real us because we're worried people won't like us. Today we talk about feeling safe enough to be yourself.,Let's play a game! Can you show me your 'at school' face? Your 'at home' face? Your 'playing with best friends' face? Your 'feeling shy' face? Now — can you show me your REAL face? What makes that one different?,"Imagine you have a special face — your real face — and then you also have some pretend faces you wear when you're not sure if it's safe to be yourself. Today we talk about the real face, and when it's safe to show it.",In old stories the greatest friendships and the greatest adventures always started with someone being brave enough to be real — to say 'this is who I actually am.' The friends who matter always want to know the real you. Today we practise being real.,1. Everyone acts a little differently in different places — that's totally normal. | 2. Sometimes we wear a pretend face because we're not sure if people will like our real face. | 3. But wearing pretend faces all the time gets tiring — and it means people can't really know you. | 4. Being yourself takes bravery. But the right people — the ones who really matter — will like your real face best.,"MASK MAKING ACTIVITY: Each child gets a paper mask template to colour and decorate as a 'pretend face' they sometimes wear (e.g. 'the brave face,' 'the happy face when I'm not happy,' 'the cool face'). On the BACK of the mask, they write or draw their real feelings or qualities. Share: 'My pretend face looks like... but on the back, I'm really...'",Hold your mask up. Now lower it slowly. Imagine the people who love you most — your favourite people in the world — are looking at your real face. Does it feel okay? Scary? Warm? The right people think your real face is the best face.,"Draw two faces: your pretend face for one situation, and your real face underneath. What's the same? What's different?",Notice once today when you're wearing a pretend face. You don't have to change it — just notice it's there.,Show a grown-up your mask craft. Tell them about one pretend face you wear and one time you felt safe to be your real self.,Bring your mask back! Has anything been different this week about showing your real face?,My real face is the best face. The right people will always want to see it.,https://www.youtube.com/watch?v=YRaVl-VjF2g,"YouTube: 'The Name Jar' read-aloud — story about a child who hides their real name and finds the courage to claim it. Runtime ~8 min. Companion book: 'Stand Tall, Molly Lou Melon' by Patty Lovell — a small girl who is completely herself despite pressure to change.","FADE IN: A child holding up a beautiful painted mask. Bright colours. Perfect. VOICE: 'It's a beautiful mask. Everyone thinks so.' CUT TO: The same child lowering the mask. Their real face — more interesting, more alive, a bit uncertain. VOICE: 'But look at THIS face.' CUT TO: Best friend, seeing the real face. Grinning. VOICE: 'The right people always prefer the real one.' FADE TO TITLE: Mindcast LIVE.","The mask craft is one of the most enjoyable physical activities of Phase 1 — have good craft supplies available. The two-sided mask (performance on front, real self on back) is a powerful metaphor children can take home. Coordinate with families — the mask can prompt great conversations at home."
11,1,See Clearly,Seeing Others Clearly,Child,Walking Around the Picture,"Sometimes we think we know exactly why someone did something — but we might be wrong! Today we practise the superpower of seeing things from other people's point of view, which is one of the kindest and most useful things you can learn to do.",Let's try something: (Facilitator holds up a duck/rabbit optical illusion.) What do you see? Does anyone see something different? Both are right! That's what today is about.,Imagine you're looking at a picture of a dog and your friend is looking at it from the other side of the room — and they say 'it's a cat!' You might think they're wrong. But what if they can see a different part of the picture from where they're standing? Today we practise walking around to see what other people see.,In old stories the wisest characters always had the ability to see things from many sides — like a jewel that shimmers differently depending on which angle you hold it at. That wisdom — the ability to really try to understand how things look to someone else — is a skill anyone can learn.,"1. Everyone sees the world from where THEY'RE standing — based on their experiences, feelings, and what's happened to them. | 2. Sometimes when someone does something that seems unkind, there might be something happening for them that we don't know about. | 3. Trying to imagine how things look from someone else's place is called empathy — and it's one of the most important things you can learn. | 4. It doesn't mean you have to agree with them or let them be unkind to you. It just helps you understand — and understanding usually leads to kinder choices.",THE PERSPECTIVE DETECTIVE: Facilitator presents three short scenarios (e.g. 'Tom took Maya's pencil without asking. Maya is upset. But Tom forgot his pencils today and has a big test.'). For each: how might each person be feeling? What might each person be thinking? Is there a kind way to understand both sides? Then: think of a real situation where someone did something that confused or upset you. What might THEIR side of the story be?,"Close your eyes. Think of a time someone did something that upset or confused you. Now imagine you can magically see inside their head for a moment — what might have been going on for them? Were they maybe scared, tired, sad, or confused themselves? Does it make you feel any different about what happened?",Draw a picture of a time something seemed unfair. Then draw what it might have looked like from the other person's point of view.,"Once today when someone does something confusing, ask yourself: 'I wonder what's going on for THEM right now?'",Tell a grown-up about a time you tried to see things from someone else's point of view this week.,Bring back a story about a time you tried to be a 'perspective detective' this week!,I can try to see how things look from where someone else is standing. That's how I grow kinder.,https://www.youtube.com/watch?v=9_1Rt1R4xbM,"YouTube: 'We're All Wonders' read-aloud by R.J. Palacio — companion to 'Wonder,' the gold standard for teaching children empathy. Runtime ~5 min. Full book 'Wonder' also highly recommended.","FADE IN: Two cartoon kids looking at the same picture from opposite sides. From one side it looks like a duck. From the other, a rabbit. VOICE: 'Are they both right? Or both wrong?' CUT TO: Each child walks around to where the other is standing. Eyes widen. VOICE: 'Both right. Just from different places.' CUT TO: The two kids looking at the picture together, both seeing both animals. VOICE: 'That's what perspective is. And it makes you better at being a friend.' FADE TO TITLE: Mindcast LIVE.","Use physical props — perspective illusions work brilliantly for this age. The duck/rabbit or young woman/old woman illusion is classic and always provokes delight. The perspective detective game should be kept fun and curious, not moralistic."
12,1,See Clearly,The Habit Loop — How We Got Here,Child,The Habit Path,A habit is something we do so often that we start doing it without even thinking! Some habits are really good — like brushing teeth. Some habits might not help us as much. Today we look at habits and figure out how they work.,"Let's make a list together: what are some habits that HELP us? (Brushing teeth, saying please, getting enough sleep.) What are some habits that might NOT help as much? Which ones did you decide? Which ones just... happened?","Imagine there's a little path in a garden. The first time someone walks it, they have to push through the grass. The tenth time, the grass is worn down. The hundredth time — there's a clear path. Habits are like that path. The more you walk them, the more automatic they become.","In many old traditions, teachers would ask students: 'What do you do without thinking?' Not to criticise — but to help them see what had become automatic. Seeing what we do automatically is the beginning of being able to choose. And choice is a superpower.","1. A habit is anything we do so often that our brain does it automatically — without us needing to think about it. | 2. Habits have three parts: TRIGGER (what starts it), ACTION (what we do), and REWARD (what we get). | 3. When something is a habit, the brain saves energy by doing it automatically. That's great for useful habits! | 4. We can change habits — but we need to understand how they work first. And the first step is just NOTICING them.",THE HABIT DETECTIVE GAME: Facilitator walks through the habit loop using a fun example (e.g. 'Whenever I see the biscuit tin — TRIGGER — I open it and take one — ACTION — and it tastes yummy — REWARD'). Children brainstorm their own habits — good and less helpful. For each habit: what's the TRIGGER? What's the ACTION? What's the REWARD? Then: 'Could we change the ACTION while keeping the same REWARD? What could we do instead?',"Think of one habit you have. Close your eyes and trace it: what usually happens just before you do it (the trigger)? What do you actually do (the action)? How do you feel right after (the reward)? Now: is this a habit you want to keep, change, or build more of?",Draw your habit loop: trigger → action → reward. Then draw what a NEW action could look like that still gets the same reward!,"Today, catch one habit as it's about to happen. You don't have to change it — just notice the trigger and say 'ah, there it is!'",Tell a grown-up about one habit you noticed this week. What was the trigger? What was the reward?,Bring back your habit loop drawing AND a story about one habit you noticed!,I notice my habits. Noticing them means I can choose what I want to do next.,https://www.youtube.com/watch?v=hpnI3MCTJSA,"YouTube: 'The Power of Yet' — Carol Dweck animated for kids, about the habit of giving up vs. the habit of persisting. Runtime ~5 min. Companion book: 'The Bad Seed' by Jory John — hilarious story about a seed who always did things one way and decides to change.","FADE IN: Cartoon path forming in grass — each footstep more defined. VOICE: 'Every time you do something, you're walking a path in your brain.' CUT TO: A well-worn path. Deep and automatic. VOICE: 'Some paths are really helpful! Some... not so much.' CUT TO: Cartoon child choosing to step off the old path. First steps through longer grass — a little harder. VOICE: 'Making a new path takes a little more effort at first. But the more you walk it...' CUT TO: New path forming, becoming clear. VOICE: '...the easier it gets.' FADE TO TITLE: Mindcast LIVE.",The three-part habit loop is perfectly age-appropriate for primary school children. Use physical role-play for the habit detective game — act it out with the whole group. Send a 'habit detective worksheet' home for family engagement.
13,1,See Clearly,Integration — What We Now See,Child,Looking at Our Full Backpack,"We've been on a big adventure together for 13 weeks — looking at feelings, habits, patterns, and all sorts of things about ourselves. Today we celebrate how brave we've been, and get ready for the next exciting part of the journey.","Let's go on a memory adventure! What are all the things we've learned about ourselves over the past 13 weeks? (Let children call out — signals and noise, the pause button, the gremlin, habit detective, feelings iceberg, perspective detective...)","Remember at the start of our adventure, we collected tools: the pause button, the feelings radar, the gremlin's name, the habit detective badge. Today we take everything out, look at all the tools we've collected, and celebrate how full our backpacks have become.",In every great adventure story there's a moment where the hero looks back at how far they've come before heading towards the next challenge. They don't usually feel completely different — but they have tools they didn't have before. Today is that moment.,"1. You've been incredibly brave over the past 13 weeks — looking at your feelings, habits, inner voice, and how you see the world. | 2. All the tools we've collected are yours to keep — forever. You can use them any time. | 3. Growing is not about being perfect. It's about noticing more, understanding better, and being a little kinder to yourself. | 4. Phase 2 of our adventure is about something really exciting: choosing which old things we want to carry differently — and building new things.","BACKPACK CELEBRATION: Each child gets a backpack outline and draws all the 'tools' they've collected over 13 weeks. Decorate the backpack with favourite colours, patterns, anything that feels like 'them.' Circle time: each child shares ONE favourite tool from the journey so far. Celebrate each share genuinely and specifically.",Hold your backpack drawing. Close your eyes. Think about the very first day we met. Did you know any of these tools then? Now think about all the times you've used them or tried to. You are braver than you were. You know yourself a little better. That's something to be really proud of.,Draw what your 'inner self' looks like now compared to Week 1. What has changed? What has stayed the same?,Share your backpack with someone at home — tell them about every tool in it!,Show a grown-up your Phase 1 drawings and tell them your favourite thing you learned about yourself.,Come to the next session ready to show your backpack and share your FAVOURITE thing from Phase 1!,I have new tools. I am braver than I was. And the adventure is just beginning.,https://www.youtube.com/watch?v=VWOgrMXBE4U,YouTube: Search 'growth mindset celebration kids' for an affirming short animation to celebrate learning and bravery. Runtime ~3–5 min. Companion book: 'Last Stop on Market Street' by Matt de la Pena — about seeing what you have and where you're going.,"FADE IN: A backpack, at first empty. Then over a montage, tools fill it one by one — the pause button, the feelings map, the gremlin drawing, the habit loop, the mirror craft. VOICE: 'Look at everything you've collected.' CUT TO: Child shouldering the full backpack — lighter than expected. Smiling. VOICE: 'The backpack full of self-knowledge is the lightest one there is.' CUT TO: Child at a crossroads, looking forward. VOICE: 'Phase 2 begins now. And you're ready.' FADE TO TITLE: Mindcast LIVE — Phase 2: Unlearn.","Make this session genuinely celebratory — balloons, music, certificates if you have them. Children deserve to have their work honoured. Put all backpack drawings up around the room together — creates genuine community pride. Phase 2 transition should feel exciting and earned."
14,2,Unlearn,The Permission You're Still Waiting For,Child,Your Own GO Button,"Sometimes we don't try things because we're waiting for someone to say it's okay. But some of the best, most YOU things you could do — you already have permission for. Today we find out what you've been waiting to try.","Has anyone ever had an idea or wanted to try something new — but didn't, because they weren't sure if they were allowed? What was it?",Imagine there's a big green GO button inside you. Sometimes we forget it's there and keep looking around for someone else to press it for us. Today we practise pressing our own GO button.,There's an old story about a small bird who refused to fly because nobody had ever told it that it could. One day it fell off a branch — and discovered it had been able to fly all along. You have abilities and ideas waiting for you to discover them. Today we practise leaping.,"1. It's always good to check with trusted adults before doing new things — that's smart, not weak. | 2. But some things — like trying a new creative idea, being kind in a new way, or deciding what you enjoy — you already have permission for. | 3. Sometimes we wait when we don't need to wait. And that means missing out on things that belong to us. | 4. Today we practise asking ourselves first: 'Is this something I can just... try?'","THE GO BUTTON GAME: Facilitator presents scenarios: 'You have an idea for a story. Do you need permission to write it? GO or WAIT?' / 'You want to try a new sport. WAIT — ask a grown-up.' / 'You want to be kinder to someone who isn't your friend. GO?' Play through 6–8 scenarios, getting children to identify which decisions are theirs and which need adult input. Then: 'What's one thing YOU have been waiting to try that you actually have permission for right now?'",Close your eyes. Think of one thing you've been wanting to try or do. Now ask yourself: 'Do I actually need permission for this? Or do I already have it?' If you already have it — what would you do first?,Draw your GO button. What does it look like? What would you press it to do first?,Try one small thing today that you've been waiting to try. It doesn't have to be big — just something that's yours to try.,Tell a grown-up about your GO button. Ask them: 'What's something you wish you'd given yourself permission to try sooner?',Come back with a story about one thing you pressed your GO button on this week!,"I have permission to try, to create, to be curious. That permission lives inside me.",https://www.youtube.com/watch?v=H14bBuluwB8,YouTube: 'What Do You Do With an Idea?' read-aloud by Kobi Yamada — a child learns to trust and act on their own idea despite uncertainty. Runtime ~8 min.,"FADE IN: A child standing at the edge of a diving board — looking down. Nervous. Other children swimming below, calling up. VOICE: 'Sometimes the only thing holding us back... is waiting for someone to say it's okay.' CUT TO: The child takes a breath. Looks down. Jumps. CUT TO: Surfacing. Laughing. VOICE: 'Some GO buttons, only you can press.' FADE TO TITLE: Mindcast LIVE.","The GO/WAIT game is highly engaging and teaches important discernment — not all things are children's decisions, and that's appropriate to name. Celebrate any share about something they pressed GO on. Keep it playful and empowering."
15,2,Unlearn,Letting Go of Who You Were Supposed to Be,Child,My Own Picture,"Sometimes grown-ups and other people have ideas about what we should be when we grow up, or how we should act, or what we should like. Those ideas come from love — but sometimes they're not exactly right for us. Today we explore what WE actually love and who WE actually are.","What do you love doing that feels most like YOU — not because someone told you to love it, but because you just do?","Imagine a colouring book where someone has already drawn the outlines and chosen the colours. That can be nice! But what if YOU want to draw your own picture from scratch? Today we think about which parts of your 'picture' came from other people — and which parts are completely, originally yours.","In old stories, the most interesting characters were never the ones who followed someone else's map exactly. They were the ones who made their own path — sometimes scary, always more truly theirs. Today we start drawing our own map.","1. There are things we love and things we're good at that belong completely to us. | 2. Sometimes people who love us have ideas about what we should like or who we should be — and those ideas come from love, even if they're not always right. | 3. It's okay to enjoy things people didn't expect you to enjoy. It's okay to be different from what anyone planned. | 4. The most important question is always: does this feel like ME?","MY OWN PICTURE: Each child gets a blank piece of paper (not a colouring-in page — a completely blank one). 'Draw or write things that feel most like you — what you love, what you're curious about, what you dream about, what makes you feel most alive.' No templates. No outlines. Completely theirs. Share: 'One thing in my picture that might surprise people who think they know me.'","Look at your picture. Close your eyes. Think: if nobody ever told you what to be or what to like, is this still what you'd choose? How does it feel to know that this — this real, specific, particular you — is already here?","Write or draw about something you love that feels completely, uniquely yours — maybe something not everyone understands.","Today, do one thing just because YOU love it — not because anyone told you to.",Show a grown-up your 'My Own Picture' drawing. Tell them one thing about yourself they might not know.,Bring your 'My Own Picture' back and add something new you discovered about yourself this week!,Who I am is already here. I get to discover it — and it belongs to me.,https://www.youtube.com/watch?v=H14bBuluwB8,YouTube: 'What Do You Do With an Idea?' read-aloud by Kobi Yamada — about nurturing the things that belong most deeply to you. Runtime ~8 min. Companion book: 'The Dot' by Peter Reynolds — about the courage to make your own mark.,"FADE IN: A blank piece of paper on a desk. Pencil hovering. VOICE: 'Before anyone told you what to draw... what would you have put here?' CUT TO: A child beginning to draw — tentatively at first, then with growing confidence. Something entirely their own. VOICE: 'That thing. Right there. That's yours.' CUT TO: Finished drawing. Completely original. Completely them. VOICE: 'Don't let anyone else fill in your blank page.' FADE TO TITLE: Mindcast LIVE.",The blank page exercise is deliberately unstructured — resist the urge to add prompts or templates. The blankness is the point. Celebrate every drawing as completely valid. This session plants a seed about intrinsic identity that will deepen throughout the year.
16,2,Unlearn,The Forgiveness Loop,Child,Putting Down the Hot Rock,"Sometimes people hurt our feelings or do things that aren't fair — and it can be really hard to stop feeling angry or sad about it. Today we talk about something called forgiveness — what it really means, and how it can help US feel better.",Has anyone ever felt really angry or sad about something someone did — and kept thinking about it even when you didn't want to? What does that feel like?,Imagine you're holding a really hot rock that someone threw at you. It burned your hand and it wasn't fair. But you're STILL holding it — and it's still hurting you. Forgiving someone is like putting the hot rock down. Not saying the throw was okay. Just putting the rock down so your hand can heal.,"In old stories, the characters who could forgive — not forget, but forgive — were always the strongest ones. Because letting go of a heavy thing takes more courage than holding on to it.",1. When someone hurts us it's completely normal to feel angry or sad — those feelings are real and valid. | 2. Forgiveness doesn't mean what happened was okay. It doesn't mean you have to be friends with the person again. | 3. Forgiveness means choosing to stop carrying the heavy hurt around — so that YOU can feel better. | 4. It's okay if forgiveness takes time. It usually does. Today we just start thinking about it.,THE HOT ROCK ACTIVITY: Each child gets a smooth stone. On it they write (or the facilitator helps write) something that happened that hurt them — a time someone was unkind. Then: hold the stone tight in your fist. Feel how heavy it is. How it doesn't feel nice to keep squeezing it. Now slowly open your hand and just... rest it there. You're not throwing it away. You're just stopping squeezing. Discuss: what's the difference between holding tight and just resting it in your open hand?,"Close your eyes and imagine the thing that hurt you. Notice where you feel it in your body. Now imagine slowly opening your hand and letting the stone just rest there — not throwing it away, not pretending it didn't happen, just not squeezing anymore. Does anything feel different?","Draw a picture of you holding the hot rock. Then draw a picture of you with your hand open, the rock resting in it. What's different about your face?","When you think about something that hurt you today, try opening your fist instead of squeezing it tighter.",Tell a trusted grown-up about something you're still feeling hurt about. Ask them to help you think about it.,Bring back: did you try opening your hand this week? What happened?,I can put down heavy things. Letting go is one of the bravest things I can do.,https://www.youtube.com/watch?v=7H2pBdLnmGs,YouTube: 'Each Kindness' by Jacqueline Woodson read-aloud — about the weight of things left unresolved and the power of choosing differently. Runtime ~8 min. Companion book: 'Enemy Pie' by Derek Munson — about releasing a grievance and discovering friendship.,"FADE IN: A cartoon child's hand, tightly fisted around a glowing red rock. Their whole body tense. VOICE: 'That rock — it wasn't theirs to give you. But you've been holding it ever since.' CUT TO: Slowly, the fist opens. The rock is still there — but no longer being squeezed. The glow fades slightly. The child's face softens. VOICE: 'Putting it down doesn't mean it didn't happen. It just means you don't have to keep carrying the heat.' FADE TO TITLE: Mindcast LIVE.","The hot rock exercise is highly physical and effective for this age. Ensure children understand clearly: forgiveness is not saying the hurt was okay, and it doesn't mean having to be friends with the person. Have a check-in with parents after this session if any significant hurts are disclosed."
17,2,Unlearn,Forgiving Yourself,Child,Say Sorry and Keep Going,"Sometimes we do things we feel really bad about — maybe we said something unkind or made a mistake that hurt someone. It's good to feel sorry. But today we learn that after we've said sorry and tried to make it right, we don't need to keep feeling bad forever.",Has anyone ever done something by accident or on purpose that they felt really bad about? What did it feel like? Did you say sorry? And did you feel better afterwards — or did the bad feeling stay for a long time?,"Imagine you accidentally knocked over your friend's drink. You felt terrible. You said sorry. You helped clean it up. Now imagine still feeling terrible about it three weeks later. That wouldn't be helpful anymore, would it? Today we learn how to say sorry properly — and then let ourselves feel okay again.","In old stories, characters who made mistakes had a choice: they could spend the whole story feeling terrible and not trying again — or they could learn, make it right, and keep going. The brave ones always chose to keep going.","1. When we do something that hurts someone — even by accident — it's normal to feel sad or sorry. That feeling is called guilt, and it's actually a sign that you care about doing what's right. | 2. The right steps are: acknowledge what happened, say sorry properly, try to make it right if you can. | 3. After you've done those things, you don't need to keep punishing yourself. You're allowed to feel okay again. | 4. We all make mistakes. All of us. Even grown-ups. Making mistakes doesn't make you bad — it makes you human.",THE SORRY STEPS: Teach the four steps on a poster or card: 1. SAY WHAT HAPPENED (no excuses). 2. SAY SORRY and mean it. 3. MAKE IT RIGHT if you can (what can you do?). 4. LEARN and do better next time. Role-play scenarios together. Then: think of something you still feel bad about. Have you done all four steps? If yes — you have permission to let the bad feeling go. If not — which step is still needed?,Close your eyes. Think of something you still feel a little bad about. Have you said sorry? Have you tried to make it right? If yes — imagine a kind voice saying to you: 'You did the right things. You don't need to carry this anymore. You're a good person who made a mistake. That's different from being bad.' How does that feel?,Draw the four sorry steps as a little comic strip. When would you use them?,"If you still feel bad about something today, work through the four steps. What still needs to be done?",Show a grown-up the four sorry steps. Ask them about a time they had to forgive themselves for something.,Bring back: did you use the four sorry steps this week? What happened?,"I can make mistakes and still be a good person. I say sorry, I make it right, and I keep going.",https://www.youtube.com/watch?v=nDPHBzWBFBg,YouTube: 'The Invisible String' or search 'sorry steps for kids animated' — various short animations on apology and self-forgiveness for young children. Runtime ~5 min. Companion book: 'Sorry!' by Trudy Ludwig — a story about what a real apology looks and feels like.,FADE IN: A cartoon child with a big grey cloud over their head — carrying guilt. VOICE: 'The cloud showed up when something went wrong. And it's been there ever since.' CUT TO: The child says sorry. Tries to make it right. Learns something. VOICE: 'Those four steps — those are all you need.' CUT TO: The cloud begins to lift. Not disappear — lift. The child can see the sky again. VOICE: 'You're not bad. You made a mistake. Those are different things.' FADE TO TITLE: Mindcast LIVE.,"Ensure the four-step process is concrete and memorable — put it on a card they can take home. Distinguish clearly between guilt (healthy, processable) and shame (unhealthy, prolonged). The goal is not to minimise accountability but to show children how to complete the cycle."
18,2,Unlearn,Rewiring the Critic — Building the Inner Coach,Child,Making the Kind Voice Louder,"Remember the gremlin from a few weeks ago? Today we give more power to the OTHER voice — the kind, honest, encouraging one. We're going to build our own inner coach — a voice that's on our side AND tells us the truth.","Think about a coach, teacher, or grown-up who really believed in you. What did they say? How did it feel different from when someone was just mean or critical?",The gremlin says mean things. But remember — there's another voice too. A coach voice. Coaches push you to get better AND they believe in you at the same time. Today we practise making that voice louder.,"In stories about heroes, there's always a wise guide — someone who believes in the hero even when the hero doesn't believe in themselves. Gandalf. Dumbledore. The cricket from Pinocchio. Today we practise becoming that wise guide for ourselves.","1. We all have different voices in our head — the gremlin voice (mean and not helpful), and the coach voice (honest AND kind). | 2. A good coach tells you the truth — but they also believe you can do it. | 3. The more we practise the coach voice, the louder it gets. It's like a muscle — the more you use it, the stronger it becomes. | 4. Today we practise what our inner coach sounds like.","THE COACH VS. GREMLIN GAME: Facilitator presents scenarios and groups decide: gremlin or coach? 'You'll never get this right' vs. 'That was tricky — let's try it a different way.' 'You're so embarrassing' vs. 'That felt awkward, but you were brave to try.' 'Nobody wants to play with you' vs. 'Making friends can be hard — who could you start with?' Then: for your own gremlin's favourite line, write or draw what YOUR coach would say instead. Share your coach line with the group.",Close your eyes. Think of something you find hard. Hear the gremlin say something about it. Now — imagine your coach stepping in. What does your coach say? How does that feel different? Which voice do you want to get louder?,Draw your inner coach. What do they look like? What is their name? What is their most important saying?,"When the gremlin speaks today, try having your coach answer back. Even quietly.",Introduce your inner coach to a grown-up. Tell them the coach's name and what they say.,Bring your inner coach drawing back! Did they help you this week?,"My inner coach is kind AND honest. The more I listen, the louder they get.",https://www.youtube.com/watch?v=VXez46_LZSE,YouTube: Search 'inner coach for kids animated' or 'positive self-talk for children' for short accessible animations. Runtime ~5 min. Companion book: 'The Girl Who Never Made Mistakes' by Mark Pett — about learning to be your own kind witness.,"FADE IN: Split screen — the gremlin whispering on one shoulder, the coach on the other. VOICE: 'They've both been there all along. The question is who gets the microphone.' CUT TO: The child practising the coach's voice. Quietly at first. VOICE: 'The coach voice gets stronger every time you use it. Just like a muscle.' CUT TO: The child in a tough moment — coach voice louder now. Managing it differently. VOICE: 'That's the work. That's the whole thing.' FADE TO TITLE: Mindcast LIVE.",Children love creating and naming their inner coach — it becomes a long-running character they can reference throughout the year. Display coach drawings alongside gremlin drawings from Week 7 — the visual comparison is powerful. Coordinate with parents so they can reinforce the coach language at home.
19,2,Unlearn,Breaking the People-Pleasing Pattern,Child,Kind vs. People-Pleasing,"Sometimes we do things we don't really want to do, or say we're okay when we're not, just so other people feel happy. That's called people-pleasing — and while it feels kind, it can actually stop us from being honest and taking care of ourselves. Today we learn the difference between being kind and trying to make everyone happy all the time.",Has anyone ever done something they didn't really want to do just so someone else wouldn't be upset? What did that feel like?,"Imagine you have a cup of energy. Every time you do something kind because you genuinely want to, the cup stays full. But every time you do something just so someone won't be upset with you — even when you don't want to — the cup gets a little emptier. Today we learn to tell the difference.","In old stories, the characters who tried to make everyone happy all the time usually ended up in trouble — because they kept saying yes when they meant no, until everything got very confusing. The characters who were honest — even when it was uncomfortable — those were usually the ones things worked out for.","1. Being kind means genuinely caring about other people — and that's wonderful. | 2. People-pleasing is different — it means saying yes or pretending to be okay even when you're not, because you're worried about what someone will think or feel. | 3. It's okay for other people to feel disappointed sometimes. That's part of life. | 4. Learning to be honest — even when it's a little uncomfortable — is one of the kindest things you can do, because people get to know the real you.","KIND or PEOPLE-PLEASING? Play through scenarios: 'Your friend wants to play a game you find boring. You play anyway because you love them and it will make them happy.' (KIND — genuine choice.) 'Someone asks if you like their drawing. You say yes even though you don't, because you're scared they'll be upset.' (PEOPLE-PLEASING.) 'You don't want to go to the party but say you do because you're worried everyone will be mad at you.' (PEOPLE-PLEASING.) Discuss: what's the difference? How can you tell from the inside? What does each one feel like in your body?",Close your eyes. Think of a time you said yes when you meant no. How did your body feel while you were saying it? And after? Now think of a time you were genuinely kind — something you wanted to do. How did THAT feel? Can you feel the difference?,Draw a picture showing the difference between being kind (from the heart) and people-pleasing (from fear).,"Today, notice if you do something just to make someone happy rather than because you genuinely want to. You don't have to change it — just notice.",Tell a grown-up about the difference between being kind and people-pleasing. Ask them if they ever do it too.,Bring back: did you notice a people-pleasing moment this week? What happened?,I can be kind AND honest. I don't need to pretend to take care of myself.,https://www.youtube.com/watch?v=IRVxOCKxDyI,YouTube: Search 'saying no for kids read aloud' or 'personal boundaries for children' for short accessible animations. Runtime ~5 min. Companion book: 'My Body Belongs to Me' by Jill Starishevsky — extends into body boundaries and personal authority.,"FADE IN: A cartoon child saying yes, yes, yes — each yes making them a little more tired, a little more invisible. VOICE: 'They're so busy making everyone else happy... there's no space left for them.' CUT TO: The child, quietly, trying something different. A gentle, honest 'actually, I don't really want to.' VOICE: 'That was scary. And that was brave. And the world didn't end.' CUT TO: The child — still kind, but more themselves. More present. VOICE: 'Kind and honest. You can be both.' FADE TO TITLE: Mindcast LIVE.","Keep this session warm and non-shame-based — many children are actively taught to prioritise others' feelings above their own. The goal is discernment, not selfishness. Involve parents by sending home a note about the session so they can reinforce the language."
20,2,Unlearn,Unlearning Scarcity — There Is Enough,Child,The Things That Don't Run Out,"Sometimes we worry that there isn't enough — enough time, enough love, enough things that are good. Today we practise noticing all the things there actually ARE enough of — and how our brains can sometimes trick us into thinking things are scarcer than they are.","Has anyone ever worried that there wasn't enough of something — like that they didn't have enough friends, or that someone didn't love them enough? What was that like?",Imagine your brain has a 'worry radar' that scans for anything that might run out. Sometimes it's really helpful! But sometimes it finds problems that aren't really there. Today we learn to tell the difference between real worries and radar false alarms.,"In old stories, there's often a magic pot or a well that never runs out — no matter how much you take, there's always more. That sounds like a fairy tale. But there ARE things in your life that don't run out when you share them. Love. Kindness. Ideas. Laughter. Today we find them.","1. Our brains are designed to notice when things might run out — that was useful for our ancestors. | 2. But sometimes our brains get it wrong and tell us things are running out when they're actually fine. | 3. Some things DO run out — like biscuits. Some things DON'T run out — like love, kindness, ideas, and good memories. Sharing them makes more, not less. | 4. Today we practise noticing all the things in our life that ARE enough.","ENOUGH TREASURE HUNT: Children have 5 minutes to write or draw as many things as they can think of in their life that are 'enough' or 'plentiful': 'I have enough...' — people who love me, fun things to do, things I'm good at, ways I'm kind, good memories. Share the lists. Then: facilitator points out that sharing kindness or ideas never made them smaller. Discuss: what happens to love when you give some away? Does it get smaller — or bigger?",Close your eyes. Think about all the people who love you. Now imagine giving some of that love to someone else. Does the love in your heart get smaller — or does it stay the same? What about kind thoughts? Ideas? Smiles? Some things grow when you share them.,Draw a picture of all the things in your life that there is ENOUGH of. Make it as full as you can!,"Today, share one kind thing with someone — and notice if it made your kindness smaller or bigger.",Tell a grown-up about one thing in your life that you have plenty of. Ask them what they feel they have plenty of too.,Bring back your 'enough' drawing and add three more things you noticed this week!,"I have enough love, enough kindness, and enough good things in my life. And sharing them makes more.",https://www.youtube.com/watch?v=rrkrvAUbU9Y,YouTube: Search 'The Giving Tree read aloud Shel Silverstein' — a classic story about generosity and what replenishes vs. what depletes. Runtime ~8 min. Also: 'Have You Filled a Bucket Today?' read-aloud — about how kindness replenishes rather than depletes.,FADE IN: A child's worry about having enough — visualised as a shrinking jar. VOICE: 'Sometimes our brains tell us the jar is running out.' CUT TO: The child shares something kind with a friend. Waits. Looks at the jar. VOICE: 'But look. The jar didn't get smaller. It got bigger.' CUT TO: Jar overflowing with colour and light. VOICE: 'Some things you can't run out of when you share them.' FADE TO TITLE: Mindcast LIVE.,"The concept of non-depletable resources (love, kindness, ideas) vs. depletable resources (biscuits, time) is a wonderful distinction for this age. Make it concrete and playful. The 'bucket filling' concept from the book is a year-round reference tool — consider making it a classroom/programme resource."
21,2,Unlearn,The Relationships That Shaped You,Child,The Gifts People Give Us,"All the people in our lives — family, friends, teachers — teach us things about what being close to someone feels like. Some of those things are wonderful. Some might be a little confusing or hard. Today we think about the people who have shaped us most — and what we want to carry with us.",Who is one person in your life (or who WAS in your life) who made you feel really safe and loved? What did they teach you about what it feels like to be cared for?,Imagine all the people who've been important to you have each given you a little gift — something you learned from being close to them. Some gifts are beautiful and you want to keep them forever. Some gifts might be a bit confusing and you're not sure they're actually for you. Today we look at the gifts.,In old stories there are always the wise elders — people whose influence stays with the hero long after they've parted. The hero carries what was good and leaves behind what wasn't theirs to carry. Today we think about who has been our wise elder — and what they gave us.,"1. All the important people in our lives teach us something about what being close to someone feels like. | 2. Some of what we learn is wonderful — how to trust, how to feel loved, how to be kind. | 3. Some of what we learn might be confusing — maybe some relationships made us feel unsure or worried. | 4. We get to look at all of it and decide: what do I want to keep? What do I want to do differently?","THE RELATIONSHIP GIFTS BOX: Each child draws a gift box. Inside the box, they draw or write gifts from important relationships — 'from [name] I learned...' Keep it positive focus: what good things did they learn? Around the outside of the box, draw or write: 'I also want to learn more about...' (i.e. things they wish their relationships had taught them). Share: one gift from inside your box.",Close your eyes. Think of someone who taught you what it feels like to be truly loved and safe. How does it feel to remember them? Now think: what's one thing you learned from them that you want to take with you forever?,Draw a person who has shaped you and write three things you learned from being in a relationship with them.,"Today, thank someone (in person, in a letter, or in your heart) for something they gave you.",Tell a grown-up about one thing they've taught you that you want to carry with you. Watch their face.,Bring back your gift box drawing and tell us about the best gift inside it!,The people who love me teach me things I carry forever. I choose the gifts I keep.,https://www.youtube.com/watch?v=9_1Rt1R4xbM,YouTube: 'Wonder' read-aloud clips or 'Wilfred Gordon McDonald Partridge' read-aloud — a beautiful story about what we carry from relationships and what we give to others. Runtime ~8 min.,"FADE IN: A child's hands, holding various small objects — each one representing something learned from a relationship. Some bright, some dull. VOICE: 'Everyone who's been close to you has left something.' CUT TO: The child carefully choosing which ones to put in their pocket. Holding each one up to the light. VOICE: 'You don't have to keep everything that was given to you. Some things were never yours to carry.' CUT TO: Child walking forward, pockets full of the bright ones. Lighter. VOICE: 'You get to choose.' FADE TO TITLE: Mindcast LIVE.","Keep this session positive and boundaried — focus on what was given rather than what was withheld or damaged. Children who have experienced significant relational harm need professional support, not a group session. If something concerning is disclosed, follow your duty of care protocol and refer to appropriate support."
22,2,Unlearn,Setting Down the Armour,Child,The Shield With a Door,"Sometimes when we've been hurt before, we build a little protective wall around our heart — we might not share our real feelings, or we might try to look like nothing bothers us. Today we talk about why those walls go up, what they do, and when it might be safe to put a door in them.",Has anyone ever tried to look like something doesn't bother them when it actually does? Or acted tougher than you felt? What's that like?,Imagine you have an invisible shield. It keeps you safe when things feel scary or hurtful. But sometimes the shield is up even when it doesn't need to be — and then it also blocks the nice things. Today we learn when to use our shield and when it's safe to put it down.,"In old stories, the heroes always had a shield — but the wisest ones knew when to use it and when to set it aside. A shield you never put down stops being protection and starts being a wall. And walls keep out friends as well as danger.","1. When something hurts us, our brain builds a little protective shield to stop us getting hurt the same way again. | 2. That's really smart! But sometimes the shield stays up even when it's safe to put it down. | 3. When our shield is always up, we can miss out on good things too — like people who want to be close to us, or fun we could be having. | 4. The best shields have doors in them — so we can let the right people in when we're ready.","THE SHIELD WITH A DOOR: Each child draws a shield. On the shield they draw or write what it protects them from (things that feel scary or hurtful). Then they draw a door in the shield. On the door they write: 'I open this for people who...' (e.g. 'keep my secrets,' 'are kind to me,' 'make me feel safe'). Share: what your door needs before you open it.",Hold your shield drawing. Close your eyes. Think about a time you had your shield up when you maybe didn't need it. What might have happened if you'd opened the door a little? Was there someone trying to be close to you that you kept out? How does that feel?,Draw your ideal safe person — someone who would deserve to see behind your shield. What makes them trustworthy?,"Today, notice if your shield goes up. Ask yourself: is this danger real? Or is the shield just being extra careful?",Show a trusted grown-up your shield drawing. Tell them who you open the door for — and why.,Bring back your shield drawing! Has anything changed about when you use it?,I have a shield to keep me safe — and it has a door I can open when I trust someone.,https://www.youtube.com/watch?v=4eSBQFoVCJc,YouTube: Search 'The Invisible String read aloud' or 'Last Stop on Market Street read aloud' — stories about trust and connection after difficulty. Runtime ~8 min. Book: 'The Rabbit Listened' by Cori Doerrfeld — about allowing someone to be with you in difficulty.,"FADE IN: A cartoon child surrounded by an invisible bubble — bouncing everyone gently away. Safe. But also alone. VOICE: 'The bubble works really well. Nothing gets in.' CUT TO: A friend trying to reach through — gently, kindly. VOICE: 'Not even the good stuff.' CUT TO: The child finds a little door in the bubble. Opens it — just a crack. Let's one trusted friend through. VOICE: 'The door doesn't take the bubble away. It just means you get to choose who comes in.' FADE TO TITLE: Mindcast LIVE.",The shield/door metaphor is beautifully concrete for this age. The key message is agency — they control the door. Never push children to lower defences in a group setting. Coordinate with families so they can continue the conversation at home.
23,2,Unlearn,Grief and Growth — What Endings Make Possible,Child,The Autumn Before Spring,"Sometimes things end or change — friends move away, pets die, families change, things we loved go away. It's completely normal and okay to feel really sad about those things. Today we learn that it's important to let ourselves feel sad — and that after the sadness, something new always becomes possible.",Has anyone ever lost something or someone that made them really sad? A friend who moved away? A pet who died? Something that changed and you miss? It's okay to talk about those feelings today.,"Imagine every ending is like autumn — the leaves fall, everything looks bare and a bit sad. But the tree doesn't die. And the bare branches make space for spring to come. Endings are like autumn. They're not the end of the tree. They're part of the tree's life.","In old stories, even the saddest moments always led somewhere. Not immediately. Not easily. But the saddest chapter was never the last chapter. Today we learn to trust that — even when it doesn't feel true yet.","1. Feeling sad when something ends is completely normal and healthy — it means you loved something real. | 2. It's important to let yourself feel sad — trying to push the sadness away before it's ready can make it bigger. | 3. But sadness doesn't last forever. Just like autumn leads to winter which leads to spring — feelings change over time. | 4. Talking about your sad feelings, drawing them, or just letting them be there helps them move through.",THE FEELINGS TREE: Each child draws a tree with four sections representing the four seasons. In the autumn section: what is something that has ended or changed that makes you sad? In the winter section: what does that sadness feel like? In the spring section: what small new thing has grown or could grow because of the change? In the summer section: what do you hope the future will bring? Share: your spring section — something small that has grown.,"Close your eyes. Think of something that ended or changed that made you sad. Let yourself feel that sadness for a moment — it's okay, it's safe here. Now: can you think of one tiny good thing that has happened since then? One small spring that came after the autumn? It might be very small. But it's there.",Draw how you feel when something ends. Then draw how you might feel after some time has passed.,"If you're feeling sad about something today, find a safe person to tell. You don't have to fix the sadness — just share it.","Tell a grown-up about something you've felt sad about. Ask them to just listen — you don't need advice, just company.",Bring back your feelings tree! Has anything changed in your spring or summer sections?,It's okay to feel sad when things end. Sadness moves through when we let it. And something new always comes.,https://www.youtube.com/watch?v=7H2pBdLnmGs,"YouTube: 'The Invisible String' read-aloud — a beautiful, gentle story about connection that continues even through endings and loss. Runtime ~8 min. Book: 'The Goodbye Book' by Todd Parr — simple, reassuring, and age-appropriate for all types of loss.","FADE IN: A tree in autumn — leaves falling, everything bare and still. VOICE: 'Autumn looks like the end.' CUT TO: Winter. Quiet. Empty. VOICE: 'Winter looks like nothing is happening.' CUT TO: Spring. One small green bud appearing on a bare branch. VOICE: 'But look.' CUT TO: Summer. Full leaves, warm light, children playing beneath. VOICE: 'The tree never died. It was getting ready.' FADE TO TITLE: Mindcast LIVE.",This is a sensitive session that may bring up significant losses for some children. Ensure pre-communication with parents/caregivers — particularly if any children in the group have recently experienced bereavement. The seasons metaphor is gentle and non-prescriptive. Maintain access to a pastoral support person.
24,2,Unlearn,Rewiring Fear — From Threat to Signal,Child,The Toast Alarm vs. The Real Fire,Everyone feels scared sometimes — and that's completely okay. Fear is actually really useful when it warns us about real danger. But sometimes our fear alarm goes off when things are just new or a bit uncomfortable — not actually dangerous. Today we learn to tell the difference!,"Can anyone name something that feels scary but isn't actually dangerous? Like talking in front of the class, or trying something new, or meeting someone you don't know? What does scary-but-safe feel like?","Imagine your brain has a fire alarm. Real fires need the alarm! But sometimes the alarm goes off when someone just burns some toast — not a real fire at all. Today we learn which alarms need us to run away, and which ones just need a bit of bravery.","In old stories, the bravest heroes weren't the ones who were never scared. They were the ones who felt scared AND kept going anyway. Because they learned that most scary things, once you face them, turn out to be much more manageable than they looked from far away.","1. Fear is a brilliant helper — it warns us about real danger so we can stay safe. | 2. But sometimes our fear alarm goes off for things that are just new, uncomfortable, or a bit awkward — not actually dangerous. | 3. Learning to tell the difference is a superpower: 'Is this a REAL fire — or just burnt toast?' | 4. When it's just burnt toast, we can take a breath and be brave. Our body's alarm will calm down once we show it everything is okay.","REAL FIRE or BURNT TOAST? Play through scenarios together: 'A stranger asks you to go somewhere alone' — REAL FIRE (tell a trusted adult). 'You have to do a speech in front of the class' — BURNT TOAST (scary but safe, take a breath). 'Your friends are about to jump off something really high' — REAL FIRE. 'You want to try a new sport but feel nervous' — BURNT TOAST. Then: think of something that feels scary in your life. Real fire or burnt toast? How do you know?",Close your eyes. Think of something that feels scary but is probably burnt toast — just new or a bit uncomfortable. Feel the alarm. Now say to yourself: 'This is just burnt toast. I can handle burnt toast.' Take a slow breath. Notice if the alarm quiets down a little.,Draw a burnt toast fear and a real fire fear. How are they different? What do you do for each one?,"When you feel your fear alarm today, ask: real fire or burnt toast? Then decide what to do.",Tell a grown-up about something that's burnt toast for you — scary but safe. Ask them about one of theirs!,Bring back: did you have a burnt toast moment this week? What happened when you were brave about it?,My fear alarm helps keep me safe. And I'm learning when to listen — and when to be brave.,https://www.youtube.com/watch?v=BVAaomgzFCM,YouTube: Search 'brave for kids animated fear YouTube' or 'facing fears children animated' for short accessible animations on being courageous about non-dangerous fears. Runtime ~5 min. Book: 'Jabari Jumps' by Gaia Cornwall — a child who is scared to jump off the diving board and works up the courage to try.,FADE IN: A cartoon fire alarm blaring — in a kitchen where someone has burnt toast. VOICE: 'Alarm is on. But is this a real fire?' CUT TO: Child looking around. No fire. Just toast. VOICE: 'Sometimes our brain treats burnt toast the same as a real fire.' CUT TO: Child taking a breath. Opening a window. Alarm quieting. VOICE: 'When you show your brain it's just burnt toast... it calms down. Every time.' FADE TO TITLE: Mindcast LIVE.,The real fire/burnt toast distinction is brilliantly concrete and memorable for this age. Physical breathing practice can be integrated directly into the role-play. This language can become a year-round reference: 'is that a real fire?' Coordinate with parents to use the same language at home.
25,2,Unlearn,The Stories That No Longer Serve,Child,Updating the Photo Album,"Sometimes the things we believe about ourselves are a bit out of date — like a picture of you from when you were really little. The picture might have been true then, but it's not the whole picture of you now. Today we look at old stories and think about whether it's time to update them.",Think of something you used to believe about yourself that might not be as true anymore. Maybe you used to think you couldn't do something — and now you can. What has changed about you?,"Imagine a photo album that hasn't been updated for years. It has pictures from when you were a baby, a toddler, a younger kid. Those pictures were true! But they're not the whole story of you. Today we add new pictures — new, updated, more complete pictures of who you actually are now.","In old stories, the characters who grew the most were always the ones who were brave enough to see themselves differently — to say 'I am not just the same as I was. I have grown. I have changed. I am more than the old story.' Today we practise that bravery.","1. Sometimes we carry old stories about ourselves — things we believed when we were younger — that aren't really true anymore. | 2. Just like you're taller and smarter and more capable than you were a year ago, your story about yourself can grow too. | 3. It takes bravery to update a story — especially if we've been telling it for a long time. | 4. Today we practise noticing what's grown and changed — and adding those things to our story.",THE UPDATED PHOTO ALBUM: Each child gets a four-page 'photo album' template. Page 1: 'An old story I had about myself' (draw or write). Page 2: 'What has changed or grown since then' (draw or write). Page 3: 'Something I can do now that I couldn't do before' (draw or write). Page 4: 'The new updated picture of me' (draw or write — as full and complete as possible). Share: Page 4 — the new updated picture.,"Hold your photo album. Look at page 1, then page 4. Can you see the journey? The growth? That journey belongs to you — nobody else went on that exact journey. That makes you someone quite remarkable.",Draw 'old you' vs. 'new you' — what has grown and changed? Celebrate every difference!,"Today, notice one way you are more than your old story. Tell someone about it.",Show a grown-up your updated photo album. Ask them to tell you one way they have seen you grow.,Bring your photo album back with a new entry — something that grew this week!,"My story is growing, just like me. I add new pages all the time.",https://www.youtube.com/watch?v=0ZcfX2862XE,YouTube: 'The Dot' by Peter Reynolds read-aloud — about being willing to see yourself differently and discovering new capacities. Runtime ~8 min. Companion book: 'Beautiful Oops' by Barney Saltzberg — about reinterpreting old 'mistakes' as the beginning of something new.,"FADE IN: An old photograph — slightly faded. A child younger, smaller, less sure. VOICE: 'That was true then.' CUT TO: Same child now — new photo. Taller, more confident, more themselves. VOICE: 'But look who's here now.' CUT TO: Child adding to their photo album. New pages, new pictures, new story. VOICE: 'Your story is still being written. And you're the one holding the pen.' FADE TO TITLE: Mindcast LIVE.","The photo album exercise is deeply affirming — let children spend real time on Page 4 (the new, updated picture of themselves). Display them in the room if children are happy to. Celebrate growth explicitly and specifically. This is one of the most joyful sessions of Phase 2."
26,2,Unlearn,Integration — What We Have Released,Child,Putting Down the Heavy Things,"We've been on the second part of our big adventure — learning how to put down some heavy things, say sorry properly, be brave about our fears, and start telling new stories about ourselves. Today we celebrate everything we've let go — and get excited for the next part of the journey: building!",What is one heavy thing you've put down or made lighter during Phase 2? Maybe something you stopped worrying about as much. Something you said sorry for and felt better. A fear you were brave about. A story you started telling differently.,"Remember how our backpack got lighter in Phase 2? Today we check what we've taken out of it — the heavy things we chose to put down. And we get ready to fill it with new, brilliant things in Phase 3.","In old adventure stories, there's always a moment between battles — a camp, a rest, a celebration. The heroes look at each other and say 'we made it through.' Not because the adventure is over — but because this part is done. And they're stronger for it. Today is that moment.","1. You've done SO much brave work in Phase 2. You've thought about forgiveness, about being yourself, about your fears, about the stories you tell yourself. | 2. It takes real courage to look at the heavy things and start putting them down. | 3. Today we celebrate all of that work. And we look forward to Phase 3 — where we get to BUILD new things! | 4. You are braver, wiser, and more yourself than you were 13 weeks ago. That is something to be really proud of.","PHASE 2 CELEBRATION: Each child gets a paper 'heavy stone' and a paper 'feather.' On the stone, they write one heavy thing they've worked on putting down. On the feather, they write one thing that feels lighter now. Create a class display: all the stones in a pile, all the feathers flying around it. Read out the feathers together (keeping stones private). Celebrate every single one. Then: give each child a fresh blank page for Phase 3. 'Now we build.'",Hold your stone and your feather. Close your eyes. Notice how the feather feels compared to the stone. Now think: you chose to put some of the stone down. You made that choice. That was all you. How does it feel to know you can do that?,Draw a picture of yourself lighter — after putting down something heavy. What does your face look like? How do you stand?,Celebrate one thing you're proud of from Phase 2. Tell someone about it!,Show a grown-up your stone and feather. Tell them about the heavy thing you've been working on and the lighter thing you feel now.,Come to the first Phase 3 session ready to tell us the most exciting thing you're going to BUILD!,I put down some heavy things. And now my hands are free to build something new.,https://www.youtube.com/watch?v=VWOgrMXBE4U,YouTube: Search 'growth and change kids celebration animated' for an uplifting short about completing a challenging journey. Runtime ~3–5 min. Book: 'The Journey' by Francesca Sanna — a beautiful book about carrying what matters and leaving behind what doesn't.,"FADE IN: A child walking — but look, the backpack is noticeably lighter. VOICE: 'Something changed.' CUT TO: The stone on the ground — set down, not dragged. The feather rising. VOICE: 'They chose to put something down. That was brave.' CUT TO: Child looking forward. A new horizon. Something being built in the distance. VOICE: 'Phase 3 begins. And your hands are finally free.' FADE TO TITLE: Mindcast LIVE — Phase 3: Rebuild.","Make this session genuinely celebratory — balloons, music, something special. Children have done profound work in Phase 2. The stone/feather display is beautiful — photograph it and share with families. The transition to Phase 3 should feel like a genuine adventure beginning. Pure excitement."
27,3,Rebuild,Who Are You Now? — Rebuilding Identity,Child,Who Are You Building?,We've been on a huge adventure learning about ourselves — now comes the most exciting part: BUILDING! Today we start thinking about who we are CHOOSING to be — the qualities and values that make us most us — and how to grow more of them.,"If you could choose the most important qualities about yourself — things like kindness, courage, creativity, honesty, curiosity — what would you choose? What matters most to you?","You've been finding out all about yourself — what you feel, what you carry, what you can put down. Now it's like you have a blank building site. And you get to decide what to build! Today we start designing.","In building stories, the best heroes are always the ones who discover who they truly are — not because someone told them, but because they chose it. Chose their values, chose their courage, chose their kindness. Today we start choosing.","1. You get to choose the kind of person you are becoming. That is one of the most exciting powers anyone has. | 2. The choices you make every day — how you treat people, what you pay attention to, what you practise — all build who you are. | 3. You already have wonderful qualities. And you can always build more. | 4. Today we start thinking about the qualities we most want to grow — and how we'll practise them.","THE QUALITY BUILDER: Each child gets a brick-wall template (8–10 bricks). In each brick, they write or draw a quality they want to build in themselves — courage, kindness, creativity, perseverance, honesty, curiosity, etc. Then: circle the three most important ones. These are the foundations of their personal rebuild. Share: their three foundation bricks. Facilitator writes a class collective wall — all the bricks together.",Close your eyes. Think about the most important quality you want to build. Imagine yourself — in one year — with a lot more of that quality. What does that version of you look like? How do they treat people? How do they handle hard things? How do they feel? That version of you is possible. You're building toward it now.,Draw a picture of 'Future Me' — the version of you with all the qualities you're building. What does that person look like?,"Today, practise one of your foundation qualities in one real situation. Notice how it feels.",Tell a grown-up about your three foundation bricks. Ask them what theirs would be.,Bring back your brick wall and add new bricks you've discovered this week!,I am choosing who I am building. My qualities are mine to grow.,https://www.youtube.com/watch?v=H14bBuluwB8,YouTube: 'What Do You Do With an Idea?' read-aloud by Kobi Yamada — about nurturing what you are building from the inside out. Runtime ~8 min. Book: 'Beautiful Me' by Kimberly and James Dean — affirming exploration of who you choose to be.,"FADE IN: A cartoon building site — cleared and ready. VOICE: 'Phase 1 — we looked at everything. Phase 2 — we put down some heavy things. Now?' CUT TO: A child in a hard hat, surveying the site with excitement. VOICE: 'Now we build.' CUT TO: First brick laid — a word written on it. 'KINDNESS.' Another. 'COURAGE.' Another. 'CURIOSITY.' VOICE: 'That is your foundation. You choose every brick.' FADE TO TITLE: Mindcast LIVE.",The building metaphor is enormously energising at this age — make it as physical and visual as possible. The collective class wall of qualities displayed in the room is a powerful image of community values. Keep the energy high — this is the most fun phase of the year.
28,3,Rebuild,What Do You Actually Value?,Child,Your Inner Compass,"Values are like the most important rules you make for yourself — not rules from other people, but the things YOU decide are most important about how you live and treat others. Today we find out what YOUR most important values are.",What is the most important rule YOU have made for yourself — something you believe about how to treat people or how to live? Not a rule from school or home — something that feels most like yours.,"Imagine you have a special compass inside you — and instead of pointing to north, it points to what matters most to you. Today we find out which direction your compass actually points.","In old stories, the bravest heroes always had a strong inner compass — they knew what mattered, and they stuck to it even when things got hard. That compass was their values. Today we discover ours.","1. Values are the things that matter most to us — what we believe is important about how we live and treat others. | 2. Everyone's values are a little different — and that's what makes the world rich and interesting. | 3. Some common values are: kindness, honesty, courage, fairness, creativity, friendship, family, fun, learning, helping others. | 4. Knowing your values helps you make good decisions — when something feels wrong, it usually means it goes against one of your values.","THE VALUES COMPASS: Each child gets a large compass drawn on paper (pointing N, S, E, W). In the four directions, they write or draw their four most important values. Facilitator shares examples and helps with vocabulary. Then: present dilemmas and ask children to use their compass: 'Your friend asks you to keep a secret that worries you — which value guides you?' / 'Someone is being left out — which value helps you decide what to do?' Share: your compass and your most important direction.",Close your eyes. Think about the value that feels MOST important to you. When have you lived it really well? How did it feel? Now think: when did you NOT live it and felt bad afterwards? What happened? Your compass was trying to guide you. Today we make it stronger.,Draw your inner compass. Write your four most important values in the four directions. Decorate it so it looks like YOU.,"When you face a choice today, use your compass: 'Which of my values guides me here?' Tell someone about it.",Show your compass to a grown-up. Tell them about the values you chose. Ask them what their compass points to.,Bring your compass back! Did you use it this week? What happened?,My values are my compass. They help me know who I am and how to treat others.,https://www.youtube.com/watch?v=IRVxOCKxDyI,YouTube: Search 'values for kids animated' or 'what are values children' for short accessible content. Runtime ~5 min. Book: 'Those Shoes' by Maribeth Boelts — a beautiful story about knowing what you truly value versus what you want because others have it.,"FADE IN: A cartoon compass, spinning. Gradually it slows and settles — pointing to a glowing word: KINDNESS. VOICE: 'That's what matters most to them. That's their compass.' CUT TO: Child at a moment of decision. Looks at their internal compass. It points clearly. VOICE: 'When you know what matters to you, decisions get clearer.' CUT TO: Child making the values-aligned choice. Looking peaceful. VOICE: 'Your compass is already inside you. Today you just learned to read it.' FADE TO TITLE: Mindcast LIVE.",The compass is a brilliant physical metaphor — make it beautiful and keep it as a year-round tool. Present the dilemmas with warmth and humour. The discovery that values-based decisions feel better than approval-seeking decisions is a genuine revelation for this age.
29,3,Rebuild,The Habits That Build You,Child,Watering Your Garden,Habits are things we practise so often they become automatic — we do them without even thinking. Today we think about the habits that GROW us — the small things we do every day that make us more of who we want to be.,"What is something you already do every day that has made you better at something or made you feel good about yourself? (Reading, practising a sport, being kind, helping someone.) How did that habit start?","Think about how a plant grows. It doesn't shoot up all at once — it grows a tiny bit every single day. Good habits are like watering a plant. A little bit, every day, makes something beautiful grow.","In old stories about people who became truly great — kind, wise, brave, skilled — it was never from one magic moment. It was always from small, consistent practice. Every single day. A little bit. That's how greatness actually grows.",1. A habit is something you do so regularly that it becomes almost automatic. | 2. The habits we practise build who we are — a little bit at a time. | 3. Even tiny habits matter! Five minutes of reading every day adds up to over 30 hours in a year. | 4. The best habits are ones that help us grow into the person we want to be.,"THE HABIT GARDEN: Each child gets a garden template with 3 plant pots. In each pot, they draw or write a small daily habit they want to grow — something that will help them build one of their quality-bricks from Week 27. Then they write: what's the SMALLEST daily version? (E.g. 'I will read for 5 minutes before bed' / 'I will say one kind thing to someone every day' / 'I will draw something for 3 minutes.'). Share: their three habit seeds and the smallest daily version of each.","Close your eyes. Imagine watering your three habit plants every single day for three months. Picture them growing — slowly, steadily. What does your garden look like after three months? How do YOU feel? That garden is available to you. Starting today.","Draw your habit garden in full — name the plants, draw how they might look when they've grown!",Start ONE of your habit plants today — the tiniest version. Just begin. Tell someone about it tonight.,Show a grown-up your habit garden. Ask them what habit they wish they had started when they were your age.,Bring back: how many days did you water your habit plant? What happened?,Small daily habits grow into big wonderful things. I water my garden every day.,https://www.youtube.com/watch?v=hpnI3MCTJSA,"YouTube: 'The Power of Yet' animated — Carol Dweck for kids, about the habit of persisting. Runtime ~5 min. Book: 'Little Acorn Becomes a Tree' or 'What a Seed Knows' for the growth metaphor. Also: 'Dreamers' by Yuyi Morales — about slow, persistent building.","FADE IN: Three empty pots on a windowsill. VOICE: 'Nothing in them yet.' CUT TO: Day 1 — a child adds a tiny seed. Day 7 — tiny shoots. Day 30 — real plants. Day 90 — flourishing. VOICE: 'They didn't do anything dramatic. Just a little bit, every day.' CUT TO: The child smiling at their garden. VOICE: 'That's a habit. And habits grow exactly like plants — slowly, steadily, beautifully.' FADE TO TITLE: Mindcast LIVE.",The garden metaphor is perfect for this age — consider having small actual seed packets as a physical take-home that mirrors the metaphor. The minimum habit concept ('just the tiniest version') dramatically reduces the activation energy. Send a habit tracking sheet home for family engagement.
30,3,Rebuild,Your Body as Foundation,Child,Charging Your Superhero Suit,"Our bodies are the most amazing machines — they need certain things to work really well: good sleep, movement, healthy food, and ways to calm down when we feel stressed. Today we learn how to take care of our bodies so they can help us feel and be our best.",Can you tell when your body needs more sleep? How do you feel? What about when you haven't moved around enough — how does that feel? What about when you've eaten mostly sugary things all day? Your body sends signals — let's learn to read them.,"Think of your body like a superhero suit. When it's charged up — with sleep, movement, good food, and calm — it can do extraordinary things. When it's running on empty, even superpowers don't work properly! Today we learn how to charge up.","Ancient peoples knew something important: a well-rested, well-moved, well-nourished body thinks more clearly, feels more balanced, and has more courage. They were right — and now science confirms it. Today we learn the four things that charge our superhero suit.","1. Your body needs four things to work really well: SLEEP (to grow, learn, and feel okay), MOVEMENT (to feel energised and happy), GOOD FOOD (to have energy and think clearly), and CALM (ways to settle down when things feel overwhelming). | 2. When we don't get enough of these, everything gets harder — it's harder to concentrate, control our feelings, and be kind to others. | 3. The good news: even small improvements in any of these four things can make a big difference. | 4. Taking care of your body is one of the kindest things you can do for yourself AND for everyone around you.","SUPERHERO SUIT CHECK: Each child rates their four areas with a simple traffic light (red/orange/green): Sleep, Movement, Food, Calm-Down Skills. Then for their most orange or red area: 'What is ONE small thing I could do to give this area a bit more green?' Facilitator works through examples: sleep (same bedtime every night, dark room), movement (playing outside, dancing, walking), food (one more piece of fruit, water before lunch), calm (three deep breaths, a favourite calming activity). Share: one upgrade they're committing to.","Let's practise charging our suits right now. Everyone: sit up tall, put both feet on the floor, take three slow deep breaths. Breathe in while I count to 4 — and out while I count to 6. Did you feel something shift? That's your calm-down power — and it works any time, any place.",Draw your superhero suit charged up and ready. Label the four charging stations around it.,Try ONE of your charging habits today — and notice how it affects how you feel.,Tell a grown-up about the four charging areas. Ask them which one they find hardest to keep charged. Compare answers!,Bring back your superhero suit drawing — has anything changed in your charging levels?,"When I take care of my body, I can be the best version of me. Sleep, movement, food, and calm — my four superchargers.",https://www.youtube.com/watch?v=BVAaomgzFCM,YouTube: 'Sesame Street Belly Breathe' or search 'kids movement and sleep importance animated' for fun accessible content on body care for children. Runtime ~3–5 min. Book: 'I Am Yoga' by Susan Verde — a beautiful mindful body awareness book.,"FADE IN: A cartoon superhero suit — four charging stations around it labelled SLEEP, MOVEMENT, FOOD, CALM. All four gauges low. Suit hanging limply. VOICE: 'When the suit isn't charged... it's really hard to do anything super.' CUT TO: Same suit, gradually charging as each station lights up. VOICE: 'Sleep — charging. Movement — charging. Good food — charging. Calm — charging.' CUT TO: Fully charged suit, glowing. Child puts it on. Stands tall. VOICE: 'That's how you charge your superpower.' FADE TO TITLE: Mindcast LIVE.",The superhero charging metaphor is endlessly engaging for this age. Make the breathing practice a regular feature of every session from this point forward — 3 breaths to open each session. Involve families in the four charging areas — send a visual home they can put on the fridge.
31,3,Rebuild,The People You Choose,Child,Growing Friends,"The people we spend time with help shape who we become — because we learn from them, we pick up their habits and feelings, and we become more ourselves (or less ourselves) depending on who we're around. Today we think about the people in our lives who help us grow — and how to be that kind of person for others.","Think of a friend or person who makes you feel really good — more yourself, happier, braver. What is it about them that makes you feel that way? What do they do that helps you grow?","Think about how flowers grow better when they're planted near other healthy plants — they share good soil, they shelter each other from wind, and they make each other more beautiful. People work the same way! The right friends help us grow. Today we think about what makes a growing friendship.","In old stories the best companions were always the ones who brought out the best in the hero — who believed in them, told them the truth, and stood by them through hard times. That kind of friendship is worth finding AND worth being. Today we think about both.","1. The people we spend the most time with have a big influence on how we feel and who we become. | 2. Growing friends are people who make us feel good about ourselves, encourage us to try new things, and are kind even when things are hard. | 3. We can also BE growing friends for others — by being kind, honest, encouraging, and supportive. | 4. It's okay if not everyone is a growing friend — but it's really worth finding and keeping the ones who are.","THE GROWING FRIEND GARDEN: Each child gets a garden template with space for 3–4 friends. For each friend: draw or write their name, one thing they do that helps you grow, and one thing you do that helps THEM grow. Then: draw yourself in the garden too. What do you bring to your friendships? Share: one growing friend and one thing they bring to you.",Close your eyes. Think about your most growing friend — the one who makes you feel most like yourself. How do they make you feel? What do they do that helps? Now: what do YOU do for them? Are you being a growing friend back? What's one more thing you could do for them?,Draw a picture showing you and a growing friend doing something together. What makes this friendship a growing one?,Do something kind or encouraging for a growing friend today — and notice how it feels to give as well as receive.,Tell a grown-up about one of your growing friends and why they matter to you. Ask them about their growing friends.,Bring back a story about something a growing friend did for you this week — or something you did for them!,I choose friends who help me grow — and I am a growing friend for others.,https://www.youtube.com/watch?v=9_1Rt1R4xbM,YouTube: 'Charlotte's Web' book read-aloud clips or search 'friendship for kids animated' for short content on what makes a good friend. Runtime ~5–8 min. Book: 'The Invisible String' by Patrice Karst — about the connections that matter most.,"FADE IN: A garden — some plants growing vigorously side by side, supporting each other. Others struggling in poor soil, alone. VOICE: 'Plants grow better with the right companions. So do people.' CUT TO: Two children doing something together — laughing, exploring, genuinely enjoying each other. VOICE: 'A growing friend is someone who makes you more of who you are. Not less.' CUT TO: One child doing something kind for the other. VOICE: 'And the best thing about growing friends? You can be one too.' FADE TO TITLE: Mindcast LIVE.",The growing friend concept should be kept warm and affirmative — this is not about judging friendships but about celebrating the ones that genuinely nourish. Acknowledge that all friendships have ups and downs. The seed activity (doing one kind thing for a growing friend) should have a real follow-through plan.
32,3,Rebuild,How You Speak to Yourself,Child,Finding Your Power Phrases,"We've been building our inner coach — the kind, honest voice inside us. This week we practise using that voice every day. Today we design our personal 'power phrases' — the things we say to ourselves that help us feel brave, kind, and capable.",What is the most helpful thing a kind voice could say to you when you're having a hard day? When you've made a mistake? When you're about to try something scary? What do you most need to hear?,Remember your inner coach from a few weeks ago? Today we give them some really good lines. The best coaches always have just the right thing to say. Today we write ours.,"In old stories, the bravest characters would say something to themselves before a challenge — a promise to themselves, a reminder of who they were. Those words became their power. Today we find ours.","1. The words we say to ourselves matter — they're heard more than any other voice we'll ever hear. | 2. When we practise saying kind, honest, encouraging things to ourselves, it actually changes how we feel and how brave we can be. | 3. Power phrases aren't magic — they're reminders of what's true about us when we forget. | 4. Today we create our own personal power phrases — the ones that are most true for us.","POWER PHRASE CREATOR: Guide children through three types of power phrase: 1. BRAVE phrase (for when something feels scary): e.g. 'I can be scared AND brave at the same time.' 2. KIND phrase (for when you've made a mistake): e.g. 'I made a mistake. That doesn't make me bad. I can try again.' 3. STRONG phrase (for hard days): e.g. 'I am doing my best, and that is enough.' Each child writes their own version of each type — in their own words. Share: their brave phrase with the group.","Let's practise our brave phrases right now. Everyone close their eyes. Think of something that feels a bit scary. Now say your brave phrase to yourself — quietly, in your head. How does it feel? Take a breath. Say it again. Notice what changes.",Write or decorate your three power phrases on a card to keep. Make it beautiful — it's important!,"Use your brave phrase today — even if nothing scary happens, just practise saying it.",Teach a grown-up your three power phrases. Ask them what THEIR power phrases are.,Bring back your power phrase card! Which one did you use most this week?,I have words that help me. I say them to myself with kindness and truth.,https://www.youtube.com/watch?v=VXez46_LZSE,"YouTube: Search 'positive self-talk for kids animated' or 'affirmations for children YouTube' for short, accessible animations. Runtime ~5 min. Book: 'I Am Enough' by Grace Byers — a beautiful collection of affirmations in picture book form.","FADE IN: A child before something scary — about to give a speech, try something new. We hear the worried inner voice. VOICE: 'That's the old voice. Let's try a different one.' CUT TO: Child closes eyes. Says their brave phrase quietly. Breathes. Opens eyes. VOICE: 'Not the magic disappearing of fear. The brave choosing to go anyway.' CUT TO: Child doing the thing — imperfectly, real, proud. VOICE: 'Power phrases don't remove the challenge. They remind you who you are while you face it.' FADE TO TITLE: Mindcast LIVE.","Create beautiful, laminated power phrase cards for children to take home — make them special objects, not just worksheets. Involve parents: send a note explaining power phrases and asking them to use the same language at home. The three-category structure (brave, kind, strong) covers the most important emotional situations."
33,3,Rebuild,Creating Structure That Serves You,Child,Your Personal Rhythm,"Having a routine — a regular order for how we do things — actually helps us feel safer, calmer, and more able to enjoy the fun parts of our day. Today we think about the routines that help us the most — and maybe design some new ones.","What's a routine you have that really helps you? Maybe a bedtime routine, or how you get ready in the morning, or something you do after school? Why does it help?","Think about how a garden grows best when it has a good watering routine, the right amount of sunshine each day, and regular weeding. Your life grows best when it has a good routine too! Today we design our personal growth garden routine.","In old stories, the wisest people always had a rhythm to their days — they knew when to work, when to rest, when to play, and when to think. That rhythm didn't make their days boring. It made everything else possible.","1. Having a routine — a regular order for important parts of the day — helps our brains feel safe and our bodies feel settled. | 2. When we know what's coming, we have more energy for the fun, creative, and unexpected parts of life. | 3. A good daily routine includes time for sleep, movement, food, learning, connection, and rest. | 4. Today we think about what our ideal daily rhythm looks like — and pick one small routine to strengthen.","MY DAILY RHYTHM: Give each child a simple clock/timeline template for a day. Together, fill in the key anchors: wake time, breakfast, school or activity, movement time, connection time (family/friends), quiet or creative time, bedtime. Then: 'Is there one part of your day that feels chaotic or hard? Could a small routine help?' Design one new mini-routine for that part. Share: their new mini-routine.",Close your eyes. Imagine your perfect calm day — everything in a good rhythm. What time do you wake up? What makes mornings feel good? What do you do after school? What helps you sleep? Notice how calm it feels when your day has a good rhythm. You can build that.,Draw your ideal daily rhythm as a clock or timeline. What are the most important parts?,Try your new mini-routine today. Notice how it feels to have that part of your day feel more settled.,Tell a grown-up about your new mini-routine. Ask them to help you stick to it this week.,Bring back: how did your mini-routine go? Did it help?,"A good daily rhythm helps me feel calm, settled, and ready for anything.",https://www.youtube.com/watch?v=nj2ofrX7jAk,"YouTube: Search 'daily routine for kids animated' for short, engaging content about healthy daily rhythms. Runtime ~5 min. Book: 'Bedtime for Frances' by Russell Hoban — gently illustrates the importance of routine and what happens when it's disrupted.","FADE IN: A cartoon day without any rhythm — chaotic, scattered, ending in a tired, grumpy child. VOICE: 'No rhythm. Everything's harder.' CUT TO: Same child, next day — with a simple morning routine and a bedtime rhythm. Calmer. More settled. VOICE: 'Same child. A little more rhythm.' CUT TO: Child at bedtime, peaceful and ready. VOICE: 'Routines don't take away the adventure. They make it easier to have one.' FADE TO TITLE: Mindcast LIVE.","Coordinate with parents for this session — family buy-in on routine changes is essential for children. Focus on one small, achievable routine improvement rather than a whole-day redesign. Sleep routine is the highest-leverage area for most primary-age children. Send home a simple routine template families can use together."
34,3,Rebuild,"Rest as a Practice, Not a Reward",Child,Rest Is a Superpower,"Rest is not just sleep — it's also the quiet, gentle times when our brain and body get to recover and refuel. Today we learn about the importance of rest, what real rest looks and feels like, and how to give our brain the recovery time it needs.",What do you do when you want to relax and feel better? What makes you feel most refreshed and restored? Is it different to what you do when you're bored?,"Think about a phone that's been on all day with lots of apps open. By the evening, it's hot and the battery is nearly empty. People are the same! Our brains need quiet time — not just sleep, but gentle, calm recovery time during the day.","In old stories, even the greatest heroes had to rest before the big challenge. Not because they were weak — but because they were wise enough to know that the body and mind need recovery time to do their best. Rest is a superpower, not a sign of being lazy.","1. Rest is not the same as sleep — it's also the quiet time your brain needs during the day to process everything it's learned and feel settled. | 2. Some things we think are rest — like watching lots of videos or scrolling — actually keep our brains busy. Real rest is quieter. | 3. Real rest might look like: playing outside, drawing, listening to music, daydreaming, quiet reading, or just being still for a few minutes. | 4. When we rest properly, we can think more clearly, feel calmer, and actually enjoy things more.","REST vs. BUSY BREAK: Show children two lists and sort together: REST (quiet reading, outdoor play, drawing, daydreaming, calm music, gentle movement) vs. BUSY BREAK (lots of screens, fast-paced games, scrolling, loud noise). Discuss: how does each feel in your body? How do you feel after each? Then: design your personal 'rest menu' — three go-to genuine rest activities that work for YOU. Share: their top rest activity.","Let's practise right now. Everyone: sit or lie comfortably. Close your eyes if you want. For 2 minutes, just breathe and let your mind wander wherever it wants — no thinking about anything on purpose. Just... rest. When we open our eyes: how did that feel?",Draw your 'rest menu' — three activities that give your brain real rest. Make it beautiful!,Take a genuine rest break today — from your rest menu. Notice how you feel before and after.,Show a grown-up your rest menu. Ask them what rest looks like for them. Plan a rest time together this week.,Bring back: which rest activity did you try? How did it feel?,Real rest is when my brain gets to breathe. It makes everything else better.,https://www.youtube.com/watch?v=nj2ofrX7jAk,YouTube: Search 'rest for kids why it matters animated' or 'why do we need rest children YouTube' for short accessible content. Runtime ~5 min. Book: 'The Rabbit Listened' by Cori Doerrfeld — about the kind of quiet presence that genuinely restores.,"FADE IN: A brain in cartoon form — hot, busy, lots of things spinning. VOICE: 'This brain has been working really hard. It needs something.' CUT TO: The child sitting outside, looking at clouds. Brain slowly cooling, spinning things slowing. VOICE: 'That. Right there. That's rest.' CUT TO: Brain, refreshed. Everything a bit clearer, a bit calmer, a bit more ready. VOICE: 'Rest isn't doing nothing. It's giving your brain what it needs.' FADE TO TITLE: Mindcast LIVE.","The rest menu is a lovely, practical take-home from this session. The 2-minute rest practice in the session is worth doing slowly and genuinely — model it yourself. Coordinate with parents to support genuine rest practices at home, distinct from screen time. The rest/busy-break distinction is a powerful concept for both children and parents."
35,3,Rebuild,Creativity and Expression,Child,The Joy of Making,"Making things — drawing, building, writing, singing, dancing, inventing — is one of the most wonderful things human beings can do. And everyone can do it! Today we celebrate creativity, remember what we love to make, and give ourselves permission to create without worrying about whether it's perfect.",What is your absolute favourite thing to make or create? Drawing? Building? Writing? Dancing? Making music? Something else? What does it feel like when you're deep in making something you love?,"Imagine if every time you drew a picture, someone graded it. Or every time you made up a song, someone told you it wasn't good enough. You'd probably stop trying! Today we remember that making things is for the joy of making — not for getting it right.","The most creative people in history — inventors, artists, storytellers — all had one thing in common: they were willing to make things that weren't perfect. In fact, most of their greatest creations came out of lots of imperfect attempts. Today we celebrate the imperfect making.",1. Making things is one of the most important things humans do — it's how we express who we are and what matters to us. | 2. There is no right or wrong way to be creative — your way is always the right way. | 3. The best creative experiences happen when we make for the joy of it — not to impress anyone or get it perfect. | 4. Everyone is creative. Creativity looks different for different people — and all of it is valuable.,"THE MAKING PARTY: Facilitate a free-choice creative session — provide a range of materials (drawing supplies, building blocks, collage materials, writing paper, musical instruments if available). For 15 minutes, everyone makes something — anything they want, however they want. No instructions. No right answer. No evaluation. Then: share what you made — not for judgment but for celebration. Each share receives: 'Tell us about your making — what did you enjoy about it?' NOT 'That's so good!' (evaluation). Just genuine curiosity.","Close your eyes. Think about being deep in making something you love — completely absorbed, time flying, just you and the making. Remember that feeling. That feeling is available to you any time you pick up the thing that helps you make. It belongs to you. Nobody can take it.","Make something today just for the joy of it — not to show anyone, not to get it right. Just because making things is wonderful.",Show a grown-up something you've made recently. Tell them about what you ENJOYED about making it — not whether you think it's good.,Bring something you've made this week to share — just to celebrate the making!,I am creative. Making things is part of how I am most alive. I make for joy.,https://www.youtube.com/watch?v=0ZcfX2862XE,https://www.youtube.com/watch?v=1iL3JOFqMQQ,The Dot read-aloud by Peter H. Reynolds — a celebration of creative courage and the joy of making something just because. Runtime ~8 min. Companion book: 'Beautiful Oops' by Barney Saltzberg — a joyful celebration of imperfect making.,"FADE IN: A blank table covered in paper and art supplies. Colours everywhere — markers, crayons, paint, glitter. VOICE (warm, excited): 'No rules. No right answer. Just making — for the joy of it.' CUT TO: A child's hands drawing a bright red swirl — then pausing, adding a line, smiling. VOICE: 'This is what it looks like when you let yourself create without worrying if it's good enough. It doesn't have to be perfect. It just has to be yours.' CUT TO: Many hands making different things — a wonky clay cup, a painting of a purple dog, a collage of magazine clippings. Each child absorbed in their own creation. FADE TO: The finished artwork — imperfect, personal, beautiful. VOICE: 'That feeling right there? That's the joy of making. Take it with you. Make more things.' FADE TO TITLE: Mindcast LIVE — The Joy of Making.",The 15-minute making party is the centrepiece — protect that time. Let children experiment with different mediums. Display finished work on a 'gallery wall' and celebrate each piece individually. No critique — only noticing what you like about each creation.
36,3,Rebuild,Purpose — What You're Here For,Child,Your Special Puzzle Piece,"Every person has gifts — things they're naturally good at, things they love, and ways they can help others. When we use our gifts to help and contribute, that's called purpose. Today we start discovering what our gifts are and how we can share them.",What is something you love doing AND you're good at AND it helps other people? It might be something you haven't thought of as a gift before.,"Imagine the world is like a giant puzzle. Every single person is a piece. And the puzzle only works when every piece is in the right place, doing what it does best. Today we figure out what makes you the perfect YOU-shaped piece.","In old stories about heroes and great people, they always had something special — a gift that was uniquely theirs. Not perfect. Not magical. Just genuinely theirs. And they used it to make things better. Today we find yours.","1. Everyone has gifts — things they love, things they're good at, and ways they can help others. | 2. Purpose means using your gifts to do something that matters — not just for yourself, but for others too. | 3. You don't need to have everything figured out. You just need to start noticing what feels most like you AND most helpful. | 4. Even small contributions matter enormously — being kind, helping a friend, making someone laugh, listening when someone is sad. These are purposes too.","GIFT EXPLORER: Three prompts for each child to write or draw: 1. 'Something I love and I'm good at is...' 2. 'Something I do that seems to help or matter to others is...' 3. 'If I could change one thing about the world, I would...' Then: where do these overlap? That's the beginning of your purpose. Share: one gift they have that they want to use more.","Close your eyes. Think of a time when you did something that really helped someone — even something small. How did it feel? That feeling — of genuinely contributing something that mattered — that's the feeling of purpose. It's available to you every day, in small ways.",Draw your 'YOU-shaped puzzle piece' — write your gifts inside it and draw how it connects to the people and world around you.,Use one of your gifts to help someone today. Notice how it feels.,Tell a grown-up about one of your gifts. Ask them what gift they think you have that you might not have noticed yet.,Bring back your puzzle piece drawing — and a story about using one of your gifts this week!,I have gifts that are uniquely mine. Using them to help others is my purpose.,https://www.youtube.com/watch?v=9_1Rt1R4xbM,YouTube: 'Wonder' read-aloud clips or search 'purpose for kids animated gifts' for short accessible content on contribution and gifts. Runtime ~5–8 min. Book: 'The Jelly That Wouldn't Wiggle' by Alexandra Parry — about each person's unique contribution to something bigger.,"FADE IN: A giant puzzle — most pieces in place, but missing some. VOICE: 'Every puzzle needs every piece.' CUT TO: A child holding their puzzle piece — unique shape, something special written on it. VOICE: 'Your piece is the exact right shape for the space only you can fill.' CUT TO: The child places their piece. The picture becomes more complete. VOICE: 'That is purpose. Not a grand plan. Just your piece, in your place, doing what only you can do.' FADE TO TITLE: Mindcast LIVE.","Keep purpose concrete and immediately actionable for this age — not about the future, but about what they can contribute today. Celebrate every 'gift' that is shared generously and specifically. The puzzle metaphor reinforces both uniqueness AND interdependence — both are important values to embed."
37,3,Rebuild,"Money, Abundance and Your Relationship With Resources",Child,What We Have and What We Share,"Money is something that grown-ups think about a lot — and most children hear messages about it without fully understanding them. Today we think about what we've been taught about money and resources, and what a healthy, kind relationship with what we have looks like.",What is something you have — that doesn't cost any money — that you're really grateful for? And what is something you own that you love sharing with others?,"Think about everything you have — your toys, your home, your food, your family, your friends. Some things cost money. Some things are free. Today we think about what really matters, how to be grateful for what we have, and how to be generous with what we can share.","In old stories, the happiest and wisest characters were never the ones who had the most things. They were the ones who valued what they had, shared generously, and knew the difference between what they needed and what they just wanted. Today we learn that wisdom.","1. Money is a tool — it helps us get things we need and some things we want. But it's not the most important thing in life. | 2. Gratitude — being thankful for what we have — makes us feel richer, even if we don't have very much. | 3. Generosity — sharing what we have — actually makes us feel happier and more connected. | 4. Learning the difference between things we NEED and things we WANT is one of the most important money skills there is.","NEED vs. WANT vs. SHARE: Facilitate a sorting activity with picture cards or drawn items: sort into NEED (food, shelter, warmth, healthcare), WANT (toys, treats, gadgets), and COULD SHARE (time, kindness, skills, some possessions). Discuss: 'Is it possible to share something that doesn't cost money? What can you share that isn't a thing?' Then: each child identifies one thing they're grateful for, and one non-money thing they can share this week. Share: their chosen gratitude and their generous act.","Close your eyes. Think about everything you have — your home, your family, your friends, your health, your skills, your imagination. Even if it's hard sometimes, there is a lot there. Take a moment just to notice it and feel grateful. Now: is there something in that list you could share? Something that would cost you nothing but would mean a lot to someone else?",Draw or write about three things you have that money can't buy — and three things you can share with others.,Do one generous act this week — something you give that doesn't cost money.,Ask a grown-up: 'What's something you have that you're really grateful for that money can't buy?' Share your answer with them too.,Bring back: what generous act did you do this week? How did it feel?,I am grateful for what I have. And I am generous with what I can share.,https://www.youtube.com/watch?v=rrkrvAUbU9Y,YouTube: Search 'generosity for kids animated' or 'gratitude and giving children YouTube' for short accessible content. Runtime ~5 min. Book: 'Those Shoes' by Maribeth Boelts — a beautiful story about needs vs. wants and the joy of generosity.,FADE IN: A child's bedroom full of toys — but looking somehow empty. VOICE: 'All this — and something still feels like it's missing.' CUT TO: Same child sharing something with a friend. Simple. Not expensive. VOICE: 'There it is.' CUT TO: Both children laughing. Connected. VOICE: 'Gratitude and generosity — they're not about what you have. They're about how you relate to what you have.' FADE TO TITLE: Mindcast LIVE.,"Be sensitive to varying financial circumstances among children — never compare or highlight differences. Focus on non-material forms of abundance (time, kindness, skills, imagination) which are genuinely available to all. The need/want/share activity is one of the most practically valuable financial literacy exercises for this age."
38,3,Rebuild,The Community You Build,Child,Being Part of Something Bigger,"We all belong to communities — our family, our class, our sports team, our neighbourhood. A good community is one where people care for each other, help each other, and make each other feel like they belong. Today we think about the communities we're part of — and how to make them better.","What communities are you part of? Name as many as you can — family, class, sports team, neighbourhood, this group. What makes each one special?","Imagine a beehive. Every bee has a job. Every bee matters. When all the bees work together, they make something amazing that none of them could make alone. You are part of communities like beehives — and what you contribute matters.","In old stories, the strongest characters were always the ones who had good communities around them — people who cared, who helped, who showed up. And the strongest characters were also the ones who gave back — who contributed something that made their community better. Today we think about both.","1. A community is a group of people who care about each other and contribute to something together. | 2. Being part of a good community helps us feel safe, loved, and like we belong. | 3. Communities become stronger when everyone contributes — even small contributions matter enormously. | 4. You can make your communities better by being kind, showing up, including others, and contributing what you're good at.",COMMUNITY BUILDER: Each child identifies two or three communities they belong to. For each: 'What does this community give me?' and 'What do I give to this community?' Then: 'Is there someone in one of my communities who might feel left out or could use more belonging? What is one thing I could do to include them or make them feel more part of things?' Share: one community they love and one thing they contribute to it.,Close your eyes. Think about your favourite community — the one where you feel most like you belong. What makes it feel like home? What do YOU bring to it that makes it better? Now: is there one person in that community who might need a bit more belonging? What could you do?,Draw your favourite community. Write or draw what everyone in it contributes — including yourself.,"Do one thing today that makes one of your communities a tiny bit better — include someone, help someone, contribute something.",Tell a grown-up about one of your communities and what you love about belonging to it. Ask them about their favourite community.,Bring back: what did you do to make your community better this week? What happened?,I belong to communities that matter. And I make them better by contributing who I am.,https://www.youtube.com/watch?v=YRaVl-VjF2g,YouTube: Search 'community and belonging for kids animated' or 'teamwork children YouTube' for accessible short content. Runtime ~5 min. Book: 'Last Stop on Market Street' by Matt de la Pena — a beautiful story about noticing and contributing to the community around you.,"FADE IN: A cartoon beehive — every bee busy, contributing, the hive alive with purpose. VOICE: 'Every bee matters. Every contribution counts.' CUT TO: Child looking at their communities — family, class, this group. VOICE: 'You are part of beehives like this. And what you bring matters more than you know.' CUT TO: Child doing one small generous act in their community. Something shifting. More belonging. VOICE: 'Community isn't something you find. It's something you build — one kind act, one genuine contribution at a time.' FADE TO TITLE: Mindcast LIVE.","The beehive metaphor is wonderful for group dynamics — every child can see themselves as essential. The 'someone who might need more belonging' prompt is powerful and should be handled with sensitivity — make it about outward reaching, not inward inventory of who is and isn't included."
39,3,Rebuild,Integration — Who You Are Becoming,Child,Look What We've Built!,We've been building for 13 weeks! Today we celebrate everything we've grown and built — and get ready for the most exciting phase yet: going out into the world and USING everything we've built to make things better.,"Let's go on a memory adventure through Phase 3! What are all the things we've built and grown in the last 13 weeks? (Identity, values compass, habit garden, superhero suit, growing friends, inner coach voice, daily rhythm, rest, creativity, purpose puzzle piece, community...)",Remember the blank building site from Week 27? Today we look at what we've built on it — all the bricks and qualities and habits and friendships. And then we get ready for Phase 4: taking everything we've built out into the world and using it!,"In adventure stories, there always comes the moment when the hero has done the training, learned the skills, found their team — and it's time to go. Not because they're perfect. Because they're ready enough, and the world needs what they have. Today is that moment.","1. You've built SO much in Phase 3 — a stronger identity, clearer values, new habits, a better relationship with your body and rest, creative expression, a sense of purpose, and deeper community. | 2. These things are yours. You built them. Nobody can take them away. | 3. Phase 4 is the most exciting phase: it's about using everything you've built to contribute to the world around you — your family, your community, and beyond. | 4. You are more ready than you know. And the world genuinely needs what you have to give.",PHASE 3 CELEBRATION TOWER: Each child gets a series of 'brick' cards (one per Phase 3 theme). They write one thing they built in each brick. Stack the bricks into a tower. Display all the towers together — the visual of everything built. Then: add one 'door' brick at the top of each tower: 'Phase 4 — what I'm bringing into the world.' Share: their most important brick and what's written on their door.,"Hold your tower. Close your eyes. Feel how much heavier it is than the empty site at the start. Look at everything you've added. These are real. These are yours. You built these through showing up, week after week, honestly and bravely. Now: you get to take everything in this tower and use it to make things better. That's Phase 4. Are you ready?","Draw your building tower from Phase 3 — full, colourful, yours. What's written on the door at the top?",Celebrate one thing you built in Phase 3 today — use one of your Phase 3 tools in the real world.,Show a grown-up your tower. Tell them everything that's in it. Let them be genuinely amazed.,Come to the first Phase 4 session ready to tell us: what are you going to DO with everything you've built?,I built something real and strong. Now I get to take it into the world. Phase 4 — here I come!,https://www.youtube.com/watch?v=VWOgrMXBE4U,"YouTube: 'Oh, the Places You'll Go!' read-aloud by Dr Seuss — the perfect send-off from building to living. Runtime ~8 min. Also: search 'children growth celebration animated YouTube' for uplifting content.","FADE IN: The building site from Week 27 — now with a real building on it. Not perfect. Genuinely built. VOICE: 'Thirteen weeks ago — empty site. Today?' CUT TO: Children's brick towers, all different, all full, all brilliant. VOICE: 'Look at all of that. Built by you.' CUT TO: The door at the top of each tower opening — Phase 4 beyond. VOICE: 'Phase 4 isn't about developing more. It's about taking everything you built and giving it to the world.' CUT TO: Children walking through their doors together. VOICE: 'You are more ready than you know.' FADE TO TITLE: Mindcast LIVE — Phase 4: Live It.","Make this session genuinely spectacular — this is the three-phase arc completing and Phase 4 beginning. Balloons, music, a visual display of all three phases' work together. Children should leave feeling genuinely proud, genuinely capable, and genuinely excited. The tower display is a beautiful artefact — photograph it and share with families."
40,4,Live It,From Self-Development to Service,Child,Sharing the Treasure,"We've spent all year learning about ourselves — our feelings, our habits, our strengths, and our values. Now comes the most exciting part: using everything we've learned to make things better for the people around us! Today we think about how to share our superpowers with the world.",What is the most important thing you've learned about yourself this year? And who is one person in your life who could use that learning — who is going through something you've already learned about?,Remember the backpack full of tools from Phase 1? And the building site from Phase 3? Today we take our tools and our building skills OUT into the world. We've been building ourselves up — now we build things UP for others too!,"In old stories, the hero's journey always ended the same way — not with the hero keeping all the treasure for themselves, but with them returning home and sharing it. The return and the sharing is the most important part. Today we begin our return.","1. One of the most amazing things about growing is that it doesn't just make YOU better — it makes you better for others too. | 2. When we've learned something important, sharing it with others is one of the most generous things we can do. | 3. Service doesn't have to be big or grand. It can be as simple as being kind when someone needs it, sharing what you've learned, or showing up for someone who's struggling. | 4. When we give from our strengths — from what we've genuinely built — it feels amazing. That's called giving from fullness.","TREASURE MAP: Each child gets a treasure map template. They mark three 'treasures' they've gathered this year — the most important things they've learned or built. Then they draw a path from the treasure to someone who could benefit from it. For each treasure: who would benefit? What specifically would you give them — a kindness, a conversation, a skill, an example? Share: their most important treasure and who they want to give it to.",Close your eyes. Think of someone you know who is finding something difficult — something you've learned about this year. Imagine yourself going to them and sharing what you know. Not bossy — just kind. Sharing your treasure. How does it feel to imagine giving something that helps? That feeling? That's what service feels like.,Draw yourself giving one of your treasures to someone who needs it. What are you giving? What happens when they receive it?,Do one act of genuine service today — give one of your treasures to someone who needs it.,Tell a grown-up about one treasure you want to share and who you want to give it to. Ask them to help you do it.,Bring back: what treasure did you share this week? What happened?,I have treasures to share. Giving them to others is one of the best things I can do.,https://www.youtube.com/watch?v=rrkrvAUbU9Y,YouTube: Search 'kindness for kids animated service' or read-aloud of 'Each Kindness' by Jacqueline Woodson — about the treasure of kindness and what it does when you share it. Runtime ~8 min.,FADE IN: A child's backpack — full of treasures gathered across the year. VOICE: 'Look at everything in there. Built over a whole year.' CUT TO: Child opening the backpack and looking outward — toward others. VOICE: 'Now the best part.' CUT TO: Child sharing a treasure with a friend. Something glowing between them. VOICE: 'Giving what you have built — that is the most important part of the adventure.' FADE TO TITLE: Mindcast LIVE.,This session should feel genuinely joyful — the year's arc completing in outward giving. The treasure map activity is beautiful and can be displayed. Keep the service concrete and age-appropriate. Celebrate every act of giving that is shared back.
41,4,Live It,Teaching What You've Learned,Child,Becoming a Teacher,"One of the best ways to really know something is to teach it to someone else. Today we practise sharing the things we've learned this year — with our families, our friends, and our community. When we teach, we learn even more deeply!",What is one thing you've learned this year that you could teach to a younger child — or to a grown-up who had never heard of it? What would you say?,Have you ever explained something to a younger child and realised you understood it much better after you explained it? That's because teaching is one of the best ways to really know something. Today we become teachers!,"In old stories, wisdom was always passed on — from elder to young, from those who'd learned to those just beginning. Today we practise that. You have wisdom to pass on. More than you know.","1. Teaching something to someone else helps US understand it better too — not just them. | 2. You have learned so much this year — about feelings, habits, values, courage, kindness, community. All of that is worth sharing. | 3. Teaching doesn't have to be in a classroom. It can be a conversation, a drawing, a story, or just showing someone by how you act. | 4. The best teachers share from their own experience — not just facts, but what it actually felt like to learn something.",MINI TEACHER: Each child prepares a 2-minute 'lesson' to share with the group. They choose one thing they've learned this year — any concept from any session — and explain it in their own words with an example. Facilitator gives 5 minutes to prepare. Then each child shares their lesson. Group responses: 'What I understood from that was...' and 'One question I have is...' Celebrate every share generously.,"Close your eyes. Think about everything you've learned this year. Now: if a brand new friend joined this group today and hadn't been on the whole journey with you, what's the ONE most important thing you'd want them to know? How would you explain it? That is your teaching gift.",Write or draw your 'lesson' from today in a simple way that someone younger could understand. Give it a title!,"Teach one thing from this year to someone at home today — a parent, sibling, or anyone who'll listen. Notice how it feels.",Ask a grown-up: 'Can I teach you something I learned this year?' Then teach them. Watch their face.,Bring back: who did you teach? What happened? Did you learn anything new by teaching it?,"I have things worth teaching. When I share what I know, I learn it even more deeply.",https://www.youtube.com/watch?v=0ZcfX2862XE,YouTube: Search 'kids teaching each other learning animated' or 'peer learning children YouTube' for accessible short content. Runtime ~5 min. Book: 'The One and Only Ivan' — about passing on what you know to those who come after.,"FADE IN: A child standing up confidently, explaining something to a group. Not perfectly. Genuinely. VOICE: 'They've been the student all year. Now watch.' CUT TO: The group listening — genuinely interested, genuinely learning from their peer. VOICE: 'Teaching is not about being perfect. It is about passing on what is real.' CUT TO: The teacher-child, after. Something different in their face. More ownership. More depth. VOICE: 'They know it now in a way they didn't before. Because they gave it away.' FADE TO TITLE: Mindcast LIVE.","The mini-teacher activity is one of the most joyful sessions of Phase 4 — children are genuinely proud of their knowledge. Give ample preparation time and make the sharing feel like a celebration, not a performance. Video the sessions with parental consent — children love watching themselves teach."
42,4,Live It,The Courage to Be Seen,Child,"The Real You, All the Way","Being seen means letting people know who you really are — not just the brave face or the happy face, but the real you, with all your feelings and ideas and wonderfulness. Today we practise the courage of being genuinely, fully ourselves in front of the people we care about.","Think of a time when you showed up completely as yourself — no pretending, no performing — and something really good happened because of it. What was that like?","Remember the mask craft from way back? We talked about real faces and pretend faces. Today, in Phase 4, we go all in on the real face. Not because it's always easy — but because the best friendships and the best moments happen when we show up as really, truly ourselves.","The bravest thing in old stories was never fighting a dragon. It was being honest — truly honest — about who you are, even when that felt scary. Because the truest connections happen when people see the real you and choose to be close to you anyway.",1. Being genuinely seen — letting people know who you really are — is one of the bravest things a person can do. | 2. The best friendships and relationships happen when people see the real us and love us anyway. | 3. It takes courage because we can't control how people respond. But the risk is worth it — because the friendships built on the real you are the strongest ones. | 4. You've spent all year building the real you. Phase 4 is about showing that real you to the world.,"THE REAL ME GALLERY: Each child creates a small 'gallery card' about themselves — their real self. Sections: My real name and one thing about it, One thing I love that people might not know, One thing I find hard that I'm working on, One thing I'm really proud of about myself, One way I want people to know me. Cards are displayed in a 'Real Me Gallery' around the room. Gallery walk — everyone reads each other's cards. Share: one thing from someone else's card that surprised or delighted you.","Close your eyes. Think about the people who love you most. They love you — the real you, with all your feelings and imperfections and wonderfulness. That love doesn't depend on your performance. It's for you. Let yourself feel how safe it is to be real with those people. That safety — that's what we're practising extending outward.",Make a small card showing the real you — something genuine that you're ready to share with someone new.,Show your real self in one interaction today — let someone see something genuine about you that you usually keep to yourself.,Give your 'Real Me' gallery card to a grown-up who loves you. Tell them you made it in your programme today.,Bring back: what happened when you showed your real self to someone this week?,The real me is wonderful. And the world gets better when I show up as exactly who I am.,https://www.youtube.com/watch?v=iG9CE55wbtY,A read-aloud about the courage to be seen as your whole self — showing up authentically and letting people love the real you. Runtime ~7 min.,"FADE IN: The mask from the Phase 1 mask session. Two-sided — performance on front, real self on back. VOICE: 'We met this a while ago.' CUT TO: The child, confidently, turning the mask over. Showing the real side. VOICE: 'You've spent a whole year becoming more of this.' CUT TO: Real Me Gallery. Children reading each other's genuine cards. Something warm and alive in the room. VOICE: 'This is what happens when real selves meet. This is what community actually is.' FADE TO TITLE: Mindcast LIVE.",YouTube: Search 'being yourself courage kids animated' or 'The Name Jar read aloud YouTube' — about the courage to claim and show your real self. Runtime ~8 min.
43,4,Live It,Living Your Values Under Pressure,Child,Compass in the Storm,Sometimes it's hard to do the right thing — especially when other people want us to do something different. Today we practise staying true to our values compass even when it's challenging. Because that's when our compass matters most.,"Can you think of a time when it was hard to do what you knew was right? Maybe your friends wanted you to do something that didn't feel right, or you had to be honest when it was easier to stay quiet. What happened?",Remember your values compass from Phase 3? Today we practise using it when the going gets tough. Because a compass is most useful when you're lost or the weather is bad — not just when everything is easy.,"In old stories, the characters who were truly brave were never the ones who did the right thing only when it was easy. They were the ones who did the right thing even when it was hard. That's real courage. Today we practise it.","1. It's always easy to follow our values compass when everything is calm. The real test is when it gets stormy — when friends pressure us, when something feels hard, or when the right thing costs us something. | 2. Brave choices don't always feel comfortable. But they usually feel right. | 3. It helps to practise BEFORE the storm comes — to think about what we'll do before we're in the moment. | 4. Even when we don't manage it perfectly, we can always return to our compass. There's no failure that can't be followed by a return to our values.",STORM PRACTICE: Present 3–4 age-appropriate scenarios where a value is under pressure (e.g. 'Your friends are laughing at another child. Your kindness compass says something different. What do you do?' / 'You broke something by accident. Your honesty compass is pointing at telling the truth. But you're scared. What do you do?'). For each scenario: What does your compass say? What makes it hard to follow it? What could you say or do? Role-play one scenario with a partner. Share: what was hardest about following the compass in the role-play?,Close your eyes. Think of a time when you DID follow your values compass even when it was hard. Maybe you were honest when it would have been easier to lie. Maybe you stood up for someone. Remember how that felt — even if it was scary at the time. That feeling is what doing the right thing feels like. That's your compass working.,Draw a scene where you follow your compass in a stormy moment — what are you doing? What does your face look like?,"Today, notice once when your values compass gives you a direction that might be uncomfortable. Try to follow it — even a little bit.",Tell a grown-up about one time you followed your values compass even when it was hard. What happened?,Bring back: did you follow your compass this week when it was hard? What happened?,My values compass works in storms too. Especially in storms.,https://www.youtube.com/watch?v=IRVxOCKxDyI,YouTube: Search 'standing up for what's right kids animated' or 'moral courage children stories YouTube' for accessible content. Runtime ~5–8 min. Book: 'Each Kindness' by Jacqueline Woodson — about the moment when you have the chance to do the right thing and what happens when you do and when you don't.,FADE IN: A child's compass — spinning in calm weather. Easy to follow. VOICE: 'The compass always works when it's calm.' CUT TO: Storm comes. Compass still pointing. But it's harder to see. Harder to follow. VOICE: 'The real question is: can you follow it now?' CUT TO: Child pausing. Looking at their compass — internal. Choosing. VOICE: 'That choice — right there — that is the whole practice.' FADE TO TITLE: Mindcast LIVE.,"Role-play is essential for this session — children need to practise the uncomfortable scenario, not just discuss it. Keep the scenarios age-appropriate and non-threatening. Celebrate every imperfect attempt as much as the successful ones — the practice matters more than the outcome at this stage."
44,4,Live It,Conflict as a Growth Practice,Child,The Gentle Untangle,"Sometimes we disagree with people — friends, family, classmates. That's completely normal! Today we learn that disagreements don't have to break friendships. We can learn how to talk about what we need and listen to what others need — and often find a way that works for everyone.",Can you think of a time when you had a disagreement with someone and you worked it out — and the friendship or relationship was actually okay or even stronger afterwards? What made that possible?,Imagine a disagreement is like a knot in a rope. You can pull the rope harder and make the knot tighter. Or you can gently work at it and slowly untie it. Today we learn the gentle way — the way that keeps the rope intact.,"In old stories, the wisest characters were always the ones who could find a way through a conflict without destroying what mattered. Not by giving up what they needed — but by finding out what the other person needed too. Today we practise that wisdom.","1. Everyone disagrees sometimes — even people who love each other deeply. | 2. The way we handle disagreements matters a lot for our friendships and relationships. | 3. Most disagreements happen because two people have different needs — and when we can share our needs and hear the other person's needs, disagreements become much more solvable. | 4. The three magic ingredients for working out a disagreement: 1. Tell them how you feel. 2. Tell them what you need. 3. Listen to their feelings and needs. Then look for a solution together.","THE THREE STEPS PRACTICE: Teach the three steps with a physical poster: FEEL (I feel...), NEED (What I need is...), LISTEN (Can I hear what you feel and need?). Then role-play a gentle conflict scenario in pairs: e.g. 'Two friends both want to play different games. How do they work it out using the three steps?' Practice 2–3 scenarios. Debrief: what made it easier to sort out? What made it harder? Share: one thing they noticed about themselves during the role-play.",Close your eyes. Think of someone you've had a disagreement with recently. Imagine sitting with them quietly and saying: 'I feel... and what I need is...' — and then really listening to them say the same. What might be possible if you both did that? Even if the conflict isn't totally solved — what might be better?,Draw the three steps as a comic strip — two characters having a disagreement and working through it with the three steps.,Try the three steps in a real disagreement this week — even a small one. Notice what happens.,Teach the three steps to a grown-up. Role-play it with them. Ask them if they've ever used something like this.,Bring back: did you use the three steps this week? What happened?,I can work through disagreements kindly. I share my feelings and needs — and I listen to others' too.,https://www.youtube.com/watch?v=9_1Rt1R4xbM,"YouTube: Search 'conflict resolution for kids animated' or 'problem solving disagreements children YouTube' for accessible short content. Runtime ~5 min. Book: 'Enemy Pie' by Derek Munson — a classic story about conflict, assumptions, and unexpected friendship.","FADE IN: Two cartoon children in a disagreement — pulling on either end of something. VOICE: 'They're both pulling. Neither is listening.' CUT TO: One child stops pulling. Says: 'I feel... and I need...' CUT TO: The other child, surprised, starts listening. Then says their feeling and need. VOICE: 'When we share what we feel and what we need... the knot loosens.' CUT TO: Both children finding a solution together. Smiling. VOICE: 'That is the gentle untangle.' FADE TO TITLE: Mindcast LIVE.","Physical role-play is essential for this age. The three steps need to be practised in the room, not just taught. Have the poster displayed throughout the rest of the year. Coordinate with parents to use the same framework at home — family conflicts are the richest practice ground."
45,4,Live It,Generosity as a Way of Being,Child,Gifts That Grow,"Generosity means giving something to others — and it doesn't have to be something you buy! Time, kindness, attention, encouragement, help — these are some of the most powerful gifts there are. And here's the amazing thing: the more you give these things, the happier YOU feel too!","What is one gift you have that doesn't cost any money — a skill, a quality, a way of making people feel good — that you could give more of? Think about it honestly.","Think of the most generous person you know. How do you feel when you're around them? That warmth and connection — that's what generosity creates. And the best part is, you can create it too. Today we practise being that kind of person.","In old stories, the most beloved characters were never the ones with the most treasures. They were the ones who shared freely — their time, their kindness, their help. Because those gifts grow when you give them away.","1. Generosity means giving something to others — and some of the best things you can give don't cost any money. | 2. Time, kindness, honest encouragement, genuine listening, helping someone — these are powerful gifts. | 3. Research shows (in simple terms): when we give to others, our brain releases happy chemicals. Giving feels good. Genuinely good. | 4. The best kind of giving comes from genuine care — not to get praise, not to seem good, but because you actually want to help or make someone's day better.","GIFTS THAT GROW: Create a class 'gift economy.' Each child identifies three non-money gifts they have: a skill, a quality, a kind of help. Write them on gift card templates. Then: a 'gift exchange' — children can offer their gifts to anyone in the group. 'I offer you my patience when you're frustrated' / 'I offer you my help with maths' / 'I offer you my honest encouragement.' No obligation to accept — just offer. Debrief: what did it feel like to offer? What did it feel like to receive? Share: one gift they offered and one they received.","Close your eyes. Think about a gift you have that makes other people feel better — a quality, a skill, a way of being. Imagine giving more of it. Not all at once — just a little more, every day. How would that change the people around you? How would it change how you feel?",Write or draw your three non-money gifts. Decorate them like real gift cards!,"Give one of your non-money gifts today — genuinely, freely, without expecting anything back.",Tell a grown-up about your three non-money gifts. Ask them what their non-money gifts are. Compare notes!,Bring back: what non-money gift did you give this week? What happened?,My gifts grow when I give them away. I am generous with what I have.,https://www.youtube.com/watch?v=rrkrvAUbU9Y,YouTube: Search 'generosity for kids animated YouTube' or 'Have You Filled a Bucket Today read aloud' — the bucket-filling concept is perfect for this session. Runtime ~8 min.,"FADE IN: A child's hands — holding something invisible but glowing. VOICE: 'What are you holding that you could give away?' CUT TO: Child offering the gift — kindness, encouragement, help. It leaves their hands. VOICE: 'Here's the magical thing about this kind of gift.' CUT TO: The gift still glowing in their hands — it didn't leave. It grew. VOICE: 'Gifts that come from who you are — they never run out when you give them.' FADE TO TITLE: Mindcast LIVE.","The gift economy activity is genuinely moving and can be one of the highlights of Phase 4. Make the gift cards beautiful and keep them as mementos. The distinction between bought gifts and character gifts is important to make clearly and warmly — both matter, but character gifts are inexhaustible."
46,4,Live It,Enough — Living From Sufficiency,Child,Noticing the Garden,"Today we practise something really important: being happy with what we have, right now — not because we stop wanting to grow and get better, but because we stop being so focused on what we don't have that we miss all the wonderful things that ARE here.",What is something wonderful in your life right now that you sometimes forget to notice because you're thinking about something you want or something that's worrying you?,"Think about a time you were so focused on getting something you wanted that you couldn't enjoy what you already had. Today we practise the superpower of noticing everything that is already good — right now, today.","There's an old story about a child who spent so long looking at the horizon for something they were waiting for, they missed the beautiful garden they were standing in. Today we notice our garden.",1. Being grateful for what we have right now — while still dreaming and working toward more — is one of the happiest ways to live. | 2. It's easy to get so focused on what we want next that we forget to enjoy what's already here. | 3. 'Enough' doesn't mean giving up on growing. It means being able to enjoy today even while you're working toward tomorrow. | 4. Practising gratitude — genuinely noticing and appreciating what's already here — has been proven to make people happier and kinder.,"THE ENOUGH GARDEN: Each child gets a garden template. In the garden, they draw or write things they already have that are genuinely good: relationships, abilities, experiences, qualities, everyday things they love. Facilitator primes with: 'Think about the people who love you, things you can do, things you enjoy, places that feel good, qualities you have.' Take 5 minutes to fill the garden as full as possible. Share: the most surprising thing they put in their garden — something they'd forgotten to notice.","Close your eyes. For one full minute, just notice what is good right now — in your body (you can breathe, you can feel, you can think), in this room (people who care about you, warmth, safety), in your life (love, belonging, the tools you've built all year). Let yourself feel genuinely grateful for one minute. Just one minute of noticing the garden.",Draw your enough garden at home — add things you noticed there that aren't in the one you drew today.,"Today, tell three people one thing you're grateful for about them — something specific and genuine.",Show a grown-up your enough garden. Tell them what surprised you most about how much was already there.,Bring back your home garden drawing — what new things did you notice to add?,I have a beautiful garden. I notice it. I am grateful for it. And it keeps growing.,https://www.youtube.com/watch?v=rrkrvAUbU9Y,"YouTube: Search 'gratitude for kids animated YouTube' or 'counting your blessings children story' for accessible content. Runtime ~5 min. Book: 'The Grateful Ninja' by Mary Nhin — a fun, accessible exploration of gratitude practice for children.","FADE IN: A child walking through a beautiful garden — but looking down at their phone, thinking about something they want. VOICE: 'They're in the garden. But they're not in the garden.' CUT TO: Child looks up. Actually looks. The garden is stunning. VOICE: 'Everything that was already there — it was there the whole time.' CUT TO: Child sitting down in the garden. Genuinely present. Smiling. VOICE: 'Enough is not a destination. It is a way of seeing.' FADE TO TITLE: Mindcast LIVE.",The garden metaphor is wonderfully concrete for this age. Give generous time for the garden-filling exercise — children often discover far more than they expected to put in it. The sharing of 'the most surprising thing' often produces genuinely moving moments. Send the garden home as a regular practice template.
47,4,Live It,The Long Game — Patience and Persistence,Child,Keep Watering the Plant,"Some of the most important things take a long time to grow — like trees, like friendships, like becoming really good at something. Today we learn about patience, persistence, and why showing up every day — even when things are hard — is one of the most powerful things you can do.",What is something you've gotten genuinely good at through practice — something that was hard at first but got easier because you kept trying? How does it feel now when you do it?,Think about learning to read. At first it was HARD. Letters didn't make sense. Words were confusing. But you kept showing up. And one day — it clicked. That's the long game. Today we practise trusting the long game.,"In old stories, the heroes who achieved the most extraordinary things were never the ones who gave up when it was hard. They were the ones who kept going — day after day — even when they couldn't see the progress. Today we celebrate that kind of perseverance.","1. Most amazing things take time and practice — that's not a problem, it's just how it works. | 2. Every day you practise something important — a habit, a skill, a quality — you're building something, even if you can't see it yet. | 3. Sometimes we feel like giving up when things are hard or when we can't see progress. That's normal! But the people who keep going are the ones who end up with the most wonderful things. | 4. The secret is to keep showing up — one day at a time — and trust that the plant is growing, even when you can't see it above the soil yet.","THE LONG GAME GARDEN: Each child draws a garden with plants at different stages — seed underground, seedling just emerging, growing plant, fully bloomed flower. In each stage, they draw or write something in their life that matches: something they're just beginning (seed), something starting to show (seedling), something growing (plant), something fully developed (flower). Discuss: how does it feel when something is still underground and you can't see it? What helps you keep watering it? Share: their seed — something they're just beginning that they're committed to keep watering.","Close your eyes. Think of one thing you've been practising this year — a habit, a quality, a skill. Even if you can't see big results yet, it IS growing. Underground. Slowly building. Imagine looking back in two years — the plant is full and beautiful. It grew because you kept watering it. Keep watering it.","Draw your long game plant — draw where it is now, and draw where you hope it will be in two years!","Today, show up for one long-game practice — even if it's just a tiny bit, even if you can't see progress. Water the plant.",Tell a grown-up about your long-game plant — what it is and how you're going to keep watering it.,Bring back: did you water your long-game plant this week? What did it feel like?,"I keep showing up. I keep watering. The plant is growing, even when I can't see it yet.",https://www.youtube.com/watch?v=hpnI3MCTJSA,YouTube: Search 'persistence and patience kids animated' or 'The Little Engine That Could read aloud YouTube' — the classic perseverance story. Runtime ~5–8 min. Book: 'Beautiful Oops' or 'Rosie Revere Engineer' by Andrea Beaty — about the habit of persisting through failure.,"FADE IN: A tiny seed underground. Nothing visible above the soil. VOICE: 'Nothing happening. Right?' CUT TO: Underground view — roots spreading, shoot forming, life happening. VOICE: 'Actually...' CUT TO: Days passing. One day — a tiny green shoot above the soil. VOICE: 'It was growing the whole time. You just couldn't see it yet.' CUT TO: Child watering the plant — patient, consistent. VOICE: 'Keep watering. The plant is always growing.' FADE TO TITLE: Mindcast LIVE.",The underground growth metaphor is perfect for children who are experiencing discouragement about habits that haven't yet produced visible results. The garden stages activity gives a beautiful visual of where different things are in their growth cycle. Have children take home their long game drawings as commitments.
48,4,Live It,Leaving People Better Than You Found Them,Child,Being a Sunshine Person,"One of the most wonderful things you can do is make people feel better just by being with them. Not by saying the perfect thing or doing something big — just by being kind, paying attention, and making people feel like they matter. Today we practise being that kind of person.",Who is someone in your life who makes you feel really good just by being around them — like sunshine? What do they do that makes you feel that way?,"Have you ever been around someone who just made you feel good — more yourself, more happy, more like you belonged? What did they do? Today we learn to be that person for others.","In old stories, the most beloved characters were never the ones who did the most dramatic things. They were the ones who made every person they met feel seen, valued, and cared for. Today we practise that.","1. You have the power to make people feel better just by how you treat them — by seeing them, by being kind, by paying attention. | 2. 'Sunshine people' are those who leave everyone a little brighter just from being around them. Not because they're always happy — because they're genuinely caring. | 3. You can be a sunshine person for everyone you meet — family, friends, classmates, even strangers — through small acts of genuine kindness and attention. | 4. And here's the extra good news: being a sunshine person actually makes YOU feel better too. It's one of the best feelings there is.","THE SUNSHINE PRACTICE: Teach three specific sunshine acts: 1. NOTICE something genuine about a person and tell them (not a compliment about looks — something real: 'I noticed how brave you were in class today'). 2. REMEMBER something someone told you and ask about it ('How did that thing with your dog go?'). 3. SHOW UP when someone needs company — just being there, present, not fixing anything. Practise each in pairs in the room. Then: design your personal sunshine practice for this week. Share: which sunshine act feels most natural for them and why.","Close your eyes. Imagine every person you encounter today going home feeling slightly better because of how you treated them. Not because you did something big — because you noticed them, remembered something about them, or just showed up kindly. How would that feel at the end of the day?",Draw a sunshine person — you! — with rays of light going out to all the people you could make feel better this week.,"Today, try at least one sunshine act for someone — notice something real and genuine about them and tell them.",Tell a grown-up about the sunshine person idea. Ask them who the 'sunshine people' in their life are.,Bring back: what sunshine acts did you do this week? What happened?,I am a sunshine person. I leave people brighter just from being around me.,https://www.youtube.com/watch?v=9_1Rt1R4xbM,YouTube: Search 'kindness ripple effect kids animated' or 'Ordinary Mary's Extraordinary Deed read aloud YouTube' — a beautiful story about one act of kindness that ripples outward. Runtime ~8 min.,"FADE IN: A cartoon sun — but instead of light rays, it sends out kind words, genuine attention, smiles that land. VOICE: 'This person doesn't have magic powers. Just genuine attention and care.' CUT TO: Each ray touching a different person. Each one, slightly brighter. VOICE: 'That ripple — going outward from one person — that's a life well lived.' CUT TO: Child, at the centre, smiling. VOICE: 'You can be this. You already are, when you choose it.' FADE TO TITLE: Mindcast LIVE.","The sunshine metaphor is wonderful and joyful for this age. The three specific sunshine acts give children practical, concrete behaviours rather than vague kindness prompts. Practise in the room before sending them out to do it. The sunshine drawing can be displayed and taken home."
49,4,Live It,Your Legacy — What You're Building Beyond Yourself,Child,Your Ripples,"Even at your age, you are leaving something in the world — in how you treat your friends, how you show kindness, what you teach younger children, the ripples of what you do every day. Today we think about the mark you want to leave on the world around you.",Think about someone who has made a difference in your life — someone whose kindness or care has stayed with you. What did they do? How does it still affect you now?,Think about dropping a stone in a pond. The ripples go out — further and further — from that one stone. Everything you do creates ripples. Today we think about the kind of ripples we want to create.,"In old stories, the characters who were remembered most fondly were never the ones who were most powerful or most famous. They were the ones who made others feel most loved, most seen, most capable. Today we think about that kind of mark.","1. Everything you do makes ripples — in how you treat people, how you show up, what you create, what you share. | 2. Even at your age, you are leaving a mark on the people around you — your family, your friends, your community. | 3. The most lasting ripples aren't usually from big dramatic things. They're from consistent, small acts of genuine kindness, honesty, and care. | 4. Today we think about the ripples we WANT to make — and choose to make them deliberately.","THE RIPPLE MAP: Each child gets a pond template with concentric circles — like ripples. In the centre: them. In the first ripple: the immediate people they affect (family, close friends). In the second ripple: wider community (classmates, neighbours, teachers). In the outer ripple: the world beyond. In each circle, they write or draw one way they want to leave a positive mark. Share: their most important ripple and how they want to create it.","Close your eyes. Imagine one kind thing you do today creating a ripple. Your friend feels better. They're kinder to someone else. That person is kinder to another person. The ripple goes on and on — getting bigger the further it goes. You started it. With one small genuine act. That's your legacy, happening right now.",Draw your pond and your ripples — all the ways you're making a positive mark on the world around you.,"Today, make one deliberate positive ripple — one kind, honest, caring act. Notice how far it goes.",Tell a grown-up about your ripple map. Ask them about the ripples they're trying to create.,Bring back: what ripple did you make this week? Did you see it go further than you expected?,"My actions create ripples. I choose kind, honest, caring ripples — and they go further than I know.",https://www.youtube.com/watch?v=7H2pBdLnmGs,YouTube: Search 'kindness ripple effect kids animated' or 'Ordinary Mary's Extraordinary Deed read aloud YouTube' — perfect for the ripple concept. Runtime ~8 min.,"FADE IN: A stone drops into a still pond. Ripples moving outward — further, wider, gently touching the banks. VOICE: 'Every act creates ripples. Every single one.' CUT TO: A child doing something kind. Then quick cuts showing the ripple effect — further and further. VOICE: 'You can't always see where your ripples end up. But they always go further than you think.' CUT TO: Child, at the centre, looking outward at all the ripples. VOICE: 'That is your legacy. Already. Right now.' FADE TO TITLE: Mindcast LIVE.","The ripple metaphor is visually beautiful and completely age-appropriate. The ripple map activity can become a physical piece of art — display the class collection. The concept that legacy is present-tense and available to everyone, regardless of age, is genuinely empowering for children."
50,4,Live It,"Gratitude as a Practice, Not a Feeling",Child,Training the Gratitude Camera,"Gratitude means really noticing and appreciating the good things in your life. Not just saying 'thank you' — actually stopping and feeling genuinely thankful. Today we learn a special gratitude superpower: when you practise noticing good things, you actually start to notice MORE good things — and that makes life feel much richer.","What is something that happened today — even something small — that you're genuinely happy about? Not a big thing. A small, real thing. Let yourself actually feel happy about it for a moment.","Your brain is like a camera. If you only take pictures of the hard things and the sad things, that's all you'll remember. But if you practise taking pictures of the beautiful, kind, wonderful things — your brain starts to see more of them everywhere. Today we train our gratitude camera.","In old traditions, wise people always had a practice of thankfulness — every morning, every evening — not because life was always wonderful, but because noticing the good things kept their hearts open and their spirits strong. Today we build that practice.","1. Gratitude means genuinely noticing and appreciating the good things in your life — not just saying 'I'm grateful' but actually feeling it. | 2. Research shows (in simple terms) that when we practise noticing good things regularly, our brain gets better and better at finding them. It's like building a muscle — the more you use it, the stronger it gets. | 3. Gratitude doesn't mean pretending everything is perfect. It means noticing what IS good, even when things are also hard. | 4. The best gratitude is SPECIFIC — 'I'm grateful for the way my friend waited for me at lunch' is more powerful than 'I'm grateful for my friends.'",THE GRATITUDE CAMERA: Each child gets a paper 'camera' template. They take three 'photos' today — drawing or writing three specific things they're genuinely grateful for. Each photo must be specific enough that it couldn't have been taken yesterday. After completing: share one photo with the group. Then discuss: what's the difference between a specific gratitude and a general one? Why does specific feel better?,"Close your eyes. Think of three specific things from today that you're genuinely glad happened — things that, when you really stop and notice them, make you feel warm inside. Take a moment with each one. Let the good feeling actually land. That feeling — that's the gratitude muscle working.","Make a gratitude journal for the rest of the year — every day, three specific things you're genuinely glad about. Decorate it to make it beautiful!","Take three gratitude photos today — specific, genuine, real. Share one with someone.",Teach a grown-up the three-specific-things gratitude practice. Do it with them before bed tonight.,Bring back your gratitude journal! What have you noticed building up over the week?,"I notice and appreciate the good things in my life. The more I practise, the more I find.",https://www.youtube.com/watch?v=WPPPFqsECz0,YouTube: Search 'gratitude practice for kids animated' or 'thankfulness children story YouTube' for accessible content. Runtime ~5 min. Book: 'Grateful' by Debbie Wagenbach — a beautiful children's book about the practice of noticing what is already present and good.,"FADE IN: A camera in a child's hands. They're taking pictures — but only of the hard things, the disappointing things. VOICE: 'This is what the brain does automatically — it notices what's wrong.' CUT TO: Same child, but now deliberately pointing the camera at good things. Small things. Real things. VOICE: 'This is the practice. Training the camera.' CUT TO: A collection of gratitude photos — warm, specific, beautiful. VOICE: 'Look at all of this. It was there the whole time.' FADE TO TITLE: Mindcast LIVE.",Make the gratitude journal beautiful — have children decorate it in the session as a take-home keepsake for the rest of the year. The camera metaphor is perfect for this age. The specificity principle should be practised in the room with clear examples. This is one of the most joyful sessions of Phase 4.
51,4,Live It,The Ongoing Practice — There Is No Arrival,Child,The Adventure Continues,"Growing up is not something you finish. Every day there are new things to discover, new ways to be kind and brave and curious, new things to learn about yourself and the world. Today we celebrate the fact that the adventure doesn't end — it just keeps getting richer.",What is one thing you want to keep practising from this year — something that has become genuinely yours? Something that feels like part of who you are now?,"Think about how much you've grown this year — and remember: this is just the beginning! There will always be more to discover, more to grow into, more beautiful things ahead. Today we celebrate being on an adventure that never ends.","In old stories, the hero's journey doesn't end when they return home. It becomes the rest of their life — richer, deeper, more alive because of everything they've been through. Today we begin the rest of our story.","1. Growing and learning never stop — and that's one of the most wonderful things about being a person. | 2. Every day you keep practising the things you've learned this year, you become more of who you truly are. | 3. The adventure doesn't end at the end of a programme. It just becomes your life. | 4. You have everything you need to keep going — all the tools, all the qualities, all the wonderful things you've built this year.","THE ADVENTURE CONTINUES: Each child gets a 'next chapter' page — like a blank first page of a new book. They write or draw: one thing they will keep practising, one quality they are taking forward, one adventure they want to go on, and a title for their next chapter. Share: the title of their next chapter.",Close your eyes. Think about everything you've learned and grown this year. Now: that is the foundation. The adventure that comes next is built on everything you've gathered. What are you most excited to explore? Where does your compass point? That is your next chapter — and it's already beginning.,Write your next chapter title and the first line of what happens in it!,"Choose one practice to keep doing every day — make it yours, not because you have to, but because it's become part of who you are.",Tell a grown-up about your next chapter title and what you're going to keep practising. Ask them about their next chapter.,Bring back your next chapter page! What happened in the first week of your next chapter?,"My adventure continues. Every day I keep growing, keep practising, keep becoming more of who I truly am.",https://www.youtube.com/watch?v=VWOgrMXBE4U,"YouTube: Search 'Oh, the Places You'll Go Dr Seuss read aloud YouTube' — the perfect send-off into the ongoing adventure. Runtime ~8 min.","FADE IN: The end of a story — but the last page turns, and there are more blank pages ahead. VOICE: 'The story isn't finished. It's just getting started.' CUT TO: Child writing the first line of their next chapter. VOICE: 'Everything you've gathered this year — that's the foundation. The adventure continues.' CUT TO: Child looking forward. Curious. Ready. Alive. VOICE: 'That is the most important thing to know: it keeps going. And so do you.' FADE TO TITLE: Mindcast LIVE.",This should be genuinely exciting and celebratory — not bittersweet. The 'next chapter' activity gives children a sense of agency and ownership. Display the next chapter pages alongside all the other Phase 4 work. This session connects beautifully back to the opening 'signal and noise' metaphor from Week 1.
52,4,Live It,Integration — A Year of Becoming,Child,The Best Kind of Ending,"We've been on an adventure together for a whole year! Today we celebrate everything we've seen, learned, let go of, built, and shared. And then we look forward — because this adventure doesn't end. It just becomes the rest of your beautiful, growing life.",If you could go back and tell Week 1 you one thing that would help them most — what would it be?,"One whole year! Think about who you were at the very beginning — Week 1 — and who you are now. You have more tools, more wisdom, more kindness, more courage, more YOU than you had then. Today we celebrate that. All of it.","In all the best stories, the end is really the beginning — the hero returns home changed, ready for the real adventure. Today we arrive at that moment together. Changed. Ready. Beginning.","1. You've done something extraordinary this year. You've been honest about your feelings, you've practised being brave, you've built new habits, you've learned what you value, and you've started giving your gifts to the world. | 2. That is real. It belongs to you. Nobody can take it. | 3. Today we celebrate all of it — and we look forward, because the growing never stops. | 4. You are more wonderful than you were at Week 1. And you'll be more wonderful at the end of next year too. That's what a life of growing looks like.","THE YEAR CELEBRATION: Create a full year celebration — three parts: 1. LOOK BACK: Each child names one thing from each phase (Phase 1: something I learned to see, Phase 2: something I let go, Phase 3: something I built, Phase 4: something I gave). 2. LOOK AROUND: Each child says one genuine, specific thing they appreciate about one other person in the group. 3. LOOK FORWARD: Each child states one commitment for the ongoing practice. The facilitator witnesses each with genuine acknowledgment. End with the whole group together: hands in the middle, one collective phrase: 'We did the work. We keep going.'","Sit quietly for three minutes. Think about the whole year. Every session. Every brave moment. Everything learned and grown. Place your hand on your heart. You did this. This belongs to you. And it goes with you — wherever you go, forever.",Write a letter to yourself from Week 1 — what do you want them to know?,Celebrate with one act of genuine service or kindness today — a gift from everything you've built this year.,Share your letter with a grown-up who has been part of your journey. Read it to them if you can.,Bring your letter back. The whole group will witness it together at the final ceremony.,I did the work. I am growing. The adventure continues — and I am ready for it.,https://www.youtube.com/watch?v=VWOgrMXBE4U,"YouTube: 'Oh, the Places You'll Go!' by Dr Seuss read-aloud — the perfect year-end celebration of the ongoing journey. Runtime ~8 min.","FADE IN: Week 1 — a child at a threshold. Backpack empty. Uncertain. VOICE: 'One year ago.' CUT TO: A montage of the whole year — all the activities, all the brave moments, all the learning. VOICE: 'Look at everything.' CUT TO: Same child now — backpack full, compass in hand, tools at the ready. Taller. More themselves. VOICE: 'Not finished. Beginning.' CUT TO: The whole group together — a community formed over a year. VOICE: 'You did the work. You keep going.' FADE TO BLACK. Then: FADE TO TITLE: Mindcast LIVE — A Year of Becoming. The End of the Beginning.","THIS IS THE FINAL SESSION OF THE YEAR. Make it everything. Ceremony, celebration, witnessed acknowledgment, genuine joy. Every child deserves to have their year of courage honoured. The letters read aloud. The collective phrase. The community celebrated. This is what it was all building toward. Make it unforgettable."