Week,Phase,Block Theme,Weekly Theme,Audience,Session Title,Core Concept,Opening Hook,Signal Metaphor,Ancient Wisdom Reframe,Teaching Points,Experiential Exercise,Guided Reflection,Journaling Prompt,Weekly Practice (Mon),Weekly Practice (Wed),Weekly Practice (Sun),Core Affirmation,Video Link (YouTube),Video Description,Film Script (2min Narration),Facilitator Notes
1,1,See Clearly,The Signal and the Noise,Teen,Who's Actually Talking?,"You're surrounded by other people's opinions, social media, and expectations — so much that most of us don't know what we actually think or feel anymore. This session is about starting to notice the difference between what's genuinely yours and what you've absorbed.","Quick show of hands — no judgment: Who's ever said something or made a choice, then later thought — 'wait, that wasn't actually what I wanted'? That's the gap we're exploring today.",Imagine your phone has 47 apps running in the background you never opened. Your battery's dying and you don't know why. That's what unconscious noise does to your actual self. Today we start finding the apps.,"Old navigators used stars when everything else was uncertain — not because the stars told them what to do, but because they were reliable. You have something like that too. Most people just never learn to look for it.","1. Your brain is literally wired to absorb other people's behaviour — mirror neurons mean you unconsciously copy moods, reactions, even beliefs of people around you. That's biology, not weakness. But it means a lot of what you think is 'you' might actually be 'them.' | 2. The algorithm knows your patterns better than you do — because most of us have never been taught to examine them. | 3. Self-awareness isn't about being selfish or navel-gazing. It's about knowing which thoughts and reactions are actually yours — so you can choose what to do with them. | 4. This year, we're building that skill. Not perfectly. Just honestly.","SIGNAL OR NOISE? Give everyone a strip of paper. Write down 3 opinions or beliefs you hold — about yourself, school, relationships, the future, anything. Now ask yourself honestly for each one: Did I arrive at this through my own experience? Or did I absorb it from someone else? You don't have to share what you wrote. But share this: Was it harder than you expected?","Phones face down. Eyes closed or looking at the floor. Think about a time in the past week when you felt genuinely good — not performing, not trying to impress anyone. What were you doing? Who were you with? Now think of a moment this week where you felt most anxious or most fake. Notice the gap. That gap is where this year's work lives.",If you stripped away what everyone else expects of you — what would you actually want to do or be right now?,Notice one moment today where you're doing something because YOU want to vs. because you think you should.,Ask someone at home: 'When do you think I seem happiest?' Just listen — don't explain or justify.,Bring back one honest observation about yourself from this week. No performing — just something real.,I am starting to notice the difference between my own voice and everyone else's.,https://www.youtube.com/watch?v=RcGyVTAoXEU,TEDx Talk: 'The Psychology of Self-Motivation' by Scott Geller — explores where your 'why' actually comes from and the difference between intrinsic and extrinsic motivation. Runtime ~14 min.,"FADE IN: A teenager scrolling — liked, liked, swiped, scrolled. Face blank. VOICE: 'How much of what you think about yourself... did you actually decide?' CUT TO: Same teen, phone down, staring out a window. Something shifting. VOICE: 'Mindcast LIVE isn't about finding someone else's answers. It's about learning to ask your own questions.' FADE TO TITLE: Mindcast LIVE — Tune Into Your Inner Self.","Teens need psychological safety first. Don't push sharing. Make it clear that honesty with yourself is the point — not performance. Keep it real and slightly light in tone, but let the content be genuine."
2,1,See Clearly,The Stories We Carry,Teen,The Playlist You Didn't Choose,"A lot of the beliefs we have about ourselves — about our abilities, our worth, what's possible for us — weren't decided by us. They were handed to us. Today we figure out which stories are actually true versus which ones we've just been repeating.","Finish this sentence silently, no sharing yet: 'I'm just not the kind of person who...' Notice how quickly that answer came. That speed? That's a story on autopilot.",Imagine someone handed you a playlist when you were 7 and said 'this is the music of your life.' You've been listening to it ever since. Some tracks are great. Some are genuinely terrible. But you've never actually looked at the playlist. Today we look.,"There's an old idea: 'The fish doesn't know it's wet.' When you've been swimming in a story your whole life, it feels like reality. The practice is climbing out of the water long enough to see it for what it is.","1. Your brain formed most of its self-concept between ages 0 and 10. A lot was happening that you couldn't fully understand. Your brain did its best to make sense of it — and created beliefs that felt true. | 2. These become 'schemas' — mental templates that filter what you notice and how you interpret things. Not facts. Just really old software. | 3. The tricky part: the brain literally filters OUT evidence that contradicts the story. If your story is 'I'm not smart,' your brain notices every mistake and ignores every success. | 4. Noticing the story is the first step to questioning it.","TRACK LISTING: Write down 3 beliefs you seem to carry about yourself — about your ability, your worth, what you're allowed to want. For each one: How old do you think you were when you started believing this? Was there a moment that 'installed' it? Circle the one that feels most like it's been running your life without your permission. Share: was it easy or hard to find them?",Picture the version of you that first started believing the story you circled. How old are they? What's happening around them? They weren't wrong for believing it. It made sense then. But is it still true now? And did you actually choose to keep it — or did it just stay?,"If your best friend had the same belief about themselves that you have about yourself, what would you tell them?",Notice once today when a story seems to be making a choice for you before you even think about it.,"Tell one person one story you're examining — not to explain or justify it, just to name it out loud.",Bring back one moment where you caught a story running. What happened when you noticed it?,I can see where my stories came from. That means I'm bigger than them.,https://www.youtube.com/watch?v=pN34FNbOKXc,YouTube: 'Growth Mindset vs Fixed Mindset' — animated RSA-style explanation of Carol Dweck's research on how beliefs about ability shape outcomes. Runtime ~10 min.,"FADE IN: A teen's bedroom wall covered in notes — things people have said to them. Some kind, some harsh. VOICE: 'At some point, you started believing some of these were true. The ones that hurt most got stuck deepest.' CUT TO: The teen starts pulling notes off the wall. Reading them. Deciding. VOICE: 'Noticing a story doesn't mean it disappears. It means you're finally bigger than it.' FADE TO TITLE: Mindcast LIVE.",Some teens may become emotional accessing early memories. Normalise it: 'noticing is brave.' Never ask anyone to share traumatic content publicly. Written exercise keeps it private and safe.
3,1,See Clearly,The Pattern Interrupt,Teen,The Chat You're Not Reading,You know those moments where you react to something and immediately think 'why did I do that'? That's the pattern. Today we figure out what's actually triggering your automatic reactions — and whether you can find the gap.,"Raise your hand if you've ever sent a text, said something, or walked away from a situation and immediately thought 'I shouldn't have done that.' What does that feel like?",Think of your brain like a group chat that's constantly going. Most of the time you're not consciously reading every message — the chat just runs. The pattern interrupt is when you actually open the chat and decide what to respond to.,"There's an idea: the obstacle is the path — the thing that trips you up shows you exactly where you need to grow. Your patterns aren't your enemies. They're messengers. Loud, sometimes destructive messengers. But still.","1. Your brain has an amygdala — the threat detection centre. When it fires, it hijacks conscious thought in literally milliseconds. You sometimes say or do things before your brain has even registered what's happening. | 2. Triggers for amygdala hijack are usually linked to old emotional memories — not the current situation. When you react hugely to something small, it's usually not about the small thing. | 3. Research by Matthew Lieberman found that labelling a feeling — even silently — reduces amygdala activation. The pattern interrupt can be as simple as: notice, name, pause. | 4. That's it.","MY TRIGGER INVENTORY: Think of a pattern you want to interrupt. Trace it back: what usually sets it off (person, feeling, situation, time of day)? What does the reaction give you right now in the moment? What does it cost you later? Smallest possible interrupt: when you notice the trigger, what's one word you could say to yourself before the reaction runs? Share your trigger word (not the pattern) with one other person.","Close your eyes. Think of a pattern you keep repeating. Don't judge it. Get curious. If this pattern could talk, what would it say? What is it trying to protect you from? What did it help you handle when you didn't have other tools? You can thank it for that — and still decide you don't need it the same way anymore.",What's one automatic reaction you have that you'd like to pause before it runs? What do you think it's actually protecting?,Use your trigger word once today — even if the pattern still runs. The noticing is enough for now.,Tell one person about the pattern you're working with. Not the details — just that you're working on something.,"Bring one moment from the week where you tried to interrupt a pattern — what happened, even if it didn't go perfectly?",I'm not my reactions. I'm the one who notices them — and that means I have a choice.,https://www.youtube.com/watch?v=RcGyVTAoXEU,"YouTube: Search 'Simon Sinek How to Control Your Emotions' for a practical, accessible take on the pause between stimulus and response. Runtime ~8–12 min.","FADE IN: A teen in a heated moment — face tight, about to say something. VOICE: 'Three seconds. That's all the gap is.' CUT TO: Same teen. A tiny pause. One breath. Something different happens. VOICE: 'You don't have to fight the pattern. You just have to find the gap.' CUT TO: Teen walking away from the situation — not perfectly, but differently. FADE TO TITLE: Mindcast LIVE.",Naming amygdala hijack de-shames the reaction. Keep the trigger inventory light — don't push into trauma territory. The trigger word should be chosen privately by each teen.
4,1,See Clearly,What Your Body Is Telling You,Teen,Reading the Data Your Body Collects,"Your body is constantly sending you signals — about safety, stress, excitement, dread. Most of us learned to ignore them or push through. This week we learn to actually read what the body is saying.",Without thinking about it: where in your body do you feel nervous? Point to it. Where do you feel excitement? How do you know when you're actually hungry vs. just bored? Most people have never been asked these questions.,Your body is like a smartwatch that's been collecting data your whole life. Heart rate spikes before that conversation. Stomach drops before that class. Shoulders rise when that person walks in. The data is there. Most people just haven't learned to read it.,"Ancient practices like yoga, martial arts, and dance were never just physical. They were ways of developing body intelligence — the ability to feel what the body knows before the mind catches up. Modern science confirms what these traditions knew: the gut has as many neurons as a cat's brain. Your body is thinking, even when you're not.","1. The gut-brain connection is real and well-researched. The enteric nervous system contains around 100 million neurons — it communicates directly with the brain and influences mood, decision-making, and stress. 'Gut feelings' are literally that. | 2. Heart rate variability (HRV) is now used by elite athletes and mental health researchers as a real-time measure of nervous system regulation. You can influence it through breathing. | 3. Research by Amy Cuddy found that body posture influences hormone levels — your physical position literally changes your internal chemistry. The body shapes the mind. | 4. Developing 'body literacy' — the ability to read and respond to physical signals — is one of the fastest ways to improve emotional regulation.",SENSATION MAPPING: Facilitator names a scenario and teens put their hand on where they feel it in their body: 'The moment before you walk into a room full of people you don't know.' / 'Getting a really good text from someone you like.' / 'Sunday night before a hard week starts.' / 'That moment when everything just clicks.' Discuss: are these signals or just nerves? What might each one be telling you?,"Close your eyes. Scan down your body slowly, head to feet. No judgment. Just asking: what's here right now? Now ask your body: 'What are you trying to tell me this week?' Wait. Don't think the answer. Feel for it. If your body could speak freely, what would it say?",Think of a time your body gave you a strong signal that you ignored. What happened? What do you wish you'd listened to?,Do a 1-minute body scan at three different times today. Write one word for what you notice each time.,Tell someone one thing your body has been trying to tell you that you've been ignoring.,Bring back one observation from your body scan practice this week.,My body and my mind are the same team. I'm learning to let them work together.,https://www.youtube.com/watch?v=Ks-_Mh1QhMc,TED Talk: 'Your Body Language May Shape Who You Are' by Amy Cuddy — evidence-based exploration of how physical state influences mental and emotional state. Runtime ~21 min.,"FADE IN: A teen athlete — slow motion, body tense before a race. VOICE: 'They're taught to push through nerves. Ignore the body. Just go.' CUT TO: Same athlete later, learning to read the nervous energy differently. VOICE: 'The body isn't trying to stop you. It's loading up everything you need.' CUT TO: Same athlete running — different energy. Confident. FADE TO TITLE: Mindcast LIVE.","Keep this entirely positive and non-aesthetic — this is about intelligence and signals, NOT appearance or fitness standards. Watch for any content that might touch on body image issues."
5,1,See Clearly,The Mirror — How We See Ourselves,Teen,The Comparison Trap and the Real Mirror,"How we see ourselves shapes literally everything — the choices we make, the risks we take, the people we let in. Most teens have a self-image built from comparison, other people's opinions, and their worst moments. This week we build a more honest one.","Quick question — no right answer: When you scroll through social media, do you feel better or worse about yourself afterwards? And does the image you project online match who you actually are?","Social media gives you a highlight reel of everyone else's life. But for yourself, you only see the full unedited version — all the bloopers, doubts, and worst moments. That's not a fair comparison. And it's not an accurate mirror. Today we build a better one.","There's an old story about a young warrior who keeps losing battles because he's fighting the wrong enemy — his own reflection, which he mistakes for an opponent. The battles with ourselves, the harsh self-judgments, the impossible standards — most of the time, we're fighting a distorted image, not reality.","1. Comparison is a brain default — the orbitofrontal cortex constantly evaluates our status relative to others. It's a survival mechanism. But in an era of curated social media, it runs on rigged data. | 2. Research consistently shows that social media use correlates with lower self-esteem and distorted self-image, particularly in adolescence. | 3. The self-concept is actually not fixed — it is malleable, influenced by experience, reflection, and quality of feedback from people we trust. | 4. The goal isn't perfect self-image. It's accurate self-image — genuine strengths AND real areas for growth, without the distortions of shame or performance.","REAL MIRROR vs. COMPARE MIRROR: Two columns. Column A: 'What I actually see when I look honestly at myself' — strengths, limitations, things I'm still figuring out. Column B: 'What I think I look like compared to others' — who do you compare yourself to, in what areas, and is that comparison fair? Key question: Which mirror are you living by? And which do you actually want to use? Share: 'One thing I'm ready to stop comparing' — anonymously if preferred.","Close your eyes. Think of yourself — not performing, not in comparison to anyone, not trying to be anything. Just you, as you are right now. With all the things you're working on and proud of and don't understand yet. What if that was enough to start with?",If your social media profile showed who you actually are — not who you want to be seen as — what would it include that you currently leave out?,"Do a social media audit: after 20 minutes of scrolling, check in with your body. How do you feel? Make a note.",Ask someone who knows you well: 'What do you see in me that I don't seem to see in myself?',Bring back your social media audit observation and the answer from Wednesday's question.,"I am building my self-image on honest ground — not comparison, not performance, not other people's opinions.",https://www.youtube.com/watch?v=Lp7E973zozc,"YouTube: Jonathan Haidt on social media and teen mental health — widely available, evidence-based, highly relevant. Runtime ~15–20 min depending on version.","FADE IN: A phone screen — perfectly curated profile. Filters. Highlight reel. VOICE: 'We spend more time managing how we look than actually looking.' CUT TO: The phone put face down. A real moment — messy, unfiltered, actually funny. VOICE: 'Your real self is not less than your projected self. It's just realer. And that's the one worth knowing.' FADE TO TITLE: Mindcast LIVE.","Highly relevant session for teens. Avoid moralising about social media — stay evidence-based and curious. The social media audit is practical and powerful. Goal is self-awareness, not guilt."
6,1,See Clearly,The Comparison Loop,Teen,The Race With the Moving Finish Line,Comparison is the background noise of teen life — and social media has turned the volume up to maximum. But here's what most people don't know: the comparison loop literally never pays off. Not once. This week we find the exit.,"Be honest: in the last week, how many times did you feel worse about yourself after looking at someone else's social media? How many times better? What's the ratio?","Imagine a race where the finish line keeps moving. Every time you get close, it shifts. That's what the comparison loop does — there's always someone further ahead, always another metric you're not measuring yet. You can run that race forever and never feel like you won. There's another race available. It has a finish line you actually control.",There's an old idea: 'The candle that burns next to the sun looks dim — but light up a dark room and it's extraordinary.' Your life is not measured against the sun. It is measured against the darkness you chose to show up for.,"1. A 2018 study found that limiting social media to 30 minutes per day led to significant reductions in depression and loneliness in university students — within just three weeks. | 2. The comparison brain is particularly active in adolescence — your brain is more wired for social comparison right now than at any other point in your life. That's not weakness. It's developmental. But it means you need to be more intentional about comparison inputs. | 3. Research on what actually predicts teen wellbeing: quality of in-person relationships, sense of purpose, engagement in challenging activity, feeling heard. None of those show up on a highlights reel. | 4. 'Compare and despair' is a phrase used in recovery communities. In this context, comparison is not motivating — it's addictive and depressive.",THE EXIT INTERVIEW: Imagine you are interviewing the Comparison Loop for a job. Write its job description: What does it promise to deliver? What does it actually deliver? What are its side effects? Would you rehire it? Now write the job description for what you WANT instead — what would a healthy inner metric look like? What would it measure? How would you know it was working? Share: what would you measure yourself by if social media didn't exist?,"Eyes closed. Think of something you are genuinely proud of — something you worked for, something that truly belongs to you. Notice how it feels to hold that, compared to how it feels to scroll. That quiet, grounded pride — that's a signal. Not a performance. Yours.",Write three things you've done or overcome in the past year that nobody necessarily saw. Things that were for you. Are they in your self-story?,"For one day, do a conscious comparison fast — notice every comparison thought and redirect to: 'How am I measuring up to my own values today?'",Tell one person about something you're proud of that you rarely talk about. Watch what happens when you claim it.,Bring back what happened on your comparison fast day — what did you notice?,"My story is mine. I measure it by my values, my growth, and my own honest effort.",https://www.youtube.com/watch?v=P6FORpg0KVo,"TED Talk: 'Quit Social Media' by Cal Newport — practical, evidence-based case for intentionality over comparison culture. Runtime ~13 min. Note: not anti-technology, pro-intentionality.","FADE IN: Split screen — one teen posting carefully curated content, watching likes climb. Second teen, phone away, actually living something. VOICE: 'One of them is measuring a life. One of them is performing one.' CUT TO: First teen later, exhausted. Second teen, lit up from the inside. VOICE: 'The comparison loop never pays out. It just keeps running. You have to choose to exit.' FADE TO TITLE: Mindcast LIVE.",The comparison fast is highly practical and can be genuinely transformative. Avoid shaming social media use — frame as intentionality. The 'things nobody saw' exercise is powerful for teens who feel unseen.
7,1,See Clearly,The Inner Critic,Teen,Introducing the Heckler,"That voice in your head that says 'you're not good enough,' 'everyone can see how awkward you are,' 'you'll fail' — we all have one. Today we find out where it came from, why it does what it does, and why listening to it is optional.",Honest question: would you talk to your best friend the way you talk to yourself? If someone said to your best friend what your inner voice says to you on a bad day — would you call that friendship?,"Imagine a heckler in the audience of your life — someone who shows up for every single performance and yells something unhelpful. Now imagine that heckler is YOU. More specifically, it's the part of you that learned to criticise yourself before someone else could. Today we introduce ourselves to the heckler.",In martial arts there's a principle: you don't fight your shadow. You can't. The shadow isn't an enemy — it's just the shape of the light you're blocking. The inner critic is similar. Fighting it directly makes it stronger. What works is shining more light.,"1. The inner critic forms during childhood as a form of pre-emptive protection. If you criticise yourself first, you're less surprised when others do. The brain learned: manage expectations down and you won't be as hurt when you fall short. | 2. But this strategy backfires. Self-criticism DECREASES resilience, motivation, and performance — and INCREASES anxiety and avoidance. The critic doesn't help you improve. It helps you avoid trying. | 3. Self-compassion — treating yourself with the same kindness you'd give a close friend — is associated with higher motivation, greater resilience, and better ability to learn from mistakes. | 4. The difference: the critic is global ('you're a failure'), shame-based, and future-predicting. Healthy reflection is specific, curious, and growth-oriented.","THE HECKLER vs. THE COACH: Write your inner critic's three favourite lines about you. For each one write: 'A good coach who wanted me to actually improve would say...' Notice the difference — the critic shuts down, the coach opens up. Now: what would you need to believe about yourself to replace the critic with the coach? Write that as a statement. Share: the most common thing the heckler says.",Close your eyes. Hear the harshest thing your inner critic says. Really hear it. Now ask: how old is this voice? When did it start? Who does it remind you of? This is not you. This is something you learned. You can learn something different. You already are.,"Write a text message from your inner critic. Then write the reply you'd send it as your wiser, more honest self.",Notice today how often the critic fires. Don't fight it. Just count. Awareness without judgment — for now.,Tell one person something you've been hard on yourself about. Notice what it feels like to say it out loud to someone who's on your side.,Bring back: how many times did the critic fire this week? And did noticing change anything?,I hear the critic. It's not me. I choose the voice of someone who's actually on my side.,https://www.youtube.com/watch?v=IvtZBUSplr4,"YouTube: Kristin Neff TED Talk on self-compassion — same resource as adults, completely accessible for teens. Alternatively search 'how to silence your inner critic animated' for shorter versions. Runtime ~10–20 min.","FADE IN: A teen studying. In the background, a persistent whisper: 'You're not smart enough. Everyone else gets this.' VOICE OVER: 'That voice. You know that voice. It's been there for years.' CUT TO: The teen pausing. Looking up. Something shifting. VOICE OVER: 'But here's the thing — you would never say that to your best friend. Why are you saying it to yourself?' CUT TO: Teen writing something different — a more honest, kinder version of their thoughts. FADE TO TITLE: Mindcast LIVE.",Teen inner critics are often ferocious and normalised — many don't realise how harsh their self-talk is until they compare it to what they'd say to a friend. The 'text message from the critic' exercise is effective and often funny enough to defuse shame.
8,1,See Clearly,Beneath the Surface — Emotions as Data,Teen,Optimising the Notification System,"Feelings aren't weakness. They're not drama. They're data. Every emotion is trying to tell you something — about what you value, what you need, what your limits are. This week we learn to actually read them instead of either ignoring them or getting wrecked by them.",Raise your hand if you've ever reacted to something emotionally and genuinely had no idea WHY you reacted that way. That gap — between the emotion and the meaning — is what we're working on today.,Imagine your emotions are like push notifications. A bad notification system either silences everything (you miss important alerts) or fires constantly for no reason (alert fatigue — you stop caring about all of them). A good system knows what's worth alerting and why. Today we optimise the notification system.,"The samurai tradition had a concept called zanshin — a state of total awareness, including of one's own emotional state. Not the absence of emotion — full awareness of it. The warrior disconnected from their own emotional state is the most dangerous — not because they feel nothing, but because they act without knowing what they're feeling. Emotional intelligence was never considered weakness. It was considered mastery.","1. The ability to name emotions accurately is called 'emotional granularity.' People with high emotional granularity report better mental health, greater resilience, and make better decisions under stress. Low granularity means experiencing everything as either 'good' or 'bad' and responding in blunter, less effective ways. | 2. Research shows teens have the same range of emotions as adults but typically have less practice identifying and naming them — not because they feel less, but because they've had less time and fewer tools. | 3. 'Emotional flooding' — when the nervous system becomes overwhelmed and rational processing shuts down — is associated with poor relationship outcomes and impulsive decisions. The antidote is earlier emotion recognition. | 4. Primary vs secondary emotions: anger is often a secondary emotion covering fear, hurt, or shame. Detecting the primary emotion underneath is usually more useful and more accurate.",EMOTION ARCHAEOLOGY: Think of a recent strong emotional reaction — particularly one that felt disproportionate or confusing. Dig down: What emotion did I express or act from? (Level 1). What emotion was I actually feeling underneath that? (Level 2). And underneath that? (Level 3 — often the most true). Example: Snapped at a friend → anger (L1) → felt ignored (L2) → fear that I don't matter (L3). Share your Level 1 emotion. You don't have to share Levels 2 or 3 if you don't want to.,Close your eyes. Scan for an emotion present for you right now — even a small one. Give it a name. Be specific — not just 'fine' or 'whatever.' Ask it: what are you pointing at? What do you need me to know? Sit with whatever comes. You don't have to fix it. Just let it speak.,Write about an emotion you don't let yourself feel very often. What do you think you're protecting yourself from by keeping it away?,"When you notice a strong feeling today, try to name it with more precision than 'good' or 'bad.' What is it actually?",Tell one person about a feeling you usually hide or dismiss. Not the story — just the feeling and what you think it's actually pointing at.,Bring back one time you practised emotion archaeology this week. What did you find underneath?,My emotions are information. They point at what matters. I'm learning to read them.,https://www.youtube.com/watch?v=tGdsOXZpyWE,YouTube: Marc Brackett on emotional intelligence — search 'Marc Brackett emotion scientist' or his talk on the RULER framework. Alternatively: search 'permission to feel Marc Brackett' for interviews. Runtime ~15–20 min.,"FADE IN: Teenager, headphones in, apparently fine. But something is tight around the eyes. VOICE OVER: 'They'd describe themselves as fine. They've gotten good at that.' CUT TO: Same teen, later, journal open. Writing. VOICE: 'Turns out it wasn't fine. It was something else entirely — something smaller and realer and actually easier to deal with.' CUT TO: Teen, face lighter. Not perfect. Just present. VOICE: 'Emotions aren't the enemy. Unread ones are.' FADE TO TITLE: Mindcast LIVE.",The emotion archaeology exercise is powerful but can surface unexpected material. Have a 'parking lot' option — teens can write things down to process later rather than in the group. The concept of emotional layers is a foundational tool they will use throughout the year.
9,1,See Clearly,The Wounds We Carry,Teen,The Update Nobody Installed on Purpose,"All of us have been hurt — by experiences, relationships, or things that happened that we didn't fully understand. And some of those hurts are still shaping how we act today, even if we've never talked about them. This week we acknowledge what we carry — not to relive it, but to start understanding it.","Honest question — you don't have to answer out loud: is there something that happened in your past — something that hurt — that you think is still affecting how you act today? How you treat people, or how you let people treat you?","Imagine there's an old update running in the background of your operating system — one nobody installed on purpose, one you didn't know was there. It's slowing things down, causing glitches, making some things harder than they should be. That's what unexamined wounds do. Today we find the update.","There's an idea held in many cultures: that the greatest strength doesn't come from having no wounds. It comes from knowing your wounds — their shape, their history, what they've made of you — and continuing anyway. The mark of wisdom is not invulnerability. It is honest, courageous self-knowledge.","1. Research on adverse childhood experiences shows that difficult experiences in childhood — including emotional neglect, bullying, family instability, loss — have measurable effects on the developing brain and nervous system. But awareness and support are the most powerful protective factors. | 2. The teen brain is still developing its stress regulation systems. This means difficult experiences have greater impact during adolescence — AND it means adolescence is also a uniquely powerful time for building new neural pathways. Healing is especially available now. | 3. Avoiding difficult emotional material is one of the most researched predictors of long-term psychological difficulty. Gentle acknowledgment is always better than long-term avoidance. | 4. You are not your wounds. The wound is something that happened. You are the person deciding what to do with it next.","PRIVATE REFLECTION — NOT FOR SHARING: In your journal (private — nobody reads this): write about one thing that hurt you — past or recently — that you think is still with you. How does it show up today? What does it make you do or avoid? If someone who really cared about you knew about this wound, what would they want you to know? Fold your journal closed when done. After writing: take a slow breath. Look around the room. You're here. You're okay.",Close your eyes. Think about something you've been carrying. You don't have to describe it or fix it or share it. Just — for one minute — let yourself know that you know it's there. That you're not pretending. That's brave. That's more brave than most people ever manage.,Write privately: what is one coping strategy I use that I think came from being hurt? Is it still helping me — or costing me more than it gives?,Notice once today when something small triggers a big feeling — and ask yourself: 'Does this feel older than now?',If there's one person in your life you trust — just one — consider telling them one small true thing about what you carry. Notice what happens.,Bring back: did anything shift this week after the journalling exercise? You don't have to share what — just whether the awareness felt different.,What happened to me does not define me. I see it. I carry it honestly. And I decide what happens next.,https://www.youtube.com/watch?v=95ovIJ3dsNk,TED Talk: 'How Childhood Trauma Affects Health Across a Lifetime' by Nadine Burke Harris — fully accessible for teens and deeply relevant. Runtime ~16 min.,"FADE IN: A teen's face — composed, fine, managing. VOICE: 'They're good at this. Most of us are.' CUT TO: Journal open. First honest words written. VOICE: 'The wound doesn't define you. But pretending it isn't there doesn't help you either.' CUT TO: Same teen, later. Not fixed — but lighter. More honest. VOICE: 'Seeing it is the first act of strength.' FADE TO TITLE: Mindcast LIVE.","CRITICAL: Ensure journalling is explicitly PRIVATE and cannot be read by facilitators or peers without consent. Have a wellbeing resource card available (counsellor contacts, helpline numbers) for anyone who needs support. Follow mandatory reporting requirements if any disclosures indicate current safety risks."
10,1,See Clearly,The Masks We Wear,Teen,Which One Is Actually You?,"Pretty much everyone your age is performing — performing toughness, coolness, confidence, happiness, not-caring. Some of it is genuinely useful social navigation. But when you can't remember who you are underneath the performance, that's when it starts costing you. Today we look at the masks.","Quick and honest: rate yourself 1–10 on how authentic you are in these contexts — with parents, with close friends, at school, on social media, when alone. What does the range tell you?","Think of your social profiles, your group chat persona, your school version, your home version. How many different 'yous' are you maintaining right now? And which one, if any, is closest to the actual you? Today we find out.","There's an old concept from theatre: the mask was always meant to serve the story — and when the play is over, it comes off. The problem we're exploring today is what happens when the play never ends, and you start to forget you're even wearing a mask.","1. Code-switching — adapting language, tone, and presentation to different social contexts — is a real and sometimes necessary social skill. Research shows it has psychological costs when it feels compelled rather than chosen. | 2. Social identity theory shows that how we present to groups shapes how we think about ourselves — the performance becomes part of the identity over time. What we pretend long enough, we can become. Both positively and negatively. | 3. Research on loneliness specifically identifies 'masked connection' — being with people but not being truly known — as one of its most common and painful forms. You can be in a crowd and be completely alone if nobody sees the real you. | 4. Authenticity in adolescence is complicated by the genuine developmental need to explore multiple identities. Trying on different versions of yourself is not inauthentic — it is developmentally appropriate. The issue is when experimentation becomes permanent performance driven by fear.","AUTHENTICITY MAP: Draw yourself in the middle of a page. Around you draw the different contexts of your life (friend groups, home, school, online). For each context: draw how much of 'you' actually shows up there — you could use percentages. Now: where do you feel most like yourself? Why? Where do you feel most masked? What are you protecting there — and from what? Share: one context where you feel most real, and one where you feel most masked.","Close your eyes. Think about who you are when nobody else's opinion matters — no social media, no judgments, no performance required. What does that version of you care about? What makes them laugh? What do they actually want? How much time does that person get?",Write a letter from your authentic self to your most performative self. What does the real you want the performed version to know?,Notice once today when you shift into performance mode. Ask yourself: is this genuinely necessary — or just habit?,Show one person — even a little — something real about you that you usually manage or hide. Watch what happens.,Bring back: what happened when you tried showing something real? What did it feel like?,I know who I am underneath the performance. And that person is worth knowing.,https://www.youtube.com/watch?v=IVlU-2OBdts,"YouTube: 'To This Day' — Shane Koyczan spoken word animation about identity, performance, and the cost of hiding. Intensely moving, highly relevant to teens. Runtime ~8 min.","FADE IN: Split screen — same teen in four different social contexts. Four slightly different faces, voices, postures. VOICE: 'Which one is actually them?' CUT TO: All four versions dissolve. One person left — tired. Real. VOICE: 'That one. The one who's tired of managing.' CUT TO: Same person, with one real friend. The face relaxes. Something genuine. VOICE: 'That's the one worth showing up as.' FADE TO TITLE: Mindcast LIVE.",Let teens make the authenticity map as creative as they want. Honour the developmental complexity — trying on identities is appropriate at this stage. Avoid implying that being 'themselves' is simple or that they should know exactly who that is yet.
11,1,See Clearly,Seeing Others Clearly,Teen,Turning Down the Projector,"Most of the drama in relationships — with friends, family, partners — isn't really about the other person. It's about what we're bringing to them from our own history. Today we develop the skill of actually seeing people — instead of just seeing our story about them.","Think of someone who really irritates you. What specifically do they do? Now, honestly: does any version of that quality exist in you? Even a little?","Imagine every person you interact with is wearing a screen, and your brain is constantly projecting images onto that screen from your own history. What you see isn't fully them — it's them plus your projection. Today we practise turning down the projector.","There's an old practice in many traditions of deep listening — so complete that for a moment, you put your own perspective fully aside and inhabit someone else's. It's one of the rarest and most valuable skills a person can develop. And it starts with noticing how much you're not currently doing it.","1. Confirmation bias — the tendency to seek out and remember information that confirms what we already believe — applies to people too. Once we've decided someone is selfish or untrustworthy, our brain filters for evidence that supports that view and dismisses everything else. | 2. The qualities that most irritate us in others are often qualities we most suppress in ourselves. Understanding this doesn't mean the other person isn't annoying — it means understanding WHY they trigger us. | 3. Perspective-taking — genuinely trying to inhabit another person's experience — is one of the most powerful anti-conflict tools known to social psychology. Research shows it reduces prejudice and improves relationships. | 4. Most relationship conflict escalates because both people are simultaneously certain the problem is the other person. The rare skill is being able to hold: 'There might be something in me contributing to this dynamic.'",THEIR SIDE: Think of a current or recent conflict with someone. Write a 2-paragraph 'defence brief' FOR THEM — arguing their side as generously and specifically as possible. What might they be experiencing? What might they be afraid of? What might your behaviour look like from their perspective? This is not about deciding they were right. It's about seeing them clearly. Share: one thing you discovered when you tried to argue their side.,"Close your eyes. Think of someone you've judged harshly recently. Now try — genuinely — to see them as a person who is struggling, afraid, or confused in some way you don't fully know. What would it change in how you relate to them if you believed that was true?",Write about the last significant conflict you were part of: what was your role? What did you bring to it from your own history that might have made it more charged?,"Once today in a conversation, try to listen with 100% focus — no preparing what you'll say, no half-attention. Just listen. Notice what that's like.",Tell someone about a relationship where you've realised you might have been seeing your story more than the person.,Bring back: what happened when you tried the deep listening practice this week?,I see the people in my life as clearly as I can — knowing my own lens is always in the way a little.,https://www.youtube.com/watch?v=cDDWvj_q-o8,"YouTube: 'Empathy: The Human Connection to Patient Care' — Cleveland Clinic short film. While medical in context, it's a universally moving illustration of the invisible experiences everyone is carrying. Runtime ~4 min.","FADE IN: Two teens arguing. Both certain. Both hurt. VOICE: 'Both of them are right about what they feel. Neither of them is seeing the other clearly.' CUT TO: One of them, later, writing. Genuinely trying to see the other's side. VOICE: 'That's the hardest thing in a conflict — not winning, not being right — but being willing to really see the other person.' CUT TO: The next conversation. Still hard. But different. FADE TO TITLE: Mindcast LIVE.",The 'defence brief' exercise can be revelatory — some teens will discover they've been part of a dynamic they weren't fully owning. Keep it non-shaming: 'This isn't about who was right. It's about developing the capacity to see.'
12,1,See Clearly,The Habit Loop — How We Got Here,Teen,Understanding Autopilot,"About half of what you do every day isn't a decision — it's a habit running on autopilot. That's not bad. But it means if you want your life to look different, you need to understand how habits actually work — because 'trying harder' is the least effective strategy that exists.","Quick: name one thing you do every day without really thinking about it. Now — when did that start? Did you decide to do it, or did it just develop?","Your brain is essentially a pattern-matching machine. Habits are patterns run so many times that the brain has automated them — outsourced to a lower-processing area so the conscious mind can do other things. Once you understand this, you can work with it instead of against it.","Water always flows downhill — not because it's lazy, but because that's its nature. Trying to make water go uphill by force is exhausting and temporary. Understanding the terrain and working with it is how you get the water where you want it. Habits work the same way.","1. The brain loves habits because they are energy-efficient. Once a behaviour is sufficiently repeated, it gets transferred to the basal ganglia — a more automatic part of the brain — and runs without consuming cognitive resources. This is brilliant for routine tasks. It becomes a problem when the automated behaviour is harmful. | 2. The habit loop explains why willpower doesn't work for long-term habit change. Willpower is a conscious resource that depletes. The cue-reward connection is unconscious and doesn't deplete. Eventually, willpower loses. | 3. The only effective long-term strategy: identify the cue, understand the reward the routine is delivering, and design a replacement routine that delivers the same reward through a different behaviour. | 4. Identity is central to habit formation. Stating 'I am the kind of person who...' before a new habit is far more effective than stating 'I want to...' The identity statement reshapes the self-concept, which then reinforces the behaviour.","MY HABIT LOOP: Pick one habit — a behaviour pattern you repeat regularly. Map it: What triggers it? (Time, place, feeling, person, situation?) What do you do? (The habit.) What do you get from it in the moment? (Be honest.) What does the reward actually represent? (Stress relief? Escape? Connection?) Is there something else that could meet the same underlying need more helpfully? Share: your trigger and your reward — not necessarily the habit itself.","Close your eyes. Think of a habit that costs you something but keeps happening anyway. Instead of judging it: why did this start? What was going on? What was it originally solving? And is that original problem still the same — or has it changed, and the habit just hasn't noticed yet?",Write about a habit and trace it back: when did it start? What was happening? What was it originally solving?,"Today, catch one habit in the act of running. Note the cue. You don't have to change anything — just see it.","Tell someone about the underlying need a habit is meeting — not the habit itself, just the need. See if they recognise something similar in themselves.","Bring back your complete habit map — cue, routine, reward, underlying need, and one alternative idea.",I understand my patterns. Understanding them is power — not judgment.,https://www.youtube.com/watch?v=W1eYrhGeffc,"YouTube: 'The Power of Habit' animated book summary of Charles Duhigg's work. Clear, engaging, and directly relevant. Runtime ~10 min.","FADE IN: Animated brain — most of it quiet, one small area very active. The basal ganglia, highlighted. VOICE: 'This is where habits live. Deep, efficient, invisible.' CUT TO: Person going through their day — most actions on autopilot, highlighted. VOICE: 'About half of everything you do today... you didn't actually decide to do.' CUT TO: Person pausing. Noticing one of the highlighted moments. VOICE: 'The first act of change is seeing the automation. That's it. That's the beginning.' FADE TO TITLE: Mindcast LIVE.",The brain science explanation de-shames the pattern and gives teens agency. The identity reframe ('I am someone who...') is worth spending extra time on — it's one of the most practically powerful concepts of the year.
13,1,See Clearly,Integration — What We Now See,Teen,The Diagnostic Is Complete,"You've done 13 weeks of genuinely hard looking. Not perfectly — nobody does it perfectly. But you've looked. Today we take stock of what's actually shifted, what you now see, and what you're taking into the next chapter. This is a threshold, not a finish line.","What is one thing — about yourself, your patterns, or how you see — that you now know that you genuinely didn't know (or wouldn't look at) 13 weeks ago?","You've been upgrading your self-awareness operating system for 13 weeks. Today we run the final diagnostic — not to judge what you found, but to acknowledge what's now visible. Visibility is everything. You can only work with what you can see.","In many traditions a period of learning is marked by a rite of passage — not because you're now 'done,' but because something real has changed and it deserves to be acknowledged. You've looked at things most people spend their whole lives avoiding. That matters.","1. Psychological research on transformative experience shows that some experiences genuinely change the person having them — not just their knowledge, but their perspective, values, and identity. Phase 1 is designed to be that kind of experience. | 2. Self-awareness interventions that combine reflective journalling, community sharing, and embodied practice show measurably stronger outcomes than any of those components in isolation. | 3. The post-reflection integration period — the time after insight before action — is psychologically important. Rushing to 'fix' what you've seen bypasses the depth of integration needed for lasting change. Phase 2 allows that deepening. | 4. What you now see about yourself is not a verdict. It is data. And data, in the hands of someone committed to their own growth, is power.","PHASE 1 LETTER: Write a letter to yourself at the start of this journey. What do you want them to know? What would you tell them about what's coming? What do you know now that would have helped them then? You are not the same person who walked in to Week 1. Even if you can't exactly articulate how — something has opened. Share, if you choose: one line from your letter.","Close your eyes. Cast your mind back 13 weeks. Notice what has shifted — in how you see yourself, how you see others, how you understand what happens inside you. Don't compare to an ideal. Just notice the actual difference. That difference is yours. Nobody gave it to you. You made it.","Write three things you now see that you couldn't (or wouldn't) see at Week 1 — one about yourself, one about your patterns, one about how you relate to others.",Revisit Week 1 journal entries if you kept them. What do you notice about the gap between then and now?,Tell one person who isn't in this group something genuinely honest about what you've learned about yourself in the past 13 weeks.,Come back to the final session ready to share one line from your letter — if you want to.,"I see more clearly than I did. That clarity is mine, and it's the foundation of what comes next.",https://www.youtube.com/watch?v=jqONINYF17M,YouTube: 'The Power of Believing That You Can Improve' by Carol Dweck — affirms the transformation that comes from genuine self-examination and the growth mindset that makes Phase 2 possible. Runtime ~10 min.,"FADE IN: Same teen from Week 1. Externally, nothing much looks different. VOICE: 'From the outside, 13 weeks might not look like much.' CUT TO: But the teen is reading something they wrote 13 weeks ago. Something shifts in their face. VOICE: 'But from the inside — something is different. Something that nobody can take away.' CUT TO: Teen putting the paper down. Looking forward. VOICE: 'You can see things now you couldn't see then. And that changes everything about what comes next.' FADE TO TITLE: Mindcast LIVE — Phase 2: Unlearn.","Create ritual and ceremony — teenagers respond powerfully to being genuinely seen and acknowledged. If letters are shared, do it with real reverence. Ensure the transition to Phase 2 is framed with excitement: 'what you've seen is the gift. What you do with it is the adventure.'"
14,2,Unlearn,The Permission You're Still Waiting For,Teen,Admin Access Granted,A lot of the things you actually want to do — the things that feel most like you — you've been putting off because you're waiting for someone to say it's okay. A parent. A friend. The right feeling. Enough confidence. This week: that permission was always yours.,"What's one thing you've wanted to do — creatively, personally, socially — that you haven't started because you were waiting to feel ready, or waiting for someone to say it was okay?",Ever saved a draft you never sent? Started something and then stopped because you weren't sure if it was allowed? Most of us are running on a permission system we installed when we were little — where you had to ask before you acted. That system is outdated. You have admin access now.,"There's an old story about a student who kept asking their teacher for permission to begin. The teacher kept saying 'not yet.' Eventually the student realised: the teacher wasn't the one who could give that permission. Nobody was. The moment they began without asking, that was the lesson.","1. The brain's approval-seeking circuitry was formed when you actually did need adult permission to do most things. That circuitry doesn't automatically update when your circumstances change. It keeps running the old programme. | 2. Research on perfectionism and procrastination shows a direct link between waiting-for-permission behaviour and fear of judgment. The perceived authority figure is usually a stand-in for the fear of being evaluated and found inadequate. | 3. Studies on creative work consistently show that 'waiting to feel ready' is one of the top reasons people never begin. The feeling of readiness almost never precedes action — it follows it. | 4. Self-permission is a skill. Like any skill, the first few times feel uncomfortable. Then they feel like freedom.","DRAFT VS. SEND: Think of something you've been keeping in 'draft' — a project, a conversation, a direction, a version of yourself. Write: What specifically are you waiting for before you 'send' it? What's the worst realistic outcome if you do? What's the cost of keeping it in draft indefinitely? What's the smallest possible version of 'sending' it this week? Share: what's in your draft folder — without necessarily sharing what it is, just how long it's been there.",Close your eyes. Think of the thing in your draft folder. Imagine the version of you that just... starts. Not perfectly. Not with full permission. Just starts. What does that feel like in your body? Is it exciting? Terrifying? Both? That combination — that's usually the signal that it's the right direction.,Who are you waiting to impress before you let yourself begin? What would it mean if that person never gave you the green light?,"Today, do one tiny thing you've been waiting to feel ready for. Not the whole thing. Just one tiny move.",Tell one person about something you've been keeping in draft. Say it out loud. Notice what happens.,Come back with what happened when you made the tiny move. How did it feel?,I don't need permission to become who I actually am.,https://www.youtube.com/watch?v=8CrOL-ydFMI,YouTube: 'Do Schools Kill Creativity?' by Ken Robinson — explores how external approval systems suppress authentic expression and self-directed action. Highly engaging and directly relevant. Runtime ~19 min.,"FADE IN: A teen with a notebook full of ideas — sketches, lyrics, plans. Closed. On the shelf. VOICE: 'It's been there eight months. Waiting for the right time. Waiting to be good enough.' CUT TO: A different teen — same kind of notebook — open. Messy. Actually being used. VOICE: 'The difference between these two isn't talent. It isn't confidence. It's permission.' CUT TO: First teen, slowly opening their notebook. VOICE: 'You already have it. You always did.' FADE TO TITLE: Mindcast LIVE.","Some teens are waiting for parental permission in a very literal sense — be sensitive to family dynamics. The framing is about inner authority, not rebellion. Distinguish between appropriate consultation and chronic approval-seeking."
15,2,Unlearn,Letting Go of Who You Were Supposed to Be,Teen,Default Settings,"There's probably a version of you that other people have planned out — a career path, a type of success, a kind of life. And there's the version of you that actually exists. This week we figure out which parts of your future belong to you — and which parts were handed to you without asking.",Be honest: what do you think the people closest to you expect your life to look like in 10 years? Now: is that actually what you want? How much overlap is there?,"Every phone comes with a default home screen — apps chosen by someone else, layout decided before you ever touched it. Most people just use the defaults and never customise. Today we look at the default settings in your future plan — and ask which ones you actually chose.","There's an old idea: 'The life that is not examined is not worth living.' But what's rarely said is the other side — the life lived entirely according to someone else's examination, someone else's conclusions, someone else's expectations — that's not really living either. Today we start examining.","1. Adolescence is the developmental period specifically designed for identity exploration — psychologist Erik Erikson called it the 'identity vs. role confusion' stage. The healthy outcome is not certainty about your future, but genuine exploration of what your values, interests, and direction actually are. | 2. Research shows that teens who experience 'identity foreclosure' — adopting an identity given by parents or culture without personal exploration — show higher short-term anxiety reduction but significantly worse long-term wellbeing and life satisfaction. | 3. The pressure to 'have a plan' in adolescence often cuts off genuine exploration before it has a chance to develop. Studies on career satisfaction show that the most fulfilled adults had broad exploratory phases in their youth, not narrow early specialisation. | 4. Disappointment is a real risk when you diverge from expected paths. Research on social rejection shows the brain processes social disapproval in the same regions as physical pain. This is real. It doesn't mean the divergence isn't worth it.","THE EXPECTATION MAP: Draw a page with two sections. Section 1: 'The life people around me seem to expect for me' — be specific about career, values, relationships, lifestyle markers. Who specifically expects this? Section 2: 'The life I actually find myself drawn to' — even if it's unclear, even if it seems unrealistic, even if you've never said it out loud. Now: where do these maps overlap? Where do they diverge most significantly? Share: one divergence point — without necessarily resolving it.",Close your eyes. Imagine two futures — the expected one and the authentic one. Don't evaluate them or decide anything. Just feel the difference in your body between the two. What does your body know that your head hasn't admitted yet?,Write about one expectation someone has of your future that you've never questioned out loud. What happens when you question it now?,"Notice one moment today where a choice you're making is genuinely yours — not inherited, not performed. What does that feel like?",Tell one trusted person about one way your actual direction diverges from the expected path. Notice their response — and notice what you feel after saying it.,Bring back: what was it like to draw the expectation map? What surprised you?,I am not obligated to become the person someone else planned. My life is mine to define.,https://www.youtube.com/watch?v=NiuDFBNDoSk,YouTube: 'There's More to Life Than Being Happy' by Emily Esfahani Smith — explores authentic meaning vs. inherited happiness scripts. Highly relevant for teens navigating expectation. Runtime ~12 min.,"FADE IN: A teenager's bedroom wall — posters of what they're 'supposed' to want. University brochures. Career charts. VOICE: 'Someone has a very clear picture of your future. They might even love you very much.' CUT TO: In a drawer — a sketchbook, a journal, a piece of music. Hidden. Not on the wall. VOICE: 'But the things most alive in you... those aren't on the wall.' CUT TO: Teen taking the sketchbook out. Opening it. VOICE: 'Your future is not a plan someone else made for you. It's a direction you discover by going.' FADE TO TITLE: Mindcast LIVE.","This is potentially a session where teens may disclose family conflict around expectations — particularly around academic or career pressure. Keep the framing on self-discovery rather than family critique. The goal is inner clarity, not rebellion."
16,2,Unlearn,The Forgiveness Loop,Teen,Closing the Background Apps,Holding onto anger or resentment toward someone feels powerful — like you're making them pay. But research shows the only person actually paying is you. This week we look at what forgiveness actually means — and why it's one of the most self-interested things you can do.,Think of someone you're angry at or haven't forgiven. You don't have to name them. Just notice — how much mental space does this take up? When does it show up? How often does it replay?,"Imagine your brain is a device with limited RAM. Every resentment you're carrying is running as a background process — taking up space, slowing everything else down, draining the battery. Forgiveness is not excusing the person who caused the problem. It's closing the app so you get your resources back.",There's an old saying: 'Holding onto anger is like drinking poison and expecting the other person to die.' Most traditions across the world arrived at the same conclusion independently: forgiveness is not for the person who wronged you. It is for you.,"1. Neuroscience shows that resentment and anger, when repeatedly replayed, keep the stress response activated — cortisol remains elevated, the threat-detection system stays on alert. You're not just remembering the hurt — your body is re-experiencing it every time. | 2. Forgiveness does not mean: what happened was okay, the person was right, you have to be friends with them, or you need to forget. It means: I am choosing to stop letting this event continue to damage me. | 3. Research shows people who practise forgiveness have better immune function, lower blood pressure, less depression, and higher life satisfaction. This is not spiritual advice. It is physiology. | 4. Forgiveness is hardest when the hurt was serious and the other person hasn't acknowledged it. The research is clear that waiting for acknowledgment before forgiving is physiologically costly — and often the acknowledgment never comes. You can forgive without their participation.","THE BACKGROUND APP AUDIT: Think of one person or situation you're carrying resentment toward. Write: What exactly happened? What did it cost you? How often do you replay it? What has holding this cost you in energy, relationships, or peace? Now write: What would 'closing this app' actually look like? Not forgetting — just stopping the replay. Share: how much mental RAM is this taking up — without naming the specific app.","Close your eyes. Think of the hurt. Feel the familiar tension of it. Now imagine — not excusing it, not forgetting it — but choosing to stop letting it cost you. You're not giving them anything. You're taking something back. Your own peace. Your own mental space. How does that reframe feel?","Write honestly: what are you getting from holding onto this resentment? (There's usually something — a sense of justice, a protection, a way of staying connected to what happened.) Is it worth the cost?","When the resentment replays today, try saying internally: 'I know this hurt. I'm choosing to stop paying for it.' Notice what happens.",Tell one person you're working on releasing something you've been carrying. Notice how it feels to say that.,Bring back: what shifted — even a little — when you tried the internal reframe this week?,"I release what I've been carrying — not for them, but for myself. That energy is mine now.",https://www.youtube.com/watch?v=Ik_V3UIqoQ0,YouTube: Search 'science of forgiveness teen' or 'Fred Luskin forgiveness research' for accessible content on the physiological benefits of forgiveness. Runtime ~10–15 min.,"FADE IN: A teen visibly tense — jaw tight, thoughts churning, replaying something. VOICE: 'They've been replaying this for six months. Every time feels almost as bad as the first time.' CUT TO: Another teen — similar hurt, but something is different. Lighter. More present. VOICE: 'Same hurt. Different choice.' CUT TO: First teen, something shifting in their face. Not forgetting. Just stopping the replay. VOICE: 'You don't forgive for them. You forgive so you get your life back.' FADE TO TITLE: Mindcast LIVE.","For teens, forgiveness of peers — social exclusion, betrayal, online harm — can be extremely raw. Never minimise the hurt. The session is entirely about their own wellbeing, not about the other person. Make that distinction very clearly and repeatedly."
17,2,Unlearn,Forgiving Yourself,Teen,Closing the 2am Replay,"You know all those mistakes, embarrassments, and bad calls you keep replaying — especially at 2am? This week we talk about why being permanently hard on yourself isn't the same as accountability. And why the most powerful thing you can do is actually learn from something and then let it go.","What's one thing from the past — a mistake, an embarrassment, something you said or did — that you still replay? Be honest about how often it comes up.","Your brain has something called a negativity bias — it stores negative experiences more strongly than positive ones. That served our ancestors well for survival. But it means your brain is basically built to replay your mistakes more than your wins. Add a harsh inner critic to that, and you've got a system that punishes you indefinitely for things that are already done. Today we look at how to break that loop.","There's an old practice in many wisdom traditions of 'honest confession' — not to a religious authority, but to yourself. The practice wasn't about punishment. It was about seeing clearly, accepting responsibility, and then releasing the grip of the past on the present. The purpose was always freedom, not continued suffering.","1. Research distinguishes between shame ('I am bad') and guilt ('I did something bad'). Shame predicts more harmful behaviour, more hiding, less growth. Guilt, when processed, predicts genuine accountability and change. Replaying mistakes without processing them keeps you in shame rather than productive guilt. | 2. Self-compassion — treating yourself with the kindness you'd give a friend — is consistently shown to improve motivation, resilience, and the capacity to learn from mistakes. It is not making excuses. It is a more accurate relationship with being human and imperfect. | 3. The 2am replay is a sign that something hasn't been processed — not that you're a bad person. The brain replays unresolved things because it is trying to find resolution. Self-forgiveness is giving the brain the resolution it's looking for. | 4. Real accountability includes: acknowledging what happened, understanding why, repairing where possible, and committing to different behaviour. Self-punishment beyond that point doesn't make you more accountable. It just makes you more miserable.","THE 2AM AUDIT: Think of one thing you replay — a mistake, a failure, a moment you're not proud of. Work through: What actually happened? What would genuine accountability look like (acknowledging, understanding, repairing if possible)? Have you actually done those things — or are you still just punishing yourself? If a friend told you the same story, what would you actually say to them? Write them that message — then read it back to yourself. Share: one insight from this process.","Close your eyes. Bring the replay to mind — just briefly. Now ask: have I actually learned from this? Have I done what accountability requires? If yes — what is the continued self-punishment actually for? Give yourself permission, for one moment, to acknowledge: 'I made a mistake. I learned. I am still growing. That is enough.' Notice how your body responds.","Write the honest version of the story — what happened, what you learned, what you'd do differently. Then write: 'That is enough. I release the rest.'","When the replay starts today, try interrupting it with: 'I've heard this. I've learned from it. I'm closing this tab.'",Tell one person something you've been replaying — and let them respond. Notice what it feels like when someone who cares about you hears the whole thing.,Bring back: what happened when you tried closing the tab this week?,I am accountable and I am compassionate with myself. I learn and I move forward.,https://www.youtube.com/watch?v=IvtZBUSplr4,YouTube: Kristin Neff self-compassion talk — accessible for teens and directly addresses the difference between self-compassion and making excuses. Also search 'self-forgiveness teen psychology' for shorter accessible clips. Runtime ~15–20 min.,"FADE IN: 2am. A teen awake, staring at the ceiling, replaying something. VOICE: 'How many times have they replayed this? Twenty? A hundred?' CUT TO: The scene they're replaying — a mistake, an embarrassing moment, something said wrong. VOICE: 'Every replay feels like it's keeping them accountable. It isn't. It's just keeping them awake.' CUT TO: Teen, writing in a journal. Processing it differently. Something releases. VOICE: 'Real accountability is learning and changing. Everything after that is just punishment. You can stop now.' FADE TO TITLE: Mindcast LIVE.",The 2am framing resonates deeply with teens — it normalises a universal experience without glamorising it. The key distinction between shame and guilt is worth spending extra time on. Be alert for anyone who seems to be carrying significant self-blame — offer professional referral resources gently.
18,2,Unlearn,Rewiring the Critic — Building the Inner Coach,Teen,Building the Track,"Last time we met the inner critic. Now we do something with it. Not silence it forever — but replace it with something way more useful: a voice that's actually honest AND on your side. Think of the best coach, mentor, or teacher you've ever had. That's the voice we're building.","Think of the best teacher, coach, or mentor you've ever had — real or from a film or book. What made their voice different from the critic's? What did they say that the critic never says?","Your brain builds neural pathways through repetition — the more you run a thought pattern, the deeper the pathway gets. The critic is a well-worn track. The coach is a new one. It feels weird at first. Then it feels normal. Then it feels like yours. Today we start building the track.",There's a difference between a trainer who pushes you to get better and a voice that just tells you you're not good enough. One builds capacity. The other just builds dread. The inner coach pushes — but it believes in you while it does. That combination is what makes it work.,"1. Research on feedback shows that the most effective feedback is 'wise feedback' — it communicates both high expectations AND confidence in the person's ability to meet them. The inner critic only has half of that (the high standards). The coach has both. | 2. Neuroplasticity means your brain can literally build new pathways at any age — including in adolescence, when the brain is especially plastic. Every time you deliberately run the coach script instead of the critic, you're physically building a new pathway. | 3. The coach's key difference from the critic: it is specific ('that approach didn't work') rather than global ('you always get this wrong'). It asks questions ('what could you try differently?') rather than making verdicts ('you'll never get this'). It believes in your capacity even when pointing out the gap. | 4. The goal is not to become endlessly positive. The goal is to become genuinely useful to yourself — honest about what's not working, and genuinely believing you can figure it out.","CRITIC vs. COACH REWRITE: Take 3 things your inner critic commonly says to you. For each, write the coach version using this structure: Acknowledge ('That was hard / didn't go as planned'). Observe specifically ('The specific thing that happened was...'). Question forward ('What could I try differently / what did I learn?'). Affirm capacity ('You've handled hard things before / you can figure this out'). Read the coach versions aloud — even quietly to yourself. Notice what it feels like in your body. Share: one coach line that you actually believe.","Close your eyes. Think of a current challenge. Let the critic speak — notice how it sounds. Now run the coach. Same situation, same honesty, completely different quality. Notice the difference in your body between the two voices. Which one actually helps you move forward?",Write a pre-game coach briefing for yourself before something challenging this week — the kind of thing the best coach would say.,"Today when the critic fires, try running just the first line of the coach script: 'That was hard. And I can work with this.' Notice the difference.","Tell one person your coach voice — what it says, how it's different. Ask them to remind you of it when you slip back into critic mode.",Bring back: when did you use the coach voice this week? What happened?,"My inner coach is honest and on my side. I'm building that voice, one rep at a time.",https://www.youtube.com/watch?v=pN34FNbOKXc,YouTube: 'Growth Mindset vs. Fixed Mindset' animated explainer — Carol Dweck's research on the language of growth vs. the language of judgment. Runtime ~10 min.,"FADE IN: Split screen — same teen in a tough moment. Left side: critic voice running. Right side: coach voice running. Same situation. Completely different response, body language, outcome. VOICE: 'Same situation. Two different voices. Two completely different results.' CUT TO: The coach side — not easy, not perfect, but moving forward. VOICE: 'You're not born with the coach voice. You build it. Rep by rep.' FADE TO TITLE: Mindcast LIVE.","Have teens write their coach scripts on actual cards they keep — a physical reminder is more effective than a mental one. The rep-by-rep framing resonates with teens who understand athletic or skill development. Reinforce: this is brain training, not positive thinking."
19,2,Unlearn,Breaking the People-Pleasing Pattern,Teen,The Battery Drain,Do you ever agree to things you don't want to do just to avoid the awkwardness of saying no? Say things you don't mean to keep the peace? Pretend to be fine when you're not? That's people-pleasing — and it feels kind but it's actually one of the most exhausting and self-erasing things you can do. This week we look at where it comes from and how to start changing it.,"Honest check-in: In the past week, how many times did you say yes when you meant no? Agree with something you didn't agree with? Pretend to be okay when you weren't? How much energy did that take?","Your social battery has a limit. People-pleasing drains it at double speed — because you're not just managing your own needs, you're also constantly monitoring and managing everyone else's feelings. Today we look at why your battery keeps dying so fast.",There's an old idea: you can't pour from an empty cup. People-pleasing is the habit of pouring constantly — for everyone else — and wondering why you're always running on empty. The radical act is filling your own cup first. Not instead of caring for others. But before.,"1. People-pleasing in teens is often linked to social threat sensitivity — the adolescent brain is particularly alert to social rejection, which activates the same brain regions as physical pain. Saying no feels genuinely dangerous, not just uncomfortable. | 2. Research shows a strong correlation between people-pleasing behaviour and anxiety, depression, and identity confusion in adolescence. When your identity is built on other people's approval, you lose track of who you actually are. | 3. The difference between genuine kindness and people-pleasing: genuine kindness comes from a full place and is chosen. People-pleasing comes from fear and is compelled. One feels energising. The other feels draining. You can tell them apart by checking in with your body. | 4. Saying no is a relational skill. Research shows that people who can say no clearly and kindly are actually more respected, not less — because others know their yes is genuine.","THE YES/FEAR AUDIT: Think of your last 10 significant 'yeses.' For each one, honestly ask: Did I say yes because I genuinely wanted to — or because I was afraid of what would happen if I didn't? Sort them into two columns: 'Genuine yes' and 'Fear yes.' What's the ratio? Now: pick one 'fear yes' pattern. What specifically am I afraid will happen if I say no? How realistic is that fear? Share: the ratio — without naming specific situations.",Close your eyes. Think of a situation where you're currently managing someone else's feelings at the cost of your own. Feel the weight of it. Now ask: what would I do if I wasn't afraid of their reaction? What would I say? What would I choose? Notice the difference between that answer and what you're currently doing. That gap is the people-pleasing pattern in action.,Write about the person whose approval you most shape yourself around. What would happen to your relationship if you started being more honest? What's the best realistic outcome if you did?,"Try one small no today — something low-stakes. Notice what you feel before, during, and after. Record it.",Tell one person about a 'fear yes' pattern you're working on. Ask them to notice when you're doing it.,Bring back: what happened with your small no this week? Fear vs. reality?,I say yes when I mean yes. I say no when I need to. Both are acts of respect.,https://www.youtube.com/watch?v=MIte_1vcOqs,"YouTube: Search 'people pleasing psychology teens' or 'how to say no without guilt' for accessible, practical content. Alternatively: Patrick Teahan or Dr Ramani on people-pleasing roots. Runtime ~10–15 min.","FADE IN: A teen in a group, laughing at something they don't find funny. Agreeing with something they disagree with. Going somewhere they don't want to go. VOICE: 'This is what people-pleasing looks like from the inside. It looks like fitting in. It feels like disappearing.' CUT TO: The same teen, weeks later, practising a different response. Awkward. Genuine. VOICE: 'A no that comes from your values is more connecting than a yes that comes from fear.' FADE TO TITLE: Mindcast LIVE.",People-pleasing is deeply tied to social belonging needs in teens — acknowledge that the fear of rejection is real and the brain genuinely experiences it as dangerous. The goal is not fearlessness but gradually expanding the window of tolerance for discomfort when acting from values.
20,2,Unlearn,Unlearning Scarcity — There Is Enough,Teen,The Resource Monitor,"There's a thought that runs constantly in the background for most people: not enough time, not enough success, not good enough. It drives comparison, competition, and the feeling that you're always slightly behind. This week we look at where that thought actually comes from — and whether it's actually true.",What do you feel like you never have enough of? Time? Friends? Success? Recognition? Attention? Pick the one that hits hardest. Where did you first learn to feel scarce about that thing?,"Your brain runs a background process called 'resource monitoring' — it's always calculating whether you have enough of whatever it's decided is important. In survival mode, this was useful. In ordinary life, it just creates constant low-grade anxiety. Today we look at what's triggering the alarm — and whether the threat is actually real.",There's an old observation: 'The one who knows they have enough will always have enough.' This isn't about money or stuff. It's about the baseline belief you carry. If the baseline is 'there isn't enough' — you'll feel that scarcity even when you're objectively fine. If the baseline is 'there is enough' — you generate more of everything.,"1. Research shows that people who believe they have 'enough' are more generous, more creative, and more resilient than those who believe they don't — regardless of their actual resource levels. The belief shapes the behaviour, not the resource level. | 2. Social comparison (which we looked at in Phase 1) runs almost entirely on scarcity logic — there's only so much status/success/beauty to go around, and others having more means you have less. This is demonstrably false in most areas, but the brain doesn't automatically know that. | 3. The scarcity mindset tunnels cognition — when you believe resources are scarce, your thinking narrows. You become less creative, less able to see options, more reactive. Abundance thinking literally opens up more of your brain. | 4. 'Not good enough' is the most common and most damaging form of scarcity thinking in adolescence. Research shows it drives perfectionism, procrastination, people-pleasing, and avoidance — all in the name of protecting against the imagined disaster of being 'found out' as insufficient.","ENOUGH AUDIT: What are the three main areas where you feel 'not enough'? For each one: When did this start? What specific evidence are you using to decide you're not enough in this area? If your best friend had exactly your situation, would you tell them they weren't enough? What would 'genuinely enough' actually look like — not perfect, just enough? Share: one 'not enough' story you're questioning.","Close your eyes. Think of the thing you feel most scarce about. Notice the feeling in your body — tight? Urgent? Contracted? Now — without pretending anything is different — ask: what if I actually had enough, right now, for today? Not forever. Just today. What opens when you ask that question?","Write about what your life would look like if you genuinely believed you were enough — not perfect, not finished, but fundamentally, currently enough. What would you do differently?",Notice one 'not enough' thought today. Ask: is this actually true? Or is it a programme running on old data?,Tell one person about an area where you're practising 'enough' thinking. Ask them to reinforce it when you slide back.,Bring back: what happened when you questioned the 'not enough' thought this week?,"I am enough, right now, for today. And from that place, I keep growing.",https://www.youtube.com/watch?v=RZWf2_2L2v8,YouTube: Search 'scarcity mindset vs abundance mindset explained' for clear animated or talk-format explainers. Also: Brené Brown on 'never enough' culture is widely available. Runtime ~10–15 min.,"FADE IN: A teen scrolling — the constant visual of others seeming to have more, be more, do more. The subtle tightening in their chest. VOICE: 'The algorithm runs on scarcity. It's designed to make you feel not enough.' CUT TO: Same teen, phone down. Something quieter. VOICE: 'What if the measure isn't how you compare? What if you're already, right now, enough to begin?' CUT TO: The teen doing something — not perfectly, not finished, just begun. Something genuine. VOICE: 'That's abundance. Not having everything. Just not waiting until you do.' FADE TO TITLE: Mindcast LIVE.",'Not enough' is the background hum of most teens' inner worlds — naming it directly often produces strong recognition. The shift is not to false positivity but to questioning whether the measure is real and whether it's theirs. This session pairs powerfully with Weeks 5 and 6 from Phase 1.
21,2,Unlearn,The Relationships That Shaped You,Teen,Auditing the Relationship Code,"You didn't choose your family, your early friendships, or the first people who taught you what love and trust look like. But those relationships installed some pretty powerful programmes about how you connect with people. Today we look at those programmes — and decide which ones to keep.","Think of the relationship — family, friend, or other — that has most shaped how you trust and connect with people. What did it teach you about what relationships feel like?",Every major relationship you've had has contributed code to your 'relationship operating system.' Some of that code is great. Some of it has bugs. Most of us are running relationship patterns we never chose — we just inherited them from the people who were around us first. Today we audit the code.,There's an old observation: 'Show me who shaped you and I'll understand how you love.' Not as a verdict — but as a map. Understanding where your relational patterns came from is the beginning of choosing which ones to carry forward.,"1. Attachment research shows that the patterns we learned in our earliest close relationships become templates for all future relationships — they literally shape what we expect from other people, how safe we feel being close to them, and how we react when things go wrong. | 2. These templates are not fixed. The brain is plastic — especially in adolescence — and secure relationships with trusted adults, therapists, or even close friends can literally rewire attachment patterns. | 3. There are four main attachment patterns: secure (trust is usually comfortable), anxious (closeness is desperately wanted but scary), avoidant (closeness feels threatening so independence is prioritised), and disorganised (connection is both needed and feared). None of these are permanent labels. They are patterns — and patterns can change. | 4. The most important question is not 'what type am I?' It is: 'Where did I learn this? And is it still the most useful way to relate?'","MY RELATIONSHIP BLUEPRINT: Think about one significant relationship from your past — a parent, a close friend, a first romantic interest. What did that relationship teach you about: trust (is it safe to rely on others?), closeness (is intimacy safe?), and conflict (what happens when things go wrong?). Now: where do those same patterns show up in your current relationships? Which patterns are helpful? Which ones create problems? Share: one pattern you've noticed repeating across different relationships.",Close your eyes. Think of a current relationship that sometimes confuses or frustrates you. Ask: does my reaction here feel bigger or more charged than the situation alone explains? If yes — what older template might be running? What would it look like to respond to this person fresh — not through the old pattern?,Write about a relationship pattern you've noticed in yourself. Where do you think it came from? Does it help you or hurt you in current relationships?,Notice once today in a friendship or family interaction when an old pattern seems to be running. Just name it silently — 'there's the template.',Tell one trusted person about a relational pattern you've noticed in yourself. Ask them if they see it too — and be willing to hear the answer.,Bring back: what did you notice about relational patterns this week?,I understand how I was taught to connect. I choose which patterns I carry forward — and I can build new ones.,https://www.youtube.com/watch?v=WjOowWxOXCg,YouTube: Search 'attachment styles explained teen' or 'how childhood affects adult relationships' for accessible content. Alternatively: search 'anxious avoidant secure attachment animated' for visual explainers. Runtime ~10–15 min.,"FADE IN: A teen in a friendship conflict. Something about their reaction is very familiar — we've seen it before in another context. VOICE: 'This feeling — it's not just about today.' CUT TO: Earlier moment — different relationship, same pattern. VOICE: 'The pattern travelled. It always does.' CUT TO: The teen, recognising something. Pausing. Trying a different response. Not perfectly. But differently. VOICE: 'That's the work. Seeing the pattern is most of it.' FADE TO TITLE: Mindcast LIVE.","Some teens may recognise painful or even traumatic relational patterns for the first time in this session. Have professional referral resources available. The tone should be empowering, not pathologising — these patterns were formed for good reasons and can be changed."
22,2,Unlearn,Setting Down the Armour,Teen,Firewall Settings,"We all develop ways of protecting ourselves when things feel unsafe — humour, sarcasm, not caring, never letting anyone get too close. Those strategies made sense once. But if the armour never comes down, you end up safe and alone. This week we look at what you're protected against — and what you're also blocking.",What's your most reliable emotional defence? Do you get funny when things are serious? Go quiet? Get sarcastic? Pretend not to care? Agree to avoid conflict? Most of us have a signature move — what's yours?,"Think of your emotional defences like a firewall. A good firewall keeps out the bad stuff. But if it's too aggressive, it also blocks the things you actually want — connection, closeness, being genuinely known. Today we look at whether the firewall settings need an update.","There's an old paradox: the strongest walls also keep out the light. Protecting yourself from pain often protects you from joy in the same motion. The question is not whether to have walls — but knowing where the doors are, and trusting yourself to choose when to open them.","1. Emotional defences develop in response to real experiences — being hurt, rejected, embarrassed, or overwhelmed. The brain learns: 'this strategy kept me safer.' It then deploys it every time something similar is detected — even when the situation doesn't actually warrant it. | 2. The most common teen defences: irony/sarcasm (deflects with humour before vulnerability can land), detachment ('I don't actually care'), perfectionism (if nothing goes wrong, nothing can hurt), and avoidance (don't try, don't risk, don't be seen). | 3. The cost: defences that run automatically prevent genuine connection. You can't be truly close to someone while also being defended against them. The intimacy and belonging that teens most crave require the risk of being genuinely seen. | 4. Lowering defences is not naive — it is selective, courageous, and relational. Research shows that the capacity to be appropriately vulnerable is one of the strongest predictors of relationship quality and life satisfaction.","FIREWALL AUDIT: Identify your top two or three emotional defences. For each: What situation most reliably triggers it? What was the original threat it was built against? What does it successfully protect you from? What does it also block that you actually want? What would it take — what conditions would need to be present — for you to safely lower it, even briefly? Share: one defence and what it costs you.","Close your eyes. Think of a relationship where your defence runs reliably. Feel the familiar quality of being behind it — the distance, the protection. Now imagine, just for a moment, letting something real show in that relationship — something honest, something that matters to you. What's the most realistic thing that could happen? And what's the cost of never finding out?",Write about the thing you most protect others from seeing in you. What would actually happen if they saw it?,Choose one low-risk moment this week to lower a small piece of your defence — let something genuine show. Notice what happens.,Tell one trusted person about a defence strategy you use. See how they respond to the honesty itself.,Bring back: what happened when you lowered the defence a little? Fear vs. reality?,I am strong enough to be real. Connection is worth the risk of being seen.,https://www.youtube.com/watch?v=iCvmsMzlF7o,"TED Talk: Brené Brown on vulnerability — directly addresses the armour that teens most relate to (cool detachment, irony, numbing). Runtime ~20 min. Can be shown in clips.","FADE IN: A teen at a party — surrounded by people, laughing, performing, managing. Never quite letting anyone in. VOICE: 'Everyone thinks they know them. Nobody actually does.' CUT TO: Later. Alone. The performance is tiring. VOICE: 'The armour kept everyone out. Including the people who actually wanted to get close.' CUT TO: One moment — with one person — something real slipping through. Terrifying. Then something else: relief. VOICE: 'That. That was the point.' FADE TO TITLE: Mindcast LIVE.","The armour session is particularly potent for teens who have experienced significant social pain or betrayal. Never pressure anyone to lower their defences in a group setting — the session is about building awareness, not demanding vulnerability. Model appropriate vulnerability as a facilitator."
23,2,Unlearn,Grief and Growth — What Endings Make Possible,Teen,What Deserved a Ceremony,"Grief isn't only about death. It's also about things ending — friendships that changed, versions of yourself you had to leave behind, futures you imagined that didn't happen. Most people were never taught how to grieve properly. This week we learn what grief actually requires — and why moving through it (not around it) is where growth lives.","What's something that ended in your life — a friendship, a chapter, a version of yourself, something you hoped for — that you never fully got to grieve? That maybe you just... pushed through?","Grief is a process your system needs to run whenever something genuinely ends. If you skip it — by staying busy, numbing out, or just pushing through — the process doesn't complete. It just runs in the background, consuming resources. Today we learn what it actually takes to complete it.","There's an old understanding across cultures: endings deserve to be witnessed. That's why there are funerals, closing ceremonies, graduation rituals. The ritual isn't for the dead — it's for the living. It marks the ending so the living can begin. Today we think about the endings in your life that deserved a ceremony and didn't get one.","1. Research on grief in adolescence shows that teens grieve not just deaths but identity losses, friendship breakdowns, relationship endings, and changes in family structure — often without adequate support or acknowledgment. | 2. Suppressed grief doesn't disappear. It tends to emerge as depression, irritability, numbing, or disproportionate emotional reactions to smaller events. Moving through grief is not the same as being stuck in it — it is allowing the process to complete. | 3. Post-traumatic growth research shows that people who move through loss rather than around it report becoming more compassionate, more clear about values, and more appreciative of connection. Loss, fully processed, generates meaning. | 4. The most important ingredient in healthy grieving is witness — having someone acknowledge the reality and significance of what was lost. This is why grief shared is lighter than grief carried alone.","ENDINGS THAT DESERVE ACKNOWLEDGMENT: In your journal, write about one ending in your life that you never properly processed. What was lost — specifically? What did it mean to you? What did you do instead of grieving it? What would properly acknowledging it look and feel like? And: is there anything this loss has given you or made possible, even in a painful way? Share: one ending you're beginning to honour — without necessarily sharing the full detail.","Close your eyes. Think of something that ended that you pushed through without fully honouring. For one minute, just let yourself feel the weight of it. Not to stay there — but to acknowledge that it was real, it mattered, and you deserved space to grieve it. That acknowledgment itself is part of the healing.","Write a short goodbye to something that ended — a friendship, a chapter, a dream. Say what it meant. Thank it. Let it go.","Allow yourself one quiet moment this week to acknowledge an ending you've been avoiding. Write it down, or just sit with it for five minutes.",Tell one trusted person about something you've lost that you haven't talked about. Let them simply hear it.,Bring back: what was it like to write the goodbye? What shifted — even a little?,I honour my losses. Moving through them is how I make space for what's next.,https://www.youtube.com/watch?v=khkJkR-ipfw,YouTube: Search 'David Kessler grief teenager' or 'processing loss teen psychology' for accessible content. Also: search 'post-traumatic growth explained' for the growth-through-loss research. Runtime ~10–15 min.,"FADE IN: A photo of a group of friends — some of whom are no longer close. A team photo from a sport no longer played. A bedroom that looks different now. VOICE: 'Nobody holds a ceremony for these endings. But they were real. They mattered.' CUT TO: A teen writing — slowly, honestly — about something that ended. VOICE: 'The ceremony doesn't have to be big. It just has to be honest.' CUT TO: Same teen, after. Something lighter. Something different. Not over — but moving. VOICE: 'That's what grief is for. Not to stay. To move through.' FADE TO TITLE: Mindcast LIVE.","Adolescent grief is often unacknowledged in adult frameworks. Make explicit that loss here includes friendship endings, relationship breakdowns, family changes, identity losses — not only death. Follow CRITICAL guidelines: have wellbeing resources available, do not push anyone to share more than they are comfortable with."
24,2,Unlearn,Rewiring Fear — From Threat to Signal,Teen,Updating the Alarm System,"Fear is useful — when it's pointing at real danger. But most of the fear that shapes our decisions isn't about real danger. It's about embarrassment, failure, judgment, and uncertainty. This week we learn to tell the difference — and to stop letting discomfort run disguised as danger.",What's one fear that regularly shapes your choices? Not a scary movie fear — a real one that stops you doing things you actually want to do.,"Your amygdala can't tell the difference between a lion and public speaking. It fires the same alarm for both. That's why your heart races before a presentation — your body thinks you're about to be eaten. Today we update the calibration so the alarm system fires accurately, not constantly.","There's an old practice: the samurai meditated on death daily — not to become morbid, but to distinguish clearly between what was actually dangerous and what merely felt uncomfortable. The distinction gave them freedom. Most of our fears, when examined clearly, turn out to be discomfort wearing a danger costume.","1. The brain's fear response system fires with the same intensity for social threats (embarrassment, rejection, failure) as for physical threats. This made sense in small communities where social rejection meant real danger. In modern life, it means your alarm fires at opportunities. | 2. Research on 'exposure therapy' shows that the most effective way to reduce a fear is gradual, voluntary approach — going toward the feared thing in manageable increments. Avoidance always makes the fear bigger. Approach always makes it smaller. | 3. The key distinction: DANGER vs. DISCOMFORT. Danger warrants the full alarm (and usually involves genuine physical threat). Discomfort — uncertainty, judgment risk, failure risk, awkwardness — does not warrant the alarm, even though the alarm fires anyway. | 4. The phrase 'feel the fear and do it anyway' isn't about recklessness. It's about recognising that for most Column 2 fears, the predicted disaster is worse than the reality. The fear predicts badly. Experience beats prediction.","DANGER vs. DISCOMFORT: List 5 fears that shape your choices. For each, honestly classify: genuine danger, or discomfort disguised as danger? For your 'discomfort' fears: what specifically are you afraid will happen? How realistic is it? What have you missed by avoiding this? What's the smallest step toward it? Share: one discomfort fear — and what avoiding it has cost you.","Close your eyes. Think of something you want to do but fear is stopping you. Feel the alarm. Now: is this danger or discomfort? Say it clearly: 'This is discomfort. It's uncomfortable, not dangerous. I can move through discomfort.' Notice what changes in your body when you make that distinction.",Write about the gap between what your fear predicts will happen — and what has actually happened the times you've pushed through it anyway.,Walk toward one small discomfort fear today. Notice: prediction vs. reality.,Tell someone about a fear you're rewiring. Ask them to call it out gently when they see you avoiding it.,Bring back: what was the fear's prediction? What actually happened?,I feel the fear. I name what it actually is. And I move toward what matters.,https://www.youtube.com/watch?v=ZizdB0TgAVM,YouTube: Search 'how to overcome fear psychology teen' or 'exposure therapy explained animated' for accessible content on the neuroscience of rewiring fear. Runtime ~10–15 min.,"FADE IN: A teen standing outside something they want — a conversation, a try-out, a creative risk. The alarm is sounding. VOICE: 'The alarm is real. But is the threat?' CUT TO: Internal dialogue — the predicted disaster playing out. Catastrophic. VOICE: 'That's the prediction. Now watch the reality.' CUT TO: Teen moving toward the thing. Awkward, uncomfortable, real — and the disaster doesn't happen. VOICE: 'Fear predicts badly. Every time you test it, you get your life back a little more.' FADE TO TITLE: Mindcast LIVE.",The fear prediction vs. reality exercise is one of the most practically powerful of the year. Teens often discover their fear's predictions are dramatically worse than reality. Build in time for genuine reflection on past experiences of walking through fear.
25,2,Unlearn,The Stories That No Longer Serve,Teen,Writing the Update,"In Phase 1 we found the stories running in the background. Now we do something about them. Not all stories are ready to go — but some of them are. This week we write the upgrade: the same events, a more complete interpretation, a new author in charge.","Think of a story you've been carrying about yourself since Phase 1 — one that has shaped choices you've made, things you've avoided, how you see yourself. Has anything shifted in how you hold it over the past 12 weeks?",Old software eventually needs updating. Not because the old version was wrong when it was written — but because the system it was written for has changed. You've changed since most of your core stories were installed. Today we write the update.,There's a real difference between the events of your life and the story you tell about those events. The events are fixed. The story is not. You are always the author of the meaning. Today we practise using that authorship.,"1. Research on 'narrative identity' shows that the stories we tell about our own lives — how we interpret what happened and what it means — directly shape our psychological wellbeing, sense of agency, and ability to grow. | 2. The events of your life are fixed. The meaning you assign to them is not. Two people can have identical experiences and build completely different stories from them — based on what they choose to foreground, what context they include, and what they decide the story says about who they are. | 3. Studies show that rewriting a limiting personal narrative — expanding it to include more context, more agency, more evidence of growth — produces measurable improvements in mental health and life satisfaction. | 4. A new story is not pretending the hard things didn't happen. It is telling the full story — including hardship AND resilience AND the ways you've grown — rather than just the edited version that confirms the limiting belief.","STORY UPDATE: Choose one significant story about yourself you're carrying. Write the current version — exactly as you've been telling it. Then write the expanded version: What have you left out? What strengths emerged from the hard parts? What did you survive or learn that the current story doesn't credit you for? What would the full, honest, complete story enable that the edited version prevents? Share: the opening line of the new story.","Close your eyes. Think of the old story. Feel how it has shaped you. Now imagine reading the new version — same events, fuller picture. What's different about who you are in the new story? What becomes possible for that person that isn't available to the person in the old story?","Write the first line of a new chapter in your story — the one that starts now, from here, having come through what you've come through.",Live from the new story for one day this week. Make one choice that the new story enables but the old one would have prevented.,Tell one person the new story — or just the direction of it. Notice what it feels like to own it.,Bring back: what was it like to write the new story? Did anything change?,I am the author of what my story means. I write from here — forward.,https://www.youtube.com/watch?v=D9Ihs241zeg,YouTube: Brené Brown on stories and meaning — or search 'narrative identity teen psychology' for accessible research-based content. Runtime ~15 min.,"FADE IN: A notebook — full of old entries, old stories, old versions. VOICE: 'Every entry was true when it was written. But that's not the same as being true now.' CUT TO: Teen finding a blank page. Pen hovering. VOICE: 'The events stayed. The meaning is being rewritten.' CUT TO: New words on the page. Same handwriting. Different story. VOICE: 'That's authorship. The only kind that matters.' FADE TO TITLE: Mindcast LIVE.",This is one of the most empowering sessions of the year — handle the writing exercise with care and adequate time. The shift from 'things happened to me' to 'here is what I made from what happened' is paradigm-shifting for many teens. Celebrate the new story openings that are shared.
26,2,Unlearn,Integration — What We Have Released,Teen,Threshold Crossing,"Thirteen weeks of unlearning. Today we close Phase 2 by taking stock of what you've actually released — not what you've fixed, but what you've set down. What's lighter. What has more space. And what you're walking into Phase 3 with that you didn't have before.",Name three things — even small ones — that feel lighter after these 13 weeks. Not fixed. Not solved. Just lighter. What has loosened its grip even a little?,The system update is complete. The outdated processes have been cleared. The architecture is lighter. Phase 3 — Rebuild — is building on ground that has been prepared. You can only build as strong as your foundations. Phase 2 was the foundation work. Today we acknowledge what was done.,"In old traditions, a period of inner work was always marked with a ceremony — a threshold crossing. Not because you're done. Because something real has happened, and it deserves to be acknowledged. That's today.","1. The research on psychological change shows that integration — the period when new awareness becomes consolidated — is characterised by a genuine sense of relief, clearer self-perception, and increased capacity for what comes next. This is where you are. | 2. Unlearning is not the same as completion. The patterns you've identified may resurface — they will resurface. The difference now is: you can see them. And what you can see, you can work with. | 3. The commitment for Phase 3 (Rebuild) is not about becoming someone different. It is about building structures — habits, relationships, values — that support the person you actually are, now that you can see them more clearly. | 4. What you have done in Phase 2 — the willingness to look at your armour, your resentments, your patterns, your stories — takes genuine courage. That courage is yours. It doesn't go away.","RELEASE AND COMMIT: In your journal, complete these four sentences: 'In Phase 2, I have released or loosened...' 'Something I see more clearly now is...' 'I arrive at Phase 3 carrying...' 'One commitment I make for the rebuild is...' If you choose: share one line from any of these. It is witnessed by everyone in this room. That witnessing matters.",Close your eyes. Cast your awareness across the past 13 weeks. Not what happened — what lightened. Where there is more space than before. Acknowledge to yourself: I did this. Not perfectly. But genuinely. That is enough. Place your hand on your heart. This work belongs to you.,"Write a letter to yourself from the beginning of Phase 2 — what do you want them to know about what's coming, and what they're capable of?",Revisit something you wrote at the beginning of Phase 2. Notice the gap. Acknowledge it.,Tell one person who has supported your journey: 'Something that is genuinely lighter for me now is...' Let them hear it.,Come back ready to share one line from your release statement — if you're willing.,"I have done real work. I arrive at Phase 3 lighter, clearer, and ready to build.",https://www.youtube.com/watch?v=jqONINYF17M,YouTube: Carol Dweck 'The Power of Believing That You Can Improve' — a perfect bridge between the work of unlearning and the work of rebuilding. Runtime ~10 min.,"FADE IN: Same teen from Week 14. Same external appearance. But something different — in the posture, the face, the eyes. VOICE: 'Nothing obvious has changed. And everything important has.' CUT TO: The teen writing. The release statement taking shape. VOICE: 'Thirteen weeks ago they arrived carrying things that weren't theirs. Today they set some of them down.' CUT TO: Standing at a new threshold. Phase 3 ahead. VOICE: 'This is what it looks like when someone does the work. Not perfect. Real.' FADE TO TITLE: Mindcast LIVE — Phase 3: Rebuild.","Create genuine ceremony — even small rituals matter deeply at this age. The release statements shared in silence are powerful. If the group has developed strong trust over Phase 2, this session can be one of the most moving of the year. Honour every share. End with genuine excitement for Phase 3."
27,3,Rebuild,Who Are You Now? — Rebuilding Identity,Teen,The First Brick,"After two phases of looking honestly at what you've absorbed and what you're releasing, we arrive at the most important question of Phase 3: who are YOU? Not the roles, not the labels, not the history. The actual you — right now — with the agency to choose who you're becoming. Today we begin building that deliberately.","Here's the question: if you could design your character from scratch — the qualities, values, and ways of being that you most want to embody — what would you build? Don't start with what's realistic. Start with what's true.","You've spent Phase 1 seeing clearly and Phase 2 unlearning. Now comes the part where you actually get to build something. Not based on what was handed to you — based on what you genuinely value, what you actually care about, who you actually want to be. Today is the first brick.",There's an old idea that the most important question a person can ask is not 'what do I want to do?' but 'who do I want to be?' Because who you are shapes everything you do. Today we start answering that question from scratch — without the old stories running the answer.,"1. Identity in adolescence is still forming — and that is an enormous advantage. Research shows the teen and young adult brain has exceptional neuroplasticity specifically for identity formation. What you practise now — what you rehearse, value, and build — becomes the foundation you live from for decades. | 2. Values-based identity (living from explicitly chosen values rather than absorbed ones) is one of the strongest psychological foundations available. Research from ACT therapy shows it produces greater resilience, less anxiety, and higher life satisfaction than goal-based identity. | 3. James Clear's 'Atomic Habits' research shows that identity change is the most durable mechanism for behaviour change. 'I am the kind of person who...' is more powerful than 'I want to...' because it reaches deeper — it shapes perception, not just intention. | 4. The rebuilt identity is not performance. It is a set of genuine commitments to ways of being — that are tested, lived, adjusted, and deepened over time.","IDENTITY BUILDER: In your journal, answer from your most honest self: 'The three qualities I most want to embody are...' / 'The kind of person I am choosing to become is...' / 'What I stand for — my non-negotiables — are...' / 'The things I want people to genuinely experience when they're around me are...' Now: look at what you've written. Does your current daily life reflect this? Where is the biggest gap? Share: one quality you're actively building.",Close your eyes. Imagine the version of you that genuinely embodies the qualities you named. Not perfect — but genuinely living from those values. What does their daily life look like? How do they handle difficulty? How do they treat people? How do they feel about themselves? That person is available to you. You're building them now.,Write 'I am the kind of person who...' five times — completing it each time with something you genuinely want to be true. Read it back to yourself daily this week.,"Live from one identity quality today. Act as if you are already that person, in at least one interaction.",Tell one person: 'Something I'm genuinely building in myself right now is...' Notice what it feels like to own it.,Bring back: what happened when you acted from your identity quality? What felt true?,"I am building the person I actually want to be — on purpose, from values, one day at a time.",https://www.youtube.com/watch?v=W1eYrhGeffc,YouTube: Search 'identity formation teen psychology' or James Clear on identity-based habits — 'Atomic Habits identity change.' Highly practical and directly relevant. Runtime ~10–15 min.,"FADE IN: A teen standing in front of a blank wall. Not the old posters — a genuinely blank wall. VOICE: 'Phase 1 — you saw what was there. Phase 2 — you cleared some of it. Now?' CUT TO: The teen picks up a marker. Thinks. Then writes one word — a quality, a value. Something genuinely theirs. VOICE: 'That. Start there.' CUT TO: Wall slowly filling with words that are genuinely theirs — not performed, not expected. Real. VOICE: 'That is the rebuild. Not borrowed. Built.' FADE TO TITLE: Mindcast LIVE.","The identity builder exercise is one of the most genuinely exciting of the year — create space for teens to really sit with it. The 'I am the kind of person who...' reframe should be practised in the room, not just discussed. Have them write it on cards they keep."
28,3,Rebuild,What Do You Actually Value?,Teen,Opening the Settings Menu,"Values aren't what you say you believe — they're what you demonstrate with your time, energy, and choices. Most people have never actually thought about what their values are. And most people are living primarily from absorbed values — other people's ideas about what matters — rather than ones they actually chose. This week we get explicit.","Quick: what are your values? If you can list them confidently — what actually determines your choices day to day? If it's harder than expected, that's completely normal. Most people haven't done this work. Today we do.","Your phone has settings that determine how it prioritises things — battery life, performance, notifications. Your life has a settings system too. The difference is: most people have never opened the settings menu. Today we open it.",There's a powerful question from philosophy: 'How do you want to live?' Not what do you want to have or achieve — but how do you want to live? What qualities do you want to be true of how you show up every day? That question is the beginning of values. Today we answer it.,"1. Research shows that people who have clearly identified their values make better decisions under pressure, have less anxiety, experience more meaning, and report higher life satisfaction — because they have an internal compass rather than relying on external signals. | 2. Values aren't the same as rules ('I should be kind'). They're directional — they describe how you want to move through the world, regardless of outcome. 'I am the kind of person who treats people with respect, even when it costs me something.' | 3. Most teens' values are heavily influenced by social media, peer culture, and family — making it hard to distinguish what you actually value from what you've absorbed. The clarification practice is distinguishing the two. | 4. Living from your values doesn't mean you're always consistent. It means you have a compass to return to when you drift. The compass is what Phase 3 is about building.","VALUES EXCAVATION: List everything you think you value. Then for each: Is this genuinely mine — or have I absorbed it? Is it a means to something else (like 'success' to get approval) or valuable in itself? Narrow to your top 5. For each of the 5: Write a specific, observable behaviour that would demonstrate this value. Where are you most aligned? Least? If two values clash — freedom vs. loyalty, honesty vs. kindness — which wins? Share: your top three values and one way they show up in your life.",Close your eyes. Imagine living a day completely from your top values — every significant decision filtered through them. What does that day look like? How does it feel different from a typical day? Where are the biggest differences? That gap is the design brief for Phase 3.,Write your personal values as 'I am the kind of person who...' statements — one for each of your top values. Read them back to yourself. Notice which ones feel true already and which ones are aspirational.,Make one decision today explicitly from your top value. Notice what changes.,Share your top values with one person who knows you well. Ask: do you actually see these in me? Receive the answer.,Bring back: where did you live most clearly from your values this week?,"My values are mine — chosen, not absorbed. They are the compass I build from.",https://www.youtube.com/watch?v=jHeeHg_MXNE,YouTube: Search 'values clarification teen psychology' or 'knowing your values animated' for accessible content. Russ Harris on ACT values is excellent and accessible. Runtime ~10–15 min.,"FADE IN: A teen's phone — settings menu open. Notifications, battery, performance settings. VOICE: 'You customise your phone. But have you ever customised your life?' CUT TO: Same teen, journal open. Not the phone's settings — their own. VOICE: 'What you value determines everything — what you notice, what you pursue, how you feel about yourself.' CUT TO: Teen writing their values list. Crossing things out. Being honest. Finding what's actually theirs. VOICE: 'That list — when it's genuinely yours — is one of the most important things you'll ever write.' FADE TO TITLE: Mindcast LIVE.",The 'absorbed vs. chosen values' distinction is the key insight of this session. Give teens genuine time to wrestle with it — the discomfort of realising you've been living from values you didn't choose is productive and important. Celebrate any moment of genuine self-authorship.
29,3,Rebuild,The Habits That Build You,Teen,Designing the Practice,We mapped habits in Phase 1 and cleared some in Phase 2. Now we build the ones that actually express who you're choosing to be. Not willpower-based habits that burn out — identity-based ones that compound quietly. This is where Phase 3 gets real.,Think of one quality from your identity builder in Week 27. Now: what's the smallest daily habit that would actually express that quality? Not a big commitment — the tiniest version that still counts.,Every identity is built from repeated action. You don't become a kind person by deciding to be kind — you become a kind person by doing small acts of kindness so many times they become automatic. You don't become a disciplined person through willpower — you become one by designing your environment so discipline is the path of least resistance. Today we design.,"Small consistent practice beats large inconsistent effort every time. Not dramatic. Just regular. The river doesn't carve the canyon in one rush — it does it through constant, patient movement in one direction. That's the practice.","1. Research on habit formation shows that the most durable habits are identity-based ('I am the kind of person who reads every day') rather than outcome-based ('I want to read 20 books this year'). The identity determines the action; the outcome follows. | 2. The minimum viable habit concept: the smallest version of a habit that still moves in the right direction is more valuable than the ideal version that never happens. 2 minutes of meditation every day beats 30-minute sessions twice a month. | 3. Habit stacking (anchoring a new habit to an existing one) is the most reliable trigger system. 'After I [existing habit], I will [new habit].' No new decision required — just a new follow-on. | 4. Environment design is more powerful than motivation. Put the guitar on the stand in your room, not in the case in the wardrobe. Put the book on your desk, not the shelf. Make the desired behaviour the easiest option.","HABIT DESIGN: Choose two habits to build — one for your inner life (mind, reflection, learning) and one for your outer life (body, relationships, creative expression). For each: Write the identity it expresses ('I am the kind of person who...'). Define the SMALLEST possible daily version. Identify the habit stack anchor. Design one environmental change to support it. Share: your two minimum viable habits.","Close your eyes. Imagine your daily life in six months if you consistently showed up for these two habits. Not dramatically transformed — just quietly, consistently yourself. What compounds? What becomes automatic? What does that version of you feel like? That's available. Six months from today. Starting now.","Write your two-habit design out in full — identity statement, minimum version, anchor, environment change.",Start your first minimum habit TODAY. Doesn't have to be perfect. Just has to happen.,Tell one person your identity-based habit and the minimum version. Ask them to check in with you next week.,Bring back: how many days did you show up? What helped? What got in the way?,"I build the person I'm becoming one small, consistent habit at a time.",https://www.youtube.com/watch?v=W1eYrhGeffc,YouTube: James Clear on atomic habits — search 'James Clear atomic habits summary' for short accessible versions. Also: BJ Fogg 'Tiny Habits' for the minimum viable approach. Runtime ~10–15 min.,"FADE IN: A teen making one tiny habit change — 2 minutes of journalling before sleep. VOICE: 'Day 1 — two minutes. Nothing.' CUT TO: Day 30. Still 2 minutes. But something is different. CUT TO: Day 90. The habit is automatic. They don't think about it. Something has compounded. VOICE: 'They didn't transform overnight. They showed up, consistently, for something small. And small things compound.' FADE TO TITLE: Mindcast LIVE.","The minimum viable habit concept is genuinely liberating for teens who have attempted and failed large habit changes. Emphasise: the smallness is the point, not a compromise. Starting is everything. Have them physically write the habit on a card they carry."
30,3,Rebuild,Your Body as Foundation,Teen,Charging the Hardware,"Everything we've been building — self-awareness, emotional intelligence, identity, values — runs on your physical hardware. Sleep, movement, and how you fuel yourself are not separate from personal development. They ARE personal development. This week we treat the body like the foundation it is.",Honest check-in: How many hours of sleep did you get last night? When did you last move your body in a way that felt good? How did you fuel yourself today? No judgment — just data. What does this baseline tell you?,"Your phone's software can be as good as it gets — but if the battery is at 3%, nothing works properly. Your body works the same way. The most sophisticated self-awareness and identity work doesn't function well on chronic sleep deprivation, no movement, and ultra-processed fuel. Today we deal with the hardware.","Ancient warriors, scholars, and sages all had one thing in common: they treated the body with deliberate respect. Not vanity. Not performance. Foundation. The body carries the mind carries the soul — and they cannot be separated. What you do for your body, you do for everything else.","1. Sleep science is unambiguous for teens specifically: the teenage brain requires 8–10 hours of sleep per night for optimal function. During sleep, the brain consolidates learning, regulates emotion, clears metabolic waste, and builds new neural connections. Chronic sleep deprivation in teens is associated with higher rates of depression, anxiety, impulsivity, and academic difficulty. | 2. Movement of any kind — walking, sport, dance, cycling — increases brain-derived neurotrophic factor (BDNF), literally fertiliser for the brain. Research shows regular movement improves mood, reduces anxiety, enhances learning and memory, and builds resilience more reliably than almost any other intervention. | 3. The gut-brain axis research shows that what you eat directly affects mood and cognitive function — not as metaphor but as neurochemistry. High-fibre, diverse, minimally processed food genuinely produces a different brain chemistry to ultra-processed food. | 4. Breath is the only autonomic function you can consciously control — which means it's one of the most direct levers available for stress regulation. Extended exhale breathing (exhale longer than inhale) activates the parasympathetic nervous system within seconds.","BODY AUDIT: Rate yourself 1–10 in four areas: sleep, movement, nourishment, ability to calm down when stressed. For your lowest score: what one small change would most move the needle? Not the perfect change — the most accessible one. Design the minimum viable version and the environment change that supports it. Share: your lowest area and your one small upgrade.","Three slow breaths right now — breathe in for 4 counts, out for 6 counts. Notice what shifts in 30 seconds. That's your nervous system responding to direct input. You have more control than you realise — and you don't need an app or a programme. Just your breath.","Write your minimum body foundation protocol for this week — what you commit to for sleep, movement, nourishment, and one stress regulation practice.",Implement your lowest-score area change today — the smallest possible version. Track it for seven days.,Tell one person about your body foundation goal. Ask them what they've noticed about the connection between their physical state and how they show up mentally and emotionally.,"Bring back: what changed in your mood, energy, or capacity when you prioritised your body this week?",My body is the foundation everything else grows from. I take care of it like it matters — because it does.,https://www.youtube.com/watch?v=5MuIMqhT8oY,YouTube: 'Sleep is Your Superpower' by Matthew Walker — directly relevant to teens and highly engaging. Runtime ~19 min. Also: search 'exercise and teen mental health research' for movement evidence.,"FADE IN: A teen's morning — alarm going off after 5 hours of sleep. Body sluggish, mind foggy, emotions raw. VOICE: 'This is the hardware the day's running on.' CUT TO: Same teen, one month later — same alarm, but 8 hours in. Different body, different mind, different day. VOICE: 'Nothing changed except the sleep. And everything changed.' CUT TO: Teen making one body foundation commitment. Small. Specific. Consistent. VOICE: 'The foundation is built first. Everything else follows.' FADE TO TITLE: Mindcast LIVE.","Be extremely careful not to let this session tip into body image territory — this is entirely about function, energy, and wellbeing, not appearance. Acknowledge the very real structural barriers to sleep and healthy eating for teens (school schedules, family systems, finances). The goal is the highest-leverage small change, not the perfect protocol."
31,3,Rebuild,The People You Choose,Teen,Your Operating Environment,"The people you spend the most time with have more influence on who you become than almost anything else. Not through dramatic conversations — just through daily presence, what gets normalised, what gets reinforced, what gets expanded or contracted. This week we get intentional about who's in your circle.","Think of the three people you spend the most time with. After spending time with each of them, do you generally feel better or worse about yourself? More or less like who you want to be? That's important data.","You're constantly absorbing the attitudes, habits, language, and expectations of the people around you — mostly without knowing it. Your social environment is part of your operating system. And like any system, what you put in shapes what comes out. This week we look at what's coming in.","There's an old observation: 'If you want to fly with eagles, don't hang around with turkeys.' Not about judgment — about environment. The people you surround yourself with set the standard for what's possible, what's normal, and who you're becoming. That's worth being intentional about.","1. Research on social influence shows that norms, behaviours, and beliefs spread through friend networks — often below conscious awareness. Your friends' attitudes toward risk, ambition, kindness, and learning directly shape what becomes normalised for you. | 2. The Harvard Study of Adult Development (80+ years) found that the quality of close relationships is the strongest predictor of happiness and health in adulthood. Not wealth, not achievement — relationships. Who you choose matters enormously. | 3. There's an important distinction between relationships that challenge you to grow and relationships that make you feel worse about yourself. Both involve discomfort — but the first expands your sense of capacity, and the second contracts it. | 4. Building an intentional social environment doesn't mean cutting everyone off. It means investing more in the relationships that expand you, and being honest with yourself about those that consistently don't.","RELATIONSHIP ENERGY AUDIT: Think of your 5–6 most significant relationships. For each, honestly: After spending time with this person, do I feel more or less like the person I want to be? Expanded or contracted? Closer to or further from my values? Sort them into two columns: Expanding and Contracting. Now: are there expanding relationships you're under-investing in? Contracting ones you're staying in out of habit or obligation? What would intentional action look like? Share: one relationship you want to invest more in.","Close your eyes. Think of the person who most makes you feel like your best self — who believes in you, challenges you well, and celebrates your genuine growth. How much of your time and energy goes toward that relationship? Now think of someone who consistently leaves you feeling worse. What would it look like to relate to that dynamic differently — not necessarily ending the relationship, but engaging it with more intentionality?","Write about the social environment you are actively building — who you want to attract into your life as you grow, and what you offer to the people who choose to be close to you.",Reach out to one expanding relationship today — tell them specifically what you value about them.,Tell one expanding person in your life: 'I want you to know that time with you genuinely helps me grow.' Notice what that does for both of you.,Bring back: what happened when you invested in an expanding relationship this week?,I choose my circle with intention. The people I spend time with are part of how I build.,https://www.youtube.com/watch?v=q4g_cxMWnMk,"YouTube: Robert Waldinger 'What Makes a Good Life?' — the Harvard Study findings on relationships, presented accessibly. Genuinely moving and highly relevant. Runtime ~13 min.","FADE IN: A teen in two different friend groups — body language, energy, and self-expression noticeably different in each. VOICE: 'Same person. Two different environments. Two completely different versions of who they are.' CUT TO: Quiet reflection — which one feels more real? VOICE: 'The people you spend time with are one of the most powerful forces shaping who you become.' CUT TO: Teen making a small intentional choice — investing in the relationship that brings out their best. VOICE: 'That is how you build your social environment. Intentionally. One relationship at a time.' FADE TO TITLE: Mindcast LIVE.","The energy audit can be genuinely challenging — teens may realise that their primary social group is contracting rather than expanding. Emphasise the distinction between ending relationships and relating to them differently. The goal is intentionality, not social restructuring."
32,3,Rebuild,How You Speak to Yourself,Teen,Redesigning the Soundtrack,The voice in your head is the one you'll hear more than any other person's voice in your entire life. What quality is it? What does it say on a hard day? What does it say when you succeed? What does it say when you first wake up? This week we make that voice deliberately good.,If I asked you to play me a 10-second clip of your most common internal soundtrack — the running commentary in your head on a normal day — what would it sound like? What would the dominant tone be?,"Your internal dialogue is your operating environment. It runs constantly, shapes everything you perceive, and directly influences your mood, your resilience, and your sense of what's possible. Most people let it run on autopilot. This week we take it off autopilot.","There's a concept in coaching: the quality of your self-talk determines the quality of your performance — not as motivation, but as neuroscience. The words you use internally trigger physiological responses. Choose them like it matters. Because it does.","1. Research shows that using your own name when coaching yourself through challenges ('Jake, you can handle this') produces measurably lower emotional reactivity and better performance than using 'I'. It creates a helpful psychological distance from the emotion. | 2. The attributional style of your self-talk matters enormously: internal/global/permanent ('I always fail, I'm hopeless') produces learned helplessness. External/specific/temporary ('That approach didn't work — what can I try differently?') produces resilience and growth. | 3. 'Self-distancing' — narrating your experience from a slight observational distance ('I notice I'm feeling anxious') rather than being fully immersed in it ('I am so anxious') — is one of the most powerful emotion regulation strategies available, and it's entirely an internal language practice. | 4. Compassionate self-talk produces better results than harsh self-criticism across virtually all research on performance, recovery from failure, and sustained motivation. Not softer — better.","SELF-TALK REDESIGN: For three situations — waking up, a moment of difficulty, and after something goes wrong — write: your current typical self-talk, and your redesigned version using the principles above. The redesigned version should be: honest (not fake positive), compassionate, specific rather than global, and forward-oriented ('what next?' rather than 'why again?'). Create 3 anchor phrases for key daily moments. Share: your redesigned self-talk for one of the three situations.",Close your eyes. Speak to yourself right now — about your current situation — using your name and the compassionate voice. Hear the difference. The physiological shift is real. Your nervous system responds to language. Choose it accordingly.,Write your three anchor phrases on a card you'll keep somewhere visible. Use them deliberately for seven days and track what shifts.,Use your morning anchor phrase tomorrow and report what it does for the start of your day.,Share your anchor phrases with one trusted person. Ask them what self-talk they most wish they could change.,Bring back: how did your anchor phrases change your day? What surprised you?,"The voice in my head is worth choosing. I make it honest, compassionate, and on my side.",https://www.youtube.com/watch?v=NiuDFBNDoSk,YouTube: Ethan Kross on self-talk research — search 'Ethan Kross chatter self-talk' for highly accessible and directly relevant talks. Runtime ~15 min.,"FADE IN: We hear a teen's internal soundtrack for 10 seconds — the constant commentary, the critical loop. VOICE: 'That's the voice they hear more than any other.' CUT TO: Same teen, same moment — but different internal voice. Same honesty, different tone. Forward-looking, compassionate, specific. VOICE: 'Same situation. Different soundtrack. The neuroscience is real.' CUT TO: Teen writing their anchor phrases. Trying them. Something shifting. VOICE: 'Your internal voice is a habit. And habits can be redesigned.' FADE TO TITLE: Mindcast LIVE.","Anchor phrases work best when they're genuinely personalised — spend time helping teens craft ones that sound like them, not like a motivational poster. The self-distancing technique (using your own name) is one of the most evidence-based and easily practised tools of the year — make sure it's properly understood."
33,3,Rebuild,Creating Structure That Serves You,Teen,Designing the Container,"Structure isn't the enemy of freedom — it's what makes freedom possible. When you design your time deliberately, you stop spending energy deciding what to do next, you protect the things that actually matter, and you stop being at the mercy of whatever is loudest. This week we design your personal architecture.",Think about your average day. When does your time and energy go to things you've actively chosen — and when does it just get absorbed by whatever's loudest? What important things consistently get crowded out?,"Think of your day as a container. Right now it might be a container that fills up with whatever's nearest — notifications, other people's urgency, habits that run on autopilot. A well-designed container holds what you actually value. Today we design the container.","Great athletes, musicians, and creators all have daily structures — not because they're rigid, but because structure frees them from having to decide everything constantly, which means they have more energy for what matters. The discipline creates the freedom. Today we experience that.","1. Research on decision fatigue shows that the quality of decisions degrades throughout the day as the number of decisions made increases. Routing the routine — structuring repetitive daily choices so they don't require fresh decisions each time — preserves mental energy for what genuinely requires it. | 2. Structured time for focused work or study produces significantly better results than unstructured time — not because it's more hours, but because uninterrupted focused time is qualitatively different from fragmented, reactive time. | 3. Research on wellbeing and time shows that the subjective experience of having enough time (regardless of actual available hours) is produced by intentional time allocation. People with intentional time structures report more time affluence even with fewer available hours. | 4. The 'three most important things' framework: identifying the three highest-priority activities for a day before the day starts — and protecting time for them before anything else — is one of the simplest and most effective productivity structures available.","DAILY DESIGN: Map your ideal school/work day in three categories: 1. Non-negotiables — the things that must happen for you to function and grow (sleep, movement, study focus, real connection). 2. Valuable but flexible — things that matter but can move around. 3. Default fillers — things that happen automatically that you're not actively choosing (e.g. endless scrolling, reacting to notifications). Now: what needs explicit scheduling? What default filler could be reduced to create space for what actually matters? Share: your one biggest structural change.","Close your eyes. Think of your best, most satisfying recent day. What was its structure — what happened, in what order, with what kind of attention? Now: what would it take to reproduce that structure more often? What specifically would you need to protect?",Write your minimum viable daily structure — the non-negotiable anchors that make a good day possible.,Implement one structural protection this week — block one important daily activity as non-negotiable. Test it for seven days.,Tell one person about your structural change. Ask them to check in on whether you protected it.,Bring back: what happened when you protected your structural time? What became possible?,I design my days around what matters. Structure is how I protect what I'm building.,https://www.youtube.com/watch?v=gTaJhjQHcf8,YouTube: Cal Newport on daily structure and deep work — search 'Cal Newport schedule daily structure' for accessible versions. Runtime ~10–15 min.,"FADE IN: A teen's day — scrolling, reacting, switching, never quite settling. VOICE: 'Two hours passed. They couldn't tell you where.' CUT TO: Same teen — next day, with one structural change. One protected hour of focus. VOICE: 'Same amount of time. One intentional container.' CUT TO: End of that day. A sense of completion. Something built. VOICE: 'Structure doesn't take freedom away. It stops the day from taking it from you.' FADE TO TITLE: Mindcast LIVE.",Many teens resist 'structure' because they associate it with restriction. Reframe explicitly: structure is the container that protects your freedom. The three-category exercise (non-negotiable/valuable/filler) is eye-opening — most teens have not audited where their time actually goes.
34,3,Rebuild,"Rest as a Practice, Not a Reward",Teen,The Recovery Protocol,"Rest isn't what happens after you've earned it. Rest is part of the practice — just as important as effort, study, and creation. This week we rebuild the relationship with rest: what it actually is, why it matters, and why you might be confusing distraction with recovery.",What does rest actually look like for you right now? Be honest. Is it genuine recovery — or is it just different stimulation? What's the difference in how you feel after each?,"Your brain does some of its most important work when you think it's doing nothing. The 'default mode network' — what activates during genuine rest — is where insight happens, connections form, and creative problems solve themselves. When you replace rest with scrolling, you're not recovering — you're just switching inputs.","Ancient cultures all knew this: work and rest are a cycle, not a competition. Every tradition that has produced sustained human excellence has had deliberate rest built in. Not as weakness. As wisdom.","1. The teenage brain is the highest-maintenance brain available — it requires more sleep and more genuine recovery time than the adult brain because it is actively undergoing massive structural reorganisation. Chronic under-rest in teens produces measurable cognitive impairment, emotional dysregulation, and increased risk-taking. | 2. The default mode network — the brain state of genuine rest (not sleep, not stimulation — genuine quiet) — is where insight, creative connection, and unconscious problem-solving happen. Every time you fill potential rest time with stimulation, you deprive the brain of this processing time. | 3. The difference between rest and distraction is physiological: genuine rest (walking in nature, daydreaming, quiet activities) reduces cortisol and activates the parasympathetic system. Distraction (social media, passive video consumption) maintains or increases cortisol and keeps the sympathetic system activated. They feel similar but produce completely different neurochemistry. | 4. Elite performers in every domain — athletes, musicians, creatives, scientists — all have deliberate rest practices built into their routines. Not as recovery from failure. As part of the performance protocol.","REST vs. DISTRACTION AUDIT: For the past week, track every 'rest' period — what you actually did, and how you felt after. Categorise each as: genuine rest (felt genuinely replenishing), distraction (passed time but didn't restore), or productive recovery (served a function but not deeply restorative). What's the ratio? What would genuine rest look like for you specifically — what activities, conditions, duration? Design one genuine rest practice. Share: what rest actually looks like for you when it works.","Five minutes of genuine rest right now — eyes closed or soft gaze, no phone, no agenda. Notice what arises. Thoughts are fine — just let them pass. Notice the gradual settling that occurs when you stop inputting. That settling is the beginning of actual recovery.","Design your personal rest protocol — specific activities, conditions, and frequency — and schedule it for this week as a non-negotiable.","Take one genuine rest break today — not earned, not conditional. Just scheduled. Notice what follows it.",Tell one person about your rest practice. Ask them what rest actually looks like for them — and whether they're getting enough of it.,Bring back: what happened during your genuine rest? What did you notice in the hours after it?,Rest is part of my practice — not a reward for finishing. It's how I sustain everything else.,https://www.youtube.com/watch?v=9y1xyXtYAsg,YouTube: Search 'default mode network rest creativity teen brain' or 'why rest matters neuroscience' for accessible content. Also: Matthew Walker on sleep as the foundation of rest. Runtime ~10–15 min.,"FADE IN: A teen who hasn't genuinely rested in months — always stimulated, always connected, always behind. VOICE: 'Their battery reads 30%. Has for months. They don't know why they're so tired.' CUT TO: Same teen, one evening of genuine rest — walking, daydreaming, genuinely offline. VOICE: 'Nothing productive happened. Except: the system recharged.' CUT TO: Next day. Noticeably different quality of thinking. VOICE: 'Rest isn't lazy. Rest is the protocol.' FADE TO TITLE: Mindcast LIVE.","Many teens are chronically stimulation-saturated and have lost the capacity for genuine rest. The five-minute silence in the session is often profoundly uncomfortable for this age group — honour that, explore it, and use it as evidence for why the practice matters. Frame rest as performance strategy, not indulgence."
35,3,Rebuild,Creativity and Expression,Teen,Making Without Judging,Creativity isn't a talent some people have and others don't. It is a fundamental human capacity — the ability to make something that didn't exist before and express what is true for you. Most people shut it down by making it about evaluation rather than expression. This week we reclaim it.,"What do you make, create, or express — even privately, even badly — just because it feels good? Is there something you used to make that you stopped? What happened?","Making things — writing, drawing, building, composing, photographing, coding, cooking — is one of the deepest human pleasures available. And most people are either doing it to be evaluated, or not doing it at all because they're afraid of being evaluated. This week we separate the making from the evaluating.","There is a version of you that makes things just because they feel true — not for an audience, not for likes, not to prove anything. That version hasn't gone anywhere. It's just waiting for permission to exist without being judged. This week we give that permission.","1. Research on creativity and motivation shows that extrinsic evaluation — doing something to be assessed — significantly reduces creativity and enjoyment compared to intrinsic motivation (doing it because it's meaningful to you). The moment creation becomes performance, something essential leaves it. | 2. Flow research (Csikszentmihalyi) shows that creative absorption is one of the most reliable routes to peak experience — the state of full engagement where time disappears and skill meets challenge. It produces some of the highest wellbeing scores available. | 3. Expressive writing research shows that the act of expression itself — even privately, never read by anyone — produces measurable physical and psychological benefits. The output quality is irrelevant. The act of expression is what matters. | 4. Most creative suppression in adolescence happens for one of three reasons: being evaluated too early, being compared to someone perceived as more talented, or internalising the message that creativity is not practical or important. All three are learnable misbeliefs.","CREATIVE RECLAMATION: Write about: What creative expression feels most alive for you — even if you barely do it? What do you notice you want to make, say, or express that you don't act on? What specifically stops you (evaluation, comparison, time, fear of 'not being good')? Design a private creative practice for this week — something made for nobody but you, not to be evaluated, shared, or judged. Just made. Share: the creative form that feels most alive for you.","Close your eyes. Think of something you genuinely want to make — not because it will be impressive, not for anyone's response. Something true to you. What is it? What would the smallest possible beginning look like? Now: do you need anything but willingness to begin? Start before the session is over.","Begin something creative this week — private, judgment-free, just for you. 10 minutes minimum. No evaluation.",Tell one person about a creative impulse you've been suppressing. Notice what happens when you claim it aloud.,Bring back: what did you make? And how did the MAKING feel — regardless of the output?,I make things because expression is part of being alive. The making is the point.,https://www.youtube.com/watch?v=iG9CE55wbtY,https://www.youtube.com/watch?v=WPPPFqsECz0,A TED Talk exploring the nature of creative genius and why making without judging is the key to authentic creative expression. Runtime ~19 min.,"FADE IN: A teen alone in their room with a closed sketchbook. They open it, look at a blank page — close it again. VOICE: 'When did creativity stop being something you did for you — and start being something you judged?' CUT TO: Same teen at a different age — younger, covered in paint, building a fort out of cushions. Pure joy. VOICE: 'That version of you didn't care if it was good. They just wanted to make something.' CUT TO: The teen now — picking up a pen. Hesitating. Starting. A line appears. Another. VOICE: 'This isn't about being an artist. It's about restoring a channel that got blocked somewhere along the way. Make badly. Make weirdly. Make freely.' FADE TO TITLE: Mindcast LIVE — Making Without Judging.",Creative sessions need practical time — have materials ready. Use the 'bad art' warm-up: draw the worst picture you can in 60 seconds to break the perfection barrier. No phones. No judgment. Discussion prompts: What did you love making as a child? When did you stop?
36,3,Rebuild,Purpose — What You're Here For,Teen,Finding the Direction,"Purpose isn't a big dramatic declaration about your future career. It's a direction — the sense that what you're doing matters, connects to something bigger than just you, and expresses something genuine about who you are. This week we find that direction — not as a final answer, but as a starting orientation.",What makes you lose track of time? What problems or injustices genuinely bother you — that you find yourself wanting to do something about? What comes so naturally to you that you forget other people might find it difficult? Those three questions are the beginning of purpose.,"Purpose doesn't mean you've figured out your whole life. It means you know what generally pulls you forward — what kind of contribution feels most like you, what problems you find yourself caring about, what activities make time disappear. That's enough to orient from. That's what today is about.","There's an old Japanese concept called ikigai — which roughly means 'reason for being.' It's not about having everything figured out. It's about finding the space where what you love, what you're good at, and what the world needs overlap. Today we map that space.","1. Research on adolescent purpose (William Damon, Stanford) shows that teens with a clear sense of purpose — even a tentative direction — have significantly better mental health, greater resilience, higher academic engagement, and more positive long-term outcomes than those without one. | 2. Purpose in adolescence doesn't require certainty about a career or life path. It requires two things: something that matters beyond yourself, and active engagement with it. Even a small, current contribution counts. | 3. The ikigai framework: what you love + what you're good at + what the world needs + what sustains you. Purpose lives at the intersection. For teens, the 'what sustains you' piece is less important — lean into the first three. | 4. Purpose is not passive — it generates motivation, persistence through difficulty, and the specific resilience that comes from knowing why you're doing something. It is one of the most powerful anti-anxiety and anti-depression factors available.","PURPOSE MAPPING: In your journal, work through three circles: 1. What I love — activities that make time disappear, things I could do or talk about for hours. 2. What I'm good at — what comes naturally, what others come to me for. 3. What I care about in the world — problems that bother me, things I wish were different. Now: where do these overlap? What sits at the centre — even imperfectly? That's your current purpose direction. Share: your three circles and the approximate overlap.","Close your eyes. Think of a time when you were doing something that felt genuinely meaningful — not just fun or easy, but meaningful. What were you doing? Who were you contributing to? What was being made or changed? Notice the specific quality of that moment. That quality is a signal of your purpose direction.","Write your current purpose orientation as: 'I am here to contribute...' — not as a final answer, but as an honest starting point.",Make one choice today from your purpose orientation — one small act that aligns with your direction.,Share your purpose direction with one trusted person. Ask them: 'What do you think I'm naturally here to contribute?' Listen to their answer.,Bring back: what happened when you acted from your purpose direction this week?,"I have a direction that is genuinely mine. And from that direction, I contribute something the world needs.",https://www.youtube.com/watch?v=fLJsdqxnZb0,YouTube: 'How to Find Work You Love' by Scott Dinsmore — highly accessible and directly relevant for teens. Runtime ~18 min. Also: search 'ikigai explained teen' for shorter animated versions.,"FADE IN: Three overlapping circles on a page — LOVE, GOOD AT, CARE ABOUT. VOICE: 'Purpose isn't a destination. It's the space where these three things overlap.' CUT TO: Teen working through their three circles. Not easy — but honest. VOICE: 'You don't need the whole picture. You just need enough of it to know which direction to face.' CUT TO: Teen making one small purposeful choice. VOICE: 'That direction. One step in it. That is enough to begin.' FADE TO TITLE: Mindcast LIVE.",Avoid framing purpose as career planning — this shuts down genuine exploration. Frame it as direction and contribution. Some teens will find clear overlaps immediately; others will need more time. Both are appropriate. The key takeaway: having any direction matters more than having the perfect answer.
37,3,Rebuild,"Money, Abundance and Your Relationship With Resources",Teen,What You've Inherited About Resources,"Money is one of the most loaded, confusing, and rarely discussed topics in most families — which means most of us have absorbed a lot of stories about it without ever examining them. This week we look at what you've inherited about money and resources, and begin to build a healthier relationship with it.","What were you taught — explicitly or by osmosis — about money growing up? Was it talked about openly or in hushed tones? Was there enough of it, or chronic worry? What did you learn about whether people like you had it?","Most people's relationship with money runs on autopilot — scripts absorbed from family, culture, and experience, never examined. This week we examine them. Not to give financial advice — but to look at the beliefs running beneath the choices.","There's an old idea: 'The way you do anything is the way you do everything.' Your relationship with money is a mirror of your relationship with abundance, scarcity, worthiness, and what you believe you deserve. Today we look in that mirror.","1. 'Money scripts' — deep inherited beliefs about money — begin forming in early childhood through family observation and absorbed messages. Research shows they predict adult financial behaviour more strongly than actual financial knowledge. | 2. The four common money scripts: avoidance (money is bad or corrupting), worship (more money will fix everything), status (worth equals financial worth), vigilance (constant financial anxiety). Most people have a primary script running beneath their conscious decisions. | 3. Research on teens and financial literacy shows that emotional relationship with money is a stronger predictor of adult financial behaviour than financial knowledge or education. Knowing what to do matters less than how money feels. | 4. Values-aligned spending — using money in ways that reflect explicit values — produces significantly more wellbeing than status-driven or habit-driven spending. The question is not how much you have but whether it's going where you actually want it to go.","MONEY STORY AUDIT: In your journal: What is the dominant financial story from your family? What did money represent — security, status, shame, freedom, conflict? What do you currently believe about whether you deserve financial abundance? What is your default money script? Where does it help you — and where does it limit you? What would a healthy, values-aligned relationship with money look like for you? Share: one thing you've inherited about money that you want to examine.","Close your eyes. Imagine yourself with a genuinely healthy relationship with money — not rich, not poor, just in right relationship. What does that feel like? How do you make decisions? What does money get used for? What anxieties are absent? That orientation is the goal — not a specific number.","Write your values-aligned financial orientation: 'Money in my life is for...' and 'I want to relate to resources by...' Keep it about values and relationship, not amounts.",Make one resource decision this week that is deliberately aligned with your values rather than habit or anxiety.,Share one thing you've inherited about money with one trusted person. Just naming it out loud changes its power.,Bring back: what came up when you examined your money story? What surprised you?,My relationship with money is mine to build. I use resources in alignment with what I genuinely value.,https://www.youtube.com/watch?v=8gxNHkQBkF8,YouTube: Search 'money psychology teens inherited beliefs' or 'behavioural economics money explained teen' for accessible content. Also: search 'money and happiness research' for the wellbeing dimension. Runtime ~10–15 min.,"FADE IN: Three teens with very different financial backgrounds — all making a similar decision, but from completely different internal frameworks. VOICE: 'Same decision. Three completely different stories running underneath it.' CUT TO: Each teen briefly reflecting on where their financial beliefs come from. VOICE: 'The story isn't the money. The story is about what money means — and that story was given to you before you could question it.' CUT TO: Teen beginning to question it. VOICE: 'That questioning is where a healthier relationship begins.' FADE TO TITLE: Mindcast LIVE.","Be sensitive to the very wide range of financial circumstances in the room. Keep the focus entirely on the psychological relationship, not financial outcomes or status. For any teen experiencing genuine financial hardship, have referral resources available (school counsellor, social services)."
38,3,Rebuild,The Community You Build,Teen,Building Real Connection,"Humans are social animals — we are literally designed for community. The quality of your connections isn't a nice extra to sort out later. It's one of the foundations of everything: your mental health, your resilience, your ability to grow. This week we get intentional about building the community you actually want.","Think about your social life honestly: do you have people who genuinely know you — not your performance, but the real you? People who you can be honest with, who challenge you to be better, and who you feel safe being imperfect with? How many? And is that enough?",You can have hundreds of followers and feel completely alone. You can be at a party of fifty people and feel like nobody knows you. Real community isn't numbers — it's quality of knowing and being known. This week we look at what real community actually requires — and how to build it.,"The most important thing the research on human happiness has found is this: the quality of your relationships is the single strongest predictor of how happy and healthy you'll be. Not your grades, not your future career, not your success. Your relationships. That's worth building deliberately.","1. Research from the Harvard Study of Adult Development (ongoing for 80+ years) is unambiguous: relationship quality is the strongest predictor of health, happiness, and longevity. Not achievement, not wealth — relationships. | 2. There is a difference between social contact (being around people) and genuine belonging (being known and valued). Research shows that social contact without belonging can actually increase loneliness. The quality of connection matters far more than the quantity. | 3. Loneliness in adolescence is at historically high levels, despite record social connectivity. This is the paradox of digital connection: more contact, less belonging. The solution is not more connections but deeper ones. | 4. Community is not found — it is built, through consistent presence, honest sharing, genuine interest in others, and the willingness to be vulnerable enough to be known.","COMMUNITY MAP: Draw a map of your social world. At the centre: you. Around you in concentric circles: people you feel most genuinely known by (inner circle), people you're connected to but not deeply known (middle circle), people you'd like to know better (outer circle). Now: is your inner circle large enough? What would it take to grow it? Who in your outer circle would you like to move closer? Share: one person you want to invest in more — and one step you'll take.","Close your eyes. Think of the person in your life who most genuinely knows you — who you don't perform for, who sees you clearly and still shows up. How much do you invest in that relationship? What would you want to say to them that you haven't said? Now: what would it look like to build more relationships with that quality?","Write about the community you are building — the quality of connection you want, what you're willing to offer, and the kind of relationships you're actively cultivating.",Reach out to one person in your outer circle this week — move them a step closer. Or invest more deeply in your inner circle.,Tell one person in your inner circle something specific about what they mean to you. Be genuine.,Bring back: what happened when you invested in a real connection this week?,"I build real community — people who know me, who I know, and who we grow together with.",https://www.youtube.com/watch?v=q4g_cxMWnMg,"YouTube: Robert Waldinger 'What Makes a Good Life?' — the Harvard Study findings, completely accessible for teens. One of the most important talks of the year. Runtime ~13 min.","FADE IN: A teen surrounded by people, phone buzzing, constantly connected. Face slightly blank. VOICE: 'More connected than any generation in history. And one of the loneliest.' CUT TO: Same teen, with one person, genuinely present. Phone away. Real conversation. Something alive in both of them. VOICE: 'This. This is what the research is pointing at.' CUT TO: That conversation growing. Gradually. A real community forming, one genuine connection at a time. VOICE: 'You don't find this. You build it.' FADE TO TITLE: Mindcast LIVE.","The loneliness paradox (more connected, less belonging) resonates deeply with teens. Validate the experience without amplifying it. The community map activity creates a genuinely useful visual of where to invest. Celebrate the community already present in the room — 38 weeks of this group is the concrete example."
39,3,Rebuild,Integration — Who You Are Becoming,Teen,What Has Been Built,"Thirteen weeks of rebuilding. Today we close Phase 3 by naming what has actually been built — not what you've fixed or resolved, but what is genuinely present now that wasn't before. And we step toward Phase 4 with something real to bring.","What is the most significant thing you have built in Phase 3 — not achieved or accomplished, but genuinely built in yourself? Something that feels more truly yours than it did 13 weeks ago?",You've spent 39 weeks on a serious inner journey. Phase 1 — seeing. Phase 2 — releasing. Phase 3 — building. Today we acknowledge what the building has actually produced — and what you're carrying into the final phase: actually living it.,"The foundation is laid. Not perfect — laid. And the most important thing about a foundation is not that it's complete. It's that it's genuinely there, genuinely yours, and genuinely strong enough to build on.","1. The work of Phase 3 — explicitly building identity, naming values, planting habits, investing in community — is the developmental work psychologists associate with genuine psychological maturity. Not perfection. Maturity: the capacity to act from explicit values rather than automatic patterns. | 2. Habits planted in Phase 3 will compound if consistently practised. The research on habit formation shows that 66 days of consistent practice is when automaticity begins. You are within reach of that threshold. | 3. The move into Phase 4 is the natural expression of what has been built: not self-development as an end in itself, but as the foundation of genuine contribution. The work has always been heading here. | 4. What you carry into Phase 4 is yours — built through honest work, held through genuine community, expressed through values you actually chose. That belongs to nobody but you.",PHASE 3 LETTER: Write a letter to the version of you who began Phase 3 — thirteen weeks ago. What do you want them to know about what was built? What are you proud of that they couldn't yet see? What are you walking into Phase 4 with? Share one line — if you're willing. It is witnessed by everyone here.,Close your eyes. Feel the difference between Week 27 you and today. Not dramatic — genuine. Things present that weren't before. Habits forming. Values clearer. More yourself. Place your hand on your heart. Acknowledge: you did this work. Genuinely. That's yours.,Write three things you have built in Phase 3. Then write: 'I am bringing this into Phase 4: ...',"Live from one thing you built in Phase 3 today — one intentional expression of the identity, values, or habit you've been constructing.",Tell someone who has witnessed your journey: 'Something I've genuinely built this phase is...' Own it.,Come back ready to share: what are you bringing into Phase 4?,I have built something real. I arrive at Phase 4 ready to live from it — and offer it.,https://www.youtube.com/watch?v=jqONINYF17M,YouTube: Carol Dweck 'The Power of Believing That You Can Improve' — the perfect bridge between building and contributing. Runtime ~10 min.,"FADE IN: Same teen from Week 27. Externally not dramatically different. But something essential has shifted — in posture, in presence, in the quality of how they're inhabiting themselves. VOICE: 'Nobody looking at them would necessarily see it. But it's there.' CUT TO: Teen writing their Phase 3 letter. What was built. What is now real. VOICE: 'Not perfect. Built. And building.' CUT TO: Teen looking forward — toward Phase 4. Something about the quality of their readiness. VOICE: 'The work was never just for you. It was always heading somewhere. Toward something you can give.' FADE TO TITLE: Mindcast LIVE — Phase 4: Live It.",Give genuine ceremony to this closing — this is the third threshold and the community has now been together for 39 weeks. The letters read aloud are powerful. The acknowledgment that Phase 4 is about contribution and outward expression generates real excitement. Honour everything that has been built.
40,4,Live It,From Self-Development to Service,Teen,Pointing the Torch Outward,"You've spent almost a year doing serious inner work — seeing yourself clearly, releasing old patterns, building something real. Phase 4 is the turn outward: taking what you've built and offering it to the people around you. Not because you should. Because you genuinely have something to give now.",What is one thing you've learned about yourself or life this year that you wish someone had told you earlier? Who around you could use that knowledge right now?,"There's a version of self-development that just keeps going inward forever — endlessly improving, endlessly self-focused. That's not what this has been. This year has been preparation for something: showing up in the world as a more genuine, more capable, more caring version of yourself. Phase 4 is that showing up.",There's an old idea: you cannot carry a torch for yourself alone. Light is most itself when it illuminates something. The work of this year has lit something in you. Phase 4 is pointing it outward.,"1. Research on adolescent purpose (William Damon) shows that teens who have a sense of contributing to something beyond themselves show significantly better mental health, greater resilience, and higher life satisfaction — not in the future, but now. Service is not a delayed reward. It changes you today. | 2. The 'helper's high' is real — research shows that acts of genuine service produce the same neurochemical reward as receiving help. Your brain is literally designed to find giving meaningful. | 3. The turn from self-development to service doesn't mean you stop growing. It means your growth starts to include others. Research on compassion and empathy shows these qualities continue to develop most rapidly when they are actively practiced in real relationships. | 4. Service from teens is not charity — it is presence, honesty, willingness to share what you've learned, showing up for someone who needs what you have. It requires no grand gesture. It requires genuine attention.","SERVICE INVENTORY: What has this year given you? List the insights, capacities, and qualities you've genuinely developed. For each: who in your life could benefit from this? What specific form would giving it take — a conversation, showing up differently, sharing something you've learned, being present in a new way? What is the smallest, most genuine act of service you could offer this week? Share: one thing you've grown that you want to give.",Close your eyes. Think of someone you care about who is struggling with something you've been through this year. Not to fix them — but to be genuinely present. To share honestly. To offer what you have without needing anything back. What would you say? What would you offer? That impulse is exactly right. Phase 4 is living from it.,Write a note to someone in your life about something you've learned this year that you think would help them. You don't have to send it — but write it as if you will.,Do one thing today that gives something you've genuinely built this year to someone who could use it.,Tell one person about something from your inner work this year that you want to share. Then share it.,Bring back: what happened when you offered something outward? How did it feel to give from fullness rather than obligation?,"I have something real to give now. I turn toward others — freely, genuinely, from everything this year has built.",https://www.youtube.com/watch?v=lmyZMtPVodo,YouTube: Search 'teen service and wellbeing research' or 'why helping others makes you happier science' for accessible evidence-based content. Runtime ~10 min.,"FADE IN: A teen, looking inward — journalling, reflecting, building. VOICE: 'Forty weeks of turning toward yourself.' CUT TO: Same teen, now looking up. Outward. Toward someone who needs what they have. VOICE: 'Now the turn.' CUT TO: A small, genuine moment of giving — not performed, not grand. Real. VOICE: 'This is what the year was for.' FADE TO TITLE: Mindcast LIVE.","The turn to service can feel abstract for teens — make it immediate and specific. 'Who in your life needs what you've learned?' is the right question. Avoid framing this as volunteering or grand altruism — the most powerful service teens offer is presence, honesty, and willingness to share their genuine experience with peers."
41,4,Live It,Teaching What You've Learned,Teen,Learning by Giving It Away,"The best way to test whether you actually understand something is to try to explain it to someone else. If you can teach it clearly, you genuinely know it. If you get stuck, you've found where you still have learning to do. This week we teach — and discover what we actually know.","What is the most important thing you've learned this year? Write it down right now — the core of it, in one or two sentences. Now: is it actually clear? Could someone who doesn't know you understand it from what you've written?","Think of someone in your life who would genuinely benefit from one thing you've learned this year. Now try to explain it to them — simply, honestly, from your own experience. What happens? That's the test of real understanding.","There's an old saying: to teach is to learn twice. When you put something into words for another person, you have to understand it well enough to make it clear to someone who doesn't yet. That process deepens your own understanding more than any amount of studying alone.","1. The protégé effect: students who are asked to teach material to others outperform students who study for their own tests — even when the teaching is only preparation, not actual delivery. The act of preparing to explain something deepens understanding more than review. | 2. The Feynman Technique: if you can't explain something simply, you don't fully understand it yet. Where your explanation gets complicated or vague, that's where the real learning still needs to happen. | 3. Research on peer learning shows that teens who share insights with peers retain them significantly longer than those who only receive instruction. Your understanding becomes more yours when you give it away. | 4. Teaching from experience is qualitatively different from teaching from theory. The most powerful teaching comes from 'this is what happened to me and what I learned' — not 'here is what the research says.' You have the first kind. It is valuable.","TEACH IT: Choose one insight from this year. Write it in two versions: Version 1 — explain it as if to your best friend (conversational, honest, from your own experience). Version 2 — explain it as if to a younger kid who's going through something you've been through. Notice where it's easy and where you get stuck. The stuck places are the learning edges. Share: your Version 1 explanation — and one place it got stuck.","Close your eyes. Think of a younger person — maybe a sibling, a younger friend, or your past self — who is going through something you've learned about this year. What would be most useful for them to hear? Not advice — just your honest experience. What do you genuinely know that they genuinely need? That is your teaching. It doesn't need a classroom.","Write a 'what I know now' letter — one page, honest, from your own experience this year. Keep it. It will matter to someone someday.","Share one thing you've learned with one person today. From your experience, not from a textbook. Notice what lands.",Ask a younger person or a peer: 'Can I share something I've been learning this year?' Then share it. Notice their response.,Bring back: what did you discover about your own understanding when you tried to teach it?,I know this year's work fully enough to give it away. Teaching is how I complete the learning.,https://www.youtube.com/watch?v=FLbqzbAaEiI,YouTube: Search 'Feynman technique explained simply' or 'learning by teaching protégé effect teen' for accessible content. Runtime ~8–10 min.,"FADE IN: A teen trying to explain something they've learned — to a friend, a sibling, a younger kid. It's not perfect. They stumble a bit. VOICE: 'That stumble? That's the learning edge.' CUT TO: Teen returning to their journal, filling the gap. VOICE: 'You thought you knew it until you tried to give it away.' CUT TO: Second attempt — clearer. Something clicking for both people. VOICE: 'That click. That's what real understanding sounds like.' FADE TO TITLE: Mindcast LIVE.",Build in time in the session for actual peer explanation attempts — not just writing. The experience of explaining something to another person in the room and feeling where it lands and where it doesn't is irreplaceable. Celebrate the stumbles as much as the clarity.
42,4,Live It,The Courage to Be Seen,Teen,Closing the Gap,"All this inner work — all the honesty and growth and becoming — only matters when it shows up in how you actually live. Phase 4 is about the courage to be genuinely seen: to show up as who you've actually become, not the managed version, not the performance. Today we practise that.",Think of the gap between who you are privately — who you know yourself to be from this year's work — and who you present publicly in your main social group. How big is that gap? What are you hiding or managing?,There's a difference between knowing who you are and actually showing up as that person in front of others. Most people do the first but not the second — they know themselves privately but perform something different publicly. Phase 4 is closing that gap.,Here's the thing about being seen: you cannot be genuinely connected to people who only know your performance. Genuine connection requires genuine presence. And genuine presence requires courage. The courage to let people see who you actually are.,"1. Research on authenticity and belonging consistently shows that the experience of genuine belonging — as distinct from fitting in — requires being genuinely seen. You can fit in by performing. You can only belong by being real. | 2. The paradox of social performance: most people manage their presentation to be accepted, but managed presentation actually reduces the quality of connection, which reduces the sense of belonging, which increases anxiety. The solution is the opposite of what the brain suggests — less management, not more. | 3. Research on adolescent identity development shows that teens who develop the capacity for authentic self-presentation (not over-disclosure — genuine, age-appropriate realness) in their peer relationships report significantly better friendship quality and lower social anxiety. | 4. Visibility discomfort — the uncomfortable feeling of being genuinely seen — is real and normal. It is not a sign that something is wrong. It is the sign that something genuine is happening. The practice is tolerating that discomfort long enough for connection to form.",VISIBILITY AUDIT: In which relationships are you most genuinely yourself? In which are you most performing? What specifically are you hiding in the performing relationships — and why? What is the cost of maintaining the performance? What would one step toward genuine visibility look like in your most performing relationship? Share: one thing you want to stop hiding.,Close your eyes. Think of your main social group. Now imagine showing up to it next time as the most genuine version of yourself — the version that's been developing all year. Not over-sharing. Just real. How does that feel? What would be different? What would stop? What might start? The discomfort of imagining that is exactly the discomfort this session is addressing.,Write: 'What I want people to actually know about me is...' and 'What I'm ready to stop hiding is...' You don't have to share this — but write it as a genuine statement.,"In one interaction today, drop one managed performance. Let something real show. Notice what happens.",Tell one trusted person something genuine about yourself that you usually manage or hide. Notice their response.,Bring back: what happened when you let yourself be a little more genuinely seen?,I show up as who I actually am. That is the only way to be genuinely connected.,https://www.youtube.com/watch?v=iCvmsMzlF7o,Brené Brown on vulnerability and genuine connection — directly relevant to closing the gap between who you present and who you are. Runtime ~20 min.,"FADE IN: A teen in their friend group — present, funny, engaged, managed. VOICE: 'Everyone likes them. Nobody really knows them.' CUT TO: One moment of genuine realness — something unplanned, unrehearsed. VOICE: 'There it is. That's the thing that connects.' CUT TO: A friend responding — actually seeing them. Something genuine between them. VOICE: 'You can fit in as a performance. But you can only belong as yourself.' FADE TO TITLE: Mindcast LIVE.",The belonging vs. fitting in distinction (Brené Brown) is one of the most resonant concepts for this age group — name it explicitly. The gap between private self and public self is often largest in adolescence. Validate the difficulty while reinforcing the reward: genuine connection is only possible through genuine presence.
43,4,Live It,Living Your Values Under Pressure,Teen,The Pressure Test,"Values are easy when everything is fine. The real test is whether they hold when something costs you — when your friends expect something different, when it's easier to compromise, when the pressure to go along is strong. This week we practise holding our values when it actually matters.","Think of a time this year when you compromised something you said mattered to you — when you went along with something that felt wrong, or didn't speak up when you should have. What happened? What made it hard to hold?",You've named your values. You've built habits around them. Now we find out whether they hold when life turns up the pressure. Not because you'll always succeed — but because the practice of returning to your values under pressure is how they become genuinely yours.,Here's the truth about values: everyone has them in good times. The people who genuinely live their values are the ones who practise holding them when it's uncomfortable. Not perfectly. Just consistently. That consistency is what builds real character.,"1. Research on adolescent peer pressure shows that the strongest predictor of values-aligned behaviour under social pressure is not strength of conviction — it is pre-decision. Teens who have specifically thought through what they will do in a given scenario before it occurs act more consistently with their values than those who decide in the moment. | 2. The brain's social evaluation system is particularly active in adolescence — social approval genuinely activates reward pathways and social disapproval activates threat pathways. This is why peer pressure feels so powerful: it is literally registering as a threat in your nervous system. Knowing this doesn't remove the pressure — but it contextualises it. | 3. Values under pressure reveal the difference between adopted values (what you say) and owned values (what you actually live from). The gap is normal and narrowed through practice, not through willpower. | 4. Research on moral identity shows that teens who explicitly connect their values to their identity ('I am someone who is honest') are significantly more likely to act consistently with those values under pressure than teens who hold the same values less explicitly.","PRESSURE SCENARIOS: For each of your top three values, write: One recent moment you held this value under pressure — what happened? One recent moment you compromised it — what happened honestly? One likely upcoming scenario where this value will be tested. Pre-decide now: what will you specifically do or say? Make it concrete. Share: one pre-decision you've made for an upcoming pressure test.","Close your eyes. Think of an upcoming situation where one of your values will be under pressure — a social moment, a decision, a conversation. See it clearly. Now pre-decide: what will you do? Specifically. Not vaguely — specifically. The pre-decision is your practice. When the moment comes, you will have already made this choice.",Write your pre-decisions for your top three values under their most likely pressure scenarios. Keep it somewhere you'll see it.,"Today, notice once when a value is under even mild pressure. Hold it — even imperfectly. Notice what it feels like to choose it anyway.",Tell one trusted person one of your pre-decisions. Ask them to hold you to it.,Bring back: did a value come under pressure this week? What happened? Did having pre-decided help?,My values are mine — I hold them under pressure. Not perfectly. Consistently.,https://www.youtube.com/watch?v=jHeeHg_MXNE,YouTube: Search 'peer pressure and values teen psychology research' or 'standing up for your values under pressure' for accessible content. Runtime ~10–15 min.,"FADE IN: A teen in a social moment — pressure to compromise something they've said matters. The easier path visible. The harder one visible too. VOICE: 'This is the test. Not whether you have the value. Whether you hold it when it costs something.' CUT TO: Teen pausing. Remembering something they pre-decided. VOICE: 'They already made this choice. Not now — earlier. When there was no pressure.' CUT TO: Teen holding the value. Not perfectly. But choosing it. VOICE: 'That choice is the practice. Do it enough, and it becomes who you are.' FADE TO TITLE: Mindcast LIVE.",The pre-decision technique is essential to teach explicitly — many teens have never heard of it. The neuroscience of peer pressure (social threat system) is important to name because it de-shames the difficulty. This session should reference Week 28 values explicitly.
44,4,Live It,Conflict as a Growth Practice,Teen,"Needs, Not Positions","Most people treat conflict as something to avoid or win. Both miss the point. Conflict — handled honestly — is one of the fastest routes to genuine understanding, better relationships, and knowing yourself more clearly. This week we learn how to actually engage conflict rather than manage around it.","Think of a current conflict or tension in your life — with a friend, family member, anyone. What are you arguing about at the surface level? Now go deeper: what do you actually need that you're not getting? What do you think they need?",Think of a conflict as a question: 'What need of yours and mine is not being met here?' That reframe changes everything. You stop trying to win and start trying to understand. And understanding — it turns out — is usually what was needed all along.,"There is an ancient practice: before you argue about what you want, name what you need. Not the position — the underlying need. When two people can hear each other's needs — really hear them — most conflicts turn out to be much more solvable than they looked.","1. Most conflicts get stuck at the level of positions (what each person wants) rather than needs (what each person actually requires). Research on negotiation (Fisher and Ury, 'Getting to Yes') shows that nearly all stuck conflicts become solvable when both parties can articulate underlying needs rather than fixed positions. | 2. The NVC framework (observation, feeling, need, request) provides a practical structure for conflict that research shows produces significantly better outcomes than unstructured argument. The key step is distinguishing feelings from interpretations — 'I feel dismissed' is an interpretation; 'I feel hurt' is a feeling. | 3. Adolescent conflict is particularly driven by unmet needs for autonomy, respect, and belonging. When these needs are named explicitly rather than acted out through behaviour, they become much more possible to address. | 4. Research on 'repair attempts' in relationships (Gottman) shows that the most important predictor of relationship health is not the absence of conflict but the ability to repair after conflict — to acknowledge, take responsibility, and reconnect. This is a learnable skill.","CONFLICT REFRAME: Think of a current conflict. Write: What is the surface argument — what are you fighting about? What do you actually NEED underneath the argument — autonomy, respect, to be heard, safety, fairness? What do you think THEY need underneath it? Now: is there any way both needs could be met — not perfectly, but genuinely? Write a request (specific, actionable, positive — 'I need you to...' not 'stop doing...'). Share: the need underneath your position — not the conflict details.","Close your eyes. Think of the person you're in conflict with. Instead of seeing them as an obstacle — see them as someone with an unmet need who is doing their best to meet it, badly. What need might they be trying to protect? Does seeing that change anything? You don't have to excuse their behaviour. But understanding their need changes the conversation you have.","Write the conversation you want to have — starting with your need, not your position. What would change if you began there?","In one difficult interaction today, try naming what you actually need rather than what you want the other person to do. Notice what changes.",Have one difficult conversation you've been avoiding. Start with your need. See what happens.,Bring back: what happened when you named the need instead of the position?,"I bring my genuine self to conflict — with honesty, with curiosity, and with care for both our needs.",https://www.youtube.com/watch?v=l7ToNudVd2I,YouTube: Search 'Nonviolent Communication explained simply teen' or 'how to handle conflict constructively teen psychology' for accessible content. Runtime ~10–15 min.,"FADE IN: Two teens in a conflict — positions hardened, nobody moving. VOICE: 'They're fighting about what they want. Not about what they need.' CUT TO: One teen trying something different: 'What I actually need is...' VOICE: 'That's the shift. Needs, not positions.' CUT TO: The other teen pausing. Genuinely hearing something. VOICE: 'Most conflicts aren't as unsolvable as they look. They're just named at the wrong level.' FADE TO TITLE: Mindcast LIVE.","The needs vs. positions reframe is genuinely transformative for teens — many have never had this framework. The exercise of identifying your own need and guessing the other person's need is powerful done in pairs. Acknowledge that not all conflicts resolve — some needs are genuinely incompatible. The goal is honest engagement, not guaranteed resolution."
45,4,Live It,Generosity as a Way of Being,Teen,Open Hands,"Generosity isn't about grand gestures or having a lot to give. It is a way of being in the world — of arriving at every encounter asking 'what can I offer?' rather than 'what will I get?' It's one of the most powerful orientations available. And research shows it makes the generous person happier, not just the recipient.","On a normal day, what percentage of your interactions are 'what can I get?' and what percentage are 'what can I give?' Be honest — not what you aspire to, but what you actually notice.","There's a paradox in the research: the people who give most freely — not out of obligation, but from genuine care — turn out to be the most successful, the most connected, and the most satisfied. Not despite their generosity. Because of it.","An open hand can give AND receive. A closed fist can do neither. Generosity is the practice of keeping your hands open — not because you have unlimited resources, but because openness is a better orientation than protection.","1. Research by Adam Grant categorises people as givers (contribute freely), takers (extract more than they give), and matchers (reciprocate carefully). In almost every domain, long-term givers outperform takers and matchers — in relationships, creativity, and even career outcomes. The key: givers who maintain healthy boundaries (otherish givers) dramatically outperform self-sacrificing givers. | 2. The neuroscience of giving: generous acts activate the same reward pathways as receiving — sometimes more strongly. Research consistently shows that spending on others produces more happiness than spending on yourself, even when the amounts are identical. | 3. Adolescent generosity often manifests as presence and attention — the most powerful gifts available to teens are: genuine listening, honest encouragement, showing up, and sharing their authentic experience. None of these require money. | 4. The distinction between generous and self-erasing: generous is giving from fullness, with awareness of your own needs. Self-erasing is giving from depletion or fear. Phase 2 Week 19 was about this distinction. Phase 4 builds from it.","GENEROSITY INVENTORY: In what ways are you already generous — with time, attention, honesty, encouragement, skills? What has this generosity cost you? In what ways are you habitually withholding — and what is driving that withholding? Design one deliberate act of generosity this week that costs you something real and is given freely, without expectation. Share: one form of generosity you're committing to practise.",Close your eyes. Think of the most generous person in your life — someone whose generosity you've genuinely felt. What is the quality of it? How do you feel around them? What would it be like to have that quality as your default orientation? What would change in how you show up?,"Write your generosity commitment — not a list of acts, but a description of the quality of presence you want to practise.","Make one genuinely generous act today — something that costs you real time or attention, given freely.",Tell one person something specific and genuine that you appreciate about them. Give it as a genuine gift.,Bring back: what happened when you gave generously? What did you notice?,I give freely from what I've built. Generosity is my way of being in the world.,https://www.youtube.com/watch?v=M7SBFnFvPeY,"YouTube: 'Are You a Giver or a Taker?' by Adam Grant — accessible, evidence-based, highly engaging for teens. Runtime ~13 min.",FADE IN: Two teens — one arriving at every interaction asking 'what will I get?' The other arriving asking 'what can I offer?' Follow both through a day. VOICE: 'Same world. Different orientation.' CUT TO: End of the day. The giver surrounded by genuine connection. VOICE: 'Generosity is not what you lose. It is what you multiply.' FADE TO TITLE: Mindcast LIVE.,"The Adam Grant research genuinely shifts perspectives — share it clearly. The distinction between otherish giving and self-erasing matters particularly for teens who have people-pleasing patterns. The forms of generosity available to teens (presence, honesty, encouragement, showing up) should be named explicitly and celebrated."
46,4,Live It,Enough — Living From Sufficiency,Teen,Starting From Here,"There is always going to be someone with more followers, better grades, more opportunities, a better body, more popularity. The 'more' game never ends. This week we practise something radical: deciding that what you have right now is enough to start from. Not to stop growing — but to stop waiting.","What condition are you waiting for before you'll feel like you have enough — enough confidence, enough success, enough followers, enough of whatever it is? Now honestly: will that condition, when met, actually feel like enough? Or will the threshold move?","Sufficiency is not settling. It is recognising that you don't need the perfect conditions to begin living fully. You have what you need right now — not everything you want, but enough to start. That recognition changes everything about how you move through the day.",There's an old idea: 'Enough is a feast.' Not in the sense of having everything — in the sense of being fully present to what is already here. Today we practise that presence.,"1. Research on the 'arrival fallacy' (Tal Ben-Shahar) shows that the anticipated happiness of reaching a goal almost always fails to materialise as expected — because the brain rapidly adapts to new circumstances and immediately begins comparing to the next threshold. The threshold always moves. This is not a flaw. It is how the brain works. But it means the strategy of 'when I have enough, I'll be happy' structurally cannot work. | 2. The practice of sufficiency is not about lowering ambition. Research shows that people with genuinely high life satisfaction AND high achievement share one common quality: they can be fully present in their current circumstances while still working toward future goals. Present and ambitious. Not either/or. | 3. Gratitude practice research demonstrates that deliberately noticing what is already present and valuable produces more durable wellbeing improvements than achieving new goals. The brain can be trained to recognise what is already enough. | 4. Social comparison (Weeks 5 and 6) and scarcity thinking (Week 20 and 46) are directly connected: the comparison loop is fuelled by not-enough thinking. Sufficiency practice is one of the most direct antidotes to the comparison loop.",ENOUGH AUDIT: Write honestly: What conditions are you waiting for before you feel like you have enough? For each condition: Is the threshold fixed — or will it move when you meet it? What would you do differently today if you genuinely believed you already had enough to start? Design one daily sufficiency practice — one specific moment where you deliberately notice what is already enough. Share: one thing that is genuinely enough that you've been treating as insufficient.,"Close your eyes. Right now, in this room. This year of work. This version of yourself — more aware, more honest, more genuinely yourself than you were. This community. This moment. For one minute: this is enough to begin from. Not to stop. Just enough to begin. Notice what opens when you believe that.","Write your personal sufficiency statement. One sentence. Honest, specific, yours. Say it to yourself when you wake up for the next seven days.",Say your sufficiency statement tomorrow morning. Notice what it does to the start of the day.,"Tell one person one genuine thing you recognise as enough — not a gratitude performance, but a real acknowledgment.",Bring back: what happened when you practised the sufficiency statement for one week?,I have enough to begin from. I stop waiting and start living from what is already here.,https://www.youtube.com/watch?v=oHGKTZSe_k4,YouTube: Search 'arrival fallacy Tal Ben-Shahar happiness research' or 'gratitude practice research teen wellbeing' for accessible content. Runtime ~10–15 min.,"FADE IN: A teen on their phone — scrolling, comparing, always one step behind. VOICE: 'The threshold keeps moving. It always will.' CUT TO: Same teen, phone down. Just present. Looking at what's actually here. VOICE: 'Not less ambitious. Just present. Sufficiency is not settling. It is arriving.' CUT TO: Teen writing their sufficiency statement. Something settling in their face. VOICE: 'What if right now — this version of you, this life, this moment — was enough to start from?' FADE TO TITLE: Mindcast LIVE.",This session explicitly builds on and extends Week 20 (scarcity) and Weeks 5–6 (comparison loop). Reference both. The arrival fallacy concept is highly resonant for achievement-focused teens. The daily sufficiency statement is the most practically powerful take-home of this session.
47,4,Live It,The Long Game — Patience and Persistence,Teen,Compound Interest for a Person,"We live in an instant culture — instant feedback, instant results, instant gratification. But the most important things in life — character, genuine skill, deep relationships, real wisdom — all take time. This week we practise the orientation of the long game: trusting the process even when you can't see the results yet.","Think of someone you admire — someone who has genuinely developed a character quality, skill, or wisdom that you respect. How long do you think it took them to develop it? And what does that tell you about where you are right now?","Here's what compound interest looks like for a person: small, consistent action every day, in the right direction, over years. The results are invisible at first. Then noticeable. Then unmistakable. The people who understand this — and practise accordingly — are the ones who look genuinely different five years from now.",There's an old idea: 'The best time to plant a tree was twenty years ago. The second best time is today.' The long game is not about when you started. It is about whether you keep going. Today we decide to keep going.,"1. Research on expertise (Anders Ericsson) consistently shows that genuine mastery — of any skill, quality, or domain — requires sustained, deliberate practice over years. There are no shortcuts. The 10,000-hour principle (popularised by Malcolm Gladwell from Ericsson's work) is not about hours — it is about the sustained commitment to deliberate improvement over time. | 2. Angela Duckworth's 'grit' research shows that the single strongest predictor of long-term achievement is not talent, not intelligence, not socioeconomic background — it is persistence combined with passion for a long-term direction. The long-game orientation, not the short-term sprint, is the mechanism. | 3. The adolescent brain is particularly susceptible to present-bias (overweighting immediate over future outcomes) — which is why short-term rewards feel so much more compelling than long-term investments. Knowing this helps: the pull toward immediate gratification is neurological, not character failure. | 4. Small consistent action compounds dramatically. 1% improvement per day means 37x improvement in a year. The direction matters more than the size of the step. Show up consistently in the right direction.","LONG GAME LETTER: Write a letter to yourself to be opened in three years. Not a goals list — a genuine letter from who you are now to who you will be then. What are you trusting the long game with? What do you commit to showing up for consistently, even without immediate feedback? What do you want your future self to know you chose today? Share: one thing you are playing the long game with.",Close your eyes. Think of who you were at the start of this year — Week 1. Then think of who you are now — Week 47. That change took 47 weeks of showing up. Now imagine 47 more weeks of the same. What becomes true? The maths of consistent small action is extraordinary. Trust it.,"Write your long-game direction — not goals, but the quality of person and life you are building toward over years.","Today, show up for one long-game practice — not because you can see results, but as a deliberate vote for who you're becoming.",Tell one person what long game you're playing. Ask them what theirs is.,Bring back: what happened when you showed up for your long game practice without expecting immediate results?,I am building something that takes time. I show up consistently. The direction is right.,https://www.youtube.com/watch?v=TQMbvJNRpLE,YouTube: Angela Duckworth 'Grit: The Power of Passion and Perseverance' TED Talk — one of the most important short talks for teens on long-game thinking. Runtime ~6 min.,"FADE IN: A teen's timeline — Week 1 (uncertain, beginning), Week 20 (struggling), Week 47 (visibly different). VOICE: 'They couldn't have seen this at Week 1. They couldn't have seen it at Week 20.' CUT TO: Them writing their long-game letter. What will Week 150 look like? VOICE: 'The direction is right. The compound is working. Keep showing up.' FADE TO TITLE: Mindcast LIVE.",Angela Duckworth's talk is genuinely short and worth showing in the session if possible. The three-year letter exercise is emotionally powerful — encourage teens to actually seal and keep it. The compound interest framing (1% better every day) resonates strongly with this age group.
48,4,Live It,Leaving People Better Than You Found Them,Teen,One Question,"Here is one of the simplest and most powerful practices available to you: leave people slightly better than you found them. Not dramatically — not fixing or saving anyone. Just: they feel slightly more seen, more valued, more capable of being themselves after being with you. That is one of the most significant things a person can do.",Think of someone who consistently left you better — who made you feel more seen and more capable. What specifically did they do? Was it dramatic — or was it small and consistent?,"Think about the people who have left you better — teachers, friends, mentors, family members. What specifically did they do? Usually it wasn't grand. It was attention. Honesty. Showing up. A few words that landed right. You can be that for people every single day.","There's a question worth carrying: 'Will this person be slightly better for having encountered me today?' Not dramatically better — just slightly. That question, asked consistently, changes how you show up to everything.","1. Research on 'high-quality connections' (Jane Dutton) shows that even brief interactions characterised by genuine regard produce measurable positive effects in both people — increased vitality, better thinking, greater resilience. The quality of the encounter matters more than its length. | 2. 'Micro-affirmations' — small, consistent acts of recognition and genuine regard — have been shown to significantly improve confidence, belonging, and performance over time, particularly for people from underrepresented backgrounds. Small genuine acts compound into significant positive impact. | 3. The three capacities developed this year that most directly enable leaving people better: genuine attention (Phase 1), seeing others without projection (Phase 1 Week 11), and turning toward others with what you've genuinely built (Phase 4 Week 40). | 4. Research on meaningful work and life (Michael Steger) consistently shows that people who regularly experience making a positive difference to others — even in small ways — report significantly higher meaning, purpose, and life satisfaction than those who don't.","LEAVING BETTER AUDIT: Think of the five people you interact with most. After typical encounters with you, do they leave feeling more or less like themselves? More or less seen? What one specific change would make you more reliably leave them better — a quality of attention, an honest word, showing up differently? Design one leaving-better practice for your most important relationship. Share: one specific thing you will do to leave someone better this week.","Close your eyes. Think of one person in your life who could use being genuinely seen right now — not fixed, not advised, just received. What would it look like to give them your full attention for ten uninterrupted minutes? No phone, no planning your response. Just actually listening. That experience — of being genuinely received — is one of the most valuable things you can offer.",Write the one question you want to carry: 'Will this person be slightly better for having encountered me?' Write how you will practise answering yes.,"In one interaction today, orient entirely toward leaving the other person better. Notice what changes — in them and in you.","Give one person your full, undivided attention for ten minutes. No agenda. Just genuine reception.",Bring back: what happened when you deliberately left someone better?,Every encounter is an opportunity to leave someone slightly more themselves. I take it.,https://www.youtube.com/watch?v=cDDWvj_q-o8,YouTube: Search 'the power of being seen relationships research' or 'micro-affirmations leaving people better YouTube' for accessible content. Runtime ~8–10 min.,"FADE IN: A teen moving through their day. After each encounter, quick cut to the other person — something slightly different. Slightly more present. Slightly more themselves. VOICE: 'They didn't do anything obvious. Just showed up. Really showed up.' CUT TO: End of the day. A quiet sense of significance. VOICE: 'Not grand. Daily. The question that changes everything: will they be slightly better for having met me today?' FADE TO TITLE: Mindcast LIVE.",This session should feel both inspiring and immediately actionable. Build in the ten-minute undivided attention practice as a committed exercise for the week — not optional. The 'will they be slightly better' question is genuinely transformative when carried daily.
49,4,Live It,Your Legacy — What You're Building Beyond Yourself,Teen,What Do You Want Them to Say?,"Legacy sounds like something old people think about. It isn't. Legacy is what you're building right now — through how you treat people, what you model, what you stand for, what you create. At 16 or 17 or 18, you are already leaving something in the world. Today we think about what that is — and whether it's what you'd choose.",What do your closest friends and family members most reliably experience when they're around you? What do you add to a room — and what do you take from it? Be honest.,"Here's the thing about legacy: it's not what happens after you're gone. It's what happens because of you while you're here. The effect you have on your friends, your family, your school, your community — that's your legacy in progress. Today we make it intentional.",There's an old question: 'What do you want people to say about you when you're not in the room?' Not in terms of reputation — but in terms of how you made them feel. That question is the beginning of legacy. Today we answer it.,"1. Research on generativity (Erik Erikson) shows that the need to contribute to something beyond the self — to shape others positively, to leave something that lasts — is a fundamental human developmental need that begins in adolescence and continues throughout life. It is not self-sacrifice. It is self-expansion. | 2. The most powerful legacy you build as a teenager is not what you accomplish. It is who you are in relationship — the specific qualities of presence, honesty, care, and courage that you model and pass on to the people around you. | 3. Research on role modelling (Bandura) confirms: people are far more influenced by the behaviour they observe in people they respect than by what those people tell them. You are currently modelling a version of life to everyone who watches you. That modelling is your current legacy. | 4. Legacy consciousness — actively thinking about what you want to leave behind — is associated with higher prosocial behaviour, greater meaning, and more consistent values-aligned action in adolescents. Thinking about legacy changes how you show up today.","LEGACY AUDIT: Write honestly: What are you currently adding to the lives of the people closest to you? What are you modelling — in how you treat conflict, how you handle difficulty, how you treat people who are different from you, how you pursue what matters? Is that what you'd choose to model? What would you change? Design your current legacy intention — not a grand plan, but a specific quality of presence you want to be known for. Share: what you want to be building right now.","Close your eyes. Think of one person who is watching you — a younger sibling, a friend who looks up to you, anyone. What are they learning from how you live? What would you want them to learn? That gap — between what they're currently absorbing and what you'd choose to model — is your legacy work.","Write: 'The legacy I am building right now is...' — not what you hope for eventually, but what you are actively creating through how you currently live.",Make one choice today that is explicitly oriented toward the legacy you want to build.,Tell one person what you want to be building — and ask them to notice when you're doing it.,Bring back: what happened when you oriented toward legacy in an ordinary moment?,"I am building something beyond myself — right now, in how I live. That is my legacy in progress.",https://www.youtube.com/watch?v=qp0HIF3SfI4,YouTube: Search 'legacy consciousness teen purpose research' or 'what is legacy young people' for accessible content. Also: search 'how teens influence others role modelling research.' Runtime ~10 min.,FADE IN: A teen in an ordinary moment — how they respond to a friend who's struggling. How they handle an unfair situation. How they show up when nobody's watching. VOICE: 'Legacy isn't what happens after you're gone. It's the effect you're having right now.' CUT TO: Quick montage — the ripple of each choice. VOICE: 'You are already building something. The question is only whether it's what you'd choose.' FADE TO TITLE: Mindcast LIVE.,The reframe from future-legacy to present-legacy is powerful for teens who find the concept abstract. The question 'what is someone who looks up to you learning from how you live right now?' tends to land immediately and specifically.
50,4,Live It,"Gratitude as a Practice, Not a Feeling",Teen,Training the Noticing Muscle,"Gratitude is not a feeling you get when good things happen. It is a deliberate practice — choosing to notice and name what is already present and valuable, even when things aren't perfect. And the research on what it does to your brain and your life is extraordinary. This week we make it a daily practice.","When was the last time you felt genuine gratitude — not performed, not obligatory, but actually felt? What specifically were you grateful for? And how often do you actually practise noticing that?","Your brain has a negativity bias — it registers problems, threats, and disappointments more readily than positives. This kept your ancestors alive. It makes you miserable. Gratitude practice is the deliberate counterweight — training your brain to also register what's working, what's present, what's genuinely good.","Here's what the research actually shows: specific, consistent gratitude practice produces better sleep, lower anxiety, better relationships, and measurably different brain activity. Not as a cure for everything — as a reliable, evidence-based practice for wellbeing. It's worth doing.","1. Gratitude research (Emmons and McCullough) shows that people who regularly practise gratitude — specifically writing about things they appreciate and why — report higher wellbeing, more optimism, fewer physical symptoms, and more prosocial behaviour than control groups. The effect is robust and replicable. | 2. The brain on gratitude: MRI research shows that gratitude practice activates the medial prefrontal cortex (the brain area associated with perspective-taking and empathy) and reduces amygdala reactivity. Over time, consistent practice produces structural changes. Gratitude literally rewires the brain. | 3. The specificity principle: specific gratitude ('I'm grateful for the way my friend stayed on the phone with me last Tuesday when I was struggling') produces much stronger effects than general gratitude ('I'm grateful for my friends'). The brain responds to specificity. | 4. Expressed gratitude has relational benefits beyond personal wellbeing: research shows that expressing specific appreciation to people significantly improves relationship quality, and that the person expressing it benefits as much as the person receiving it.","GRATITUDE PRACTICE DESIGN: Design a genuine daily gratitude practice — specific format, specific time, specific level of depth. This week: three things each day, but each one specific enough that it couldn't have been written yesterday (what happened today that you're grateful for, exactly why, and what it actually felt like). Share: one specific example of your practice — not 'my family' but the specific moment.","Close your eyes. Think of three specific things from the past week that, when you really attend to them, produce genuine felt appreciation. Stay with each one for 30 seconds. Let the appreciation land in your body — not just your thoughts. Notice what changes. That is the practice.",Write your gratitude practice design. Commit to practising it every day for the rest of the year.,Practise daily specific gratitude every day this week. Don't miss a day. Notice what compounds.,Express specific gratitude to one person every day this week — tell them exactly what you appreciate and why.,Bring back: what happened when you practised specific gratitude consistently? What compounded?,"Gratitude is my daily practice. Specific, felt, genuine. I train my attention on what is real and good.",https://www.youtube.com/watch?v=WPPPFqsECz0,YouTube: Robert Emmons on gratitude research — search 'Robert Emmons gratitude research talk.' Also: search 'gratitude and brain health teen research' for age-specific content. Runtime ~10–15 min.,"FADE IN: Two teens with identical circumstances. One notices: the hard things, the annoying things, what's missing. The other notices: the small genuine goods, what worked, what someone did for them. VOICE: 'Same life. Different attention.' CUT TO: Six months later. The difference in how each one feels is striking. VOICE: 'Gratitude is not pretending everything is fine. It is training your brain to also notice what is.' FADE TO TITLE: Mindcast LIVE.",The specificity principle is the most important practical point of this session — spend time on it. The daily practice without missing a day is a deliberate challenge — the research shows that consistency matters more than depth. Expressed gratitude (telling someone specifically) is the highest-impact exercise.
51,4,Live It,The Ongoing Practice — There Is No Arrival,Teen,The Journey Is the Point,"Here's a truth that sounds discouraging at first but becomes liberating: you're never going to be 'finished.' There's no point where you'll have it all together, have figured everything out, or be done growing. And that's actually the best news there is — because it means the journey is the point, not the destination.",What has shifted in how you think about personal growth over the course of this year? Do you still think of it as something you finish — or has your relationship with the ongoing nature of it changed?,"The people who are most alive, most genuine, and most genuinely fulfilled are not the ones who have 'arrived.' They're the ones who've made peace with the ongoing nature of the journey — and who find genuine meaning in the practice itself, not just in reaching goals.","Here's what the year has taught you: not a formula for being sorted, but a set of practices for being genuinely alive. Those practices don't end at Week 52. They go with you. They deepen. They become who you are.","1. The arrival fallacy (Tal Ben-Shahar) is one of the most researched contributors to adolescent and young adult dissatisfaction: the persistent belief that some future state (better grades, more popularity, a relationship, a certain achievement) will finally produce the lasting happiness that the present somehow can't. The research is clear: it doesn't. And waiting for it prevents genuine presence. | 2. Research on intrinsic motivation (Deci and Ryan) shows that activities done for their own sake — because the process is meaningful, not because it leads to a particular outcome — produce significantly more sustained engagement, greater skill development, and higher wellbeing than extrinsically motivated activities. The practice for the practice's sake is both more enjoyable and more productive. | 3. Research on adolescent identity development confirms: it doesn't complete in adolescence. Identity continues developing through young adulthood, midlife, and beyond. The most important developmental quality is not achieving a stable identity — it is developing the capacity to engage in ongoing honest self-reflection. That capacity is what this year has been building. | 4. Sustainable growth practices are those that are intrinsically rewarding — that feel like expressions of who you are, not assignments you're completing. Phase 4's goal is to help you own these practices as genuinely yours, not as a programme you've finished.","PRACTICE OWNERSHIP: In your journal, from each phase of the year: What do you want to keep practising from Phase 1 (seeing)? What is still releasing from Phase 2 (unlearning)? What do you want to build more of from Phase 3 (rebuilding)? What orientations from Phase 4 (living) do you want to carry forward? Design your post-Mindcast LIVE ongoing practice — the simplest sustainable version of this year's work that you can maintain as simply yours. Share: your ongoing practice design.",Close your eyes. Think of the practice from this year that feels most genuinely yours — the one that feels less like a programme assignment and more like an expression of who you are. That practice is the seed of your ongoing work. It doesn't need a programme. It needs your continued showing up.,Write your ongoing practice — the sustainable version of this year's work that you will maintain because it is genuinely yours.,"Own one practice this week — do it not as part of the programme, but as yours. No external structure. Just you and the practice.",Tell one person that you're not trying to finish the journey — you're choosing to live it. Share what that looks like for you.,Bring back: what did it feel like to own the practice as genuinely yours?,I am not finishing. I am continuing. The practice is the point — and it is mine.,https://www.youtube.com/watch?v=sPOuCd6cBao,YouTube: 'This Is Water' by David Foster Wallace — the most important short piece of content of the year. Runtime ~9 min.,"FADE IN: End of a school year — bags packed, ready to leave. VOICE: 'They thought it would feel like finishing.' CUT TO: The teen, sitting with the practice — journalling, noticing, being present. VOICE: 'It feels like beginning.' CUT TO: Standing at a new threshold. Not the end of something — the beginning of owning it. VOICE: 'The practice was never a programme. It was always just... you, showing up.' FADE TO TITLE: Mindcast LIVE.","This session needs to be held carefully — there may be both relief and grief at the idea that the structured year is ending. The gift of this session is the reframe: you're not losing the structure, you're owning the practice. The ongoing practice design is the most important output."
52,4,Live It,Integration — A Year of Becoming,Teen,The Return With Gifts,"Fifty-two weeks. A whole year. You've seen yourself clearly, released what wasn't yours, built something real, and started living it outward. Today we don't call that finished. We call it the beginning of the rest of a life lived from the inside out. And we acknowledge, together, what was actually done.","If you had to name the one thing — just one — that has most genuinely changed in you over this year, what would it be? Not the most dramatic. The most real.",Think about Week 1 you. What did you know about yourself then? What did you not know? What did you believe that you've since questioned? What were you carrying that you've set down? What are you building now that you weren't building then? That gap — that is a year of genuine work.,"In the oldest stories, the hero's return is not about arriving home unchanged. It is about arriving home transformed — carrying gifts that were not there at the beginning. You have gifts you didn't have at Week 1. Today we name them. Together.","1. Research on transformative experience confirms: genuine inner work of the kind done this year produces changes that are structural — in neural architecture, in relational patterns, in the stability of identity, in the capacity for honest self-reflection. These changes are not cosmetic. They are foundational. | 2. The 'end of history illusion' (Quoidbach et al.) shows that people underestimate their future change — they see their past changes clearly but assume current change is complete. The most important thing to know at Week 52 is: this is not the end of change. It is its beginning. | 3. Community witnessing — having growth acknowledged by people who have shared the journey — is one of the most powerful consolidation mechanisms in psychological research. The act of being seen in your growth by people who have known you through the process is qualitatively different from private achievement. | 4. The practices built this year are most sustainable when they are owned as identity — 'I am someone who does this work' — rather than as programme content. Week 52 is the transfer of ownership from the programme to the person.",YEAR CEREMONY: Write answers to four questions. Take time. Be honest. 1. Who was I at Week 1? 2. What has genuinely shifted this year? 3. What am I carrying forward that I didn't have before? 4. What is my commitment for the ongoing practice? Then in the group: each person shares one line from any of their four answers. Witnessed in silence. No advice. No commentary. Just witnessed. That witnessing is the ceremony.,"Sit quietly for five minutes. The whole year. All 52 weeks. Everything seen, released, built, and lived. Let it be what it is. Not perfect — real. You showed up every week. That is the whole practice.",Write a letter to Week 1 you. What do you want them to know?,Live one day this week with full intentionality from everything this year has built. Notice what that life feels like.,Tell one person outside this group: 'I've done a year of real inner work. One thing that genuinely changed is...' Own it completely.,Come back ready to share one line from your year ceremony — if you're willing.,I did this work. I carry it forward. The practice is mine now. The adventure continues.,https://www.youtube.com/watch?v=sPOuCd6cBao,YouTube: 'This Is Water' by David Foster Wallace animated — the final and most important piece of content of the year. Runtime ~9 min.,"FADE IN: Week 1 teen — uncertain, beginning. VOICE: 'Fifty-two weeks ago.' CUT TO: Week 52 — same person. Different in ways that matter. Genuinely different. VOICE: 'Not finished. Genuinely changed.' CUT TO: Each person in the room — a brief shot of each face. VOICE: 'They all did this. Together. And separately. And the work goes on.' CUT TO: Each person, looking forward. VOICE: 'That is not the end of the story. That is where the real story begins.' FADE TO TITLE: Mindcast LIVE — A Year of Becoming.","MAKE THIS EXTRAORDINARY. Ceremony matters. The year's arc. The community formed. The genuine work done. Honour all of it: candles, music, letters, witnessed silence. End not with 'goodbye' but with the shared commitment to ongoing practice. This is the most important session of the year."
