Week,Phase,Phase Name,Movement Theme,Audience,Weekly Theme,Session Title,The Territory,Opening Question,Spiral Thread,Spiral Depth,Revisits Weeks,Week Type,S1 Welcome Wall Note,S2 Voices Callback Intro,S3 Ancient Wisdom (full text),"S3 Ancient Wisdom VO Script (10s, <=28 words)",S3 Video URL,S3 Captions URL,S4 In Today's World (full text),"S4 In Today's World VO Script (10s, <=28 words)",S4 Video URL,S4 Captions URL,S5 Today's Theme (write from transcript),S5 Source: Opening Hook (legacy),S5 Source: Core Concept (legacy),S6 Video URL,S6 Video Title/Description,S6 Video Transcript,S6 Reflective Question 1,S6 Reflective Question 2,S7 Private Write Prompt (90 sec),S7 Experiential Exercise,S8 Reflection Prompt,S9 Intention Prompt,S9 Practice (Mon),S9 Practice (Wed),S9 Practice (Sun),S10 Closing Quote,S10 Quote Attribution,S10 Core Affirmation,S11 Facilitator Prep Notes,S11 Watch For,S11 First Time Note,S11 Heavy Week Flag,S11 Post-Session Evaluation
1,1,See Clearly,See Clearly,Adult,The Signal and the Noise,What Are You Actually Receiving?,The difference between the mental noise and the awareness underneath it,What have you been carrying silently that no one else can see?,Signal and attention,1 of 4,"34, 50, 51",Movement opener,,,"Ancient navigators had no GPS. They used stars — fixed, reliable points present even when clouds obscured them. The practice wasn't finding new stars. It was learning to look past the clouds. Your inner wisdom is the star. This community is the practice of clearing the sky.","Ancient navigators had no GPS. They used stars — fixed, reliable points present even when clouds obscured them. The practice wasn't finding new stars.",,,"Your mind is a phone with 47 tabs open and notifications firing — the signal is the one tab you opened on purpose. Today: close the tabs (one breath, one thing) and hear the quiet channel underneath the noise.",Your mind is a phone with 47 tabs open and notifications firing — the signal is the one tab you opened on purpose.,,,"DRAFT — rewrite from the video transcript once the video is chosen.

Most of us live on autopilot — reacting to noise instead of tuning into what actually matters. The first step in personal growth is learning to tell the difference between your signal (inner wisdom, real values, genuine responses) and the noise (external pressure, inherited stories, fear-based reactions).","Ask the room: On a scale of 1–10, how much of your day do you actually choose — versus simply react? Take 30 seconds. No thinking. Just a number. Then: what's driving the reactions?","Most of us live on autopilot — reacting to noise instead of tuning into what actually matters. The first step in personal growth is learning to tell the difference between your signal (inner wisdom, real values, genuine responses) and the noise (external pressure, inherited stories, fear-based reactions).",https://www.youtube.com/watch?v=kJ_Gg5DPCQU,"Emotional Labour — the invisible mental load in relationships: naming the work, making it visible, and moving from 'helping out' to 'taking ownership'. Runtime ~20 min.",,,,What have you been carrying silently that no one else can see?,"MAKE THE INVISIBLE VISIBLE: For one week, track everything you carry — seen and unseen. Two columns: 'Visible tasks' (dishes, laundry, bills) and 'Invisible load' (remembering, planning, anticipating, following up). Be specific. Then compare your list with the person beside you. What's on your list that they'd never notice? What would happen if you stopped carrying one item silently? Share one thing from the 'invisible' column that surprised you.","What invisible load have you been carrying silently — and what would it take to name it, so it could finally be seen and shared?","Given what you noticed today, what is one thing you will do differently before next Sunday?","Catch the hum. Once today, notice the mental list running in the background and write down one invisible thing you're carrying that no one else can see.","Make one thing visible. Name one invisible responsibility out loud to the person who shares your life — not as a complaint, as information: 'I carry this. I'd like us to see it together.'",Move from helping to owning. Identify one task you've been 'helping with' that you could own — and one task you're carrying that someone else could own. Take one concrete step toward real ownership.,,,"I see the invisible load, I name it without blame, and I share it so we can carry it together.","Week 1: keep loose and welcoming. Goal is connection and curiosity, not depth. Everyone leaves knowing the signal/noise framework and feeling the room is safe. Resist the urge to go deep too fast.",,,,
2,1,See Clearly,See Clearly,Adult,The Stories We Carry,Reading the Code You Were Given,"The beliefs we repeat about ourselves, and where they came from",What do you believe about yourself that you have never once questioned?,Stories and identity,1 of 5,"5, 25, 27, 49",Standard,,,Many wisdom traditions say: 'A story you don't examine will run your life.' Not because stories are bad — but because an unconscious story is a cage you can't see. The practice is making it visible.,Many wisdom traditions say: 'A story you don't examine will run your life.' Not because stories are bad — but because an unconscious story is a cage you…,,,"The stories you tell about yourself run like an app in the background, quietly draining the battery. Today: catch one 'I'm the kind of person who…' and ask — did I write this, or did it just install itself?","The stories you tell about yourself run like an app in the background, quietly draining the battery.",,,"DRAFT — rewrite from the video transcript once the video is chosen.

We all have a narrative running about who we are, what we deserve, and what's possible for us. Most of those narratives were written before we were old enough to question them — by family, culture, early experiences, and how people responded to us. This week we examine the stories.",Complete this sentence without overthinking: 'People like me don't...' Whatever came up — that's a story. Where did it come from?,"We all have a narrative running about who we are, what we deserve, and what's possible for us. Most of those narratives were written before we were old enough to question them — by family, culture, early experiences, and how people responded to us. This week we examine the stories.",https://www.youtube.com/watch?v=D9Ihs241zeg,TED Talk: 'The Power of Vulnerability' by Brené Brown — directly addresses how shame-based stories shape our sense of worthiness and connection. One of the most-watched TED Talks of all time. Runtime ~20 min.,,,,What do you believe about yourself that you have never once questioned?,"MY STORY AUDIT: Take 5 minutes. Write the 3–5 beliefs you hold most deeply about yourself — not what you wish you believed, but what you actually seem to operate from. Try finishing: 'I'm the kind of person who...' / 'I've always struggled with...' / 'The reason things don't work out for me is...' For each one, ask: How old was I when I first believed this? Who taught me? What was happening? Share one — the least threatening one — with your small group.",Write the oldest story you carry about yourself. Then write what you would tell someone you love who had that same story about themselves.,"Given what you noticed today, what is one thing you will do differently before next Sunday?",Catch one moment where an old story seems to be making a decision for you.,Share the story you're examining with someone you trust. Just naming it — not fixing it.,Bring one insight from the week about a story you noticed running — however small.,,,I can see the stories I carry. Seeing them means I am no longer only inside them.,This session can surface real vulnerability. Have tissues available. Make explicit: 'You don't have to share anything you're not ready to share.' Watch for anyone who seems deeply activated — follow up individually.,,,,
3,1,See Clearly,See Clearly,Adult,The Pattern Interrupt,Finding the Gap,The space between what happens and how we respond,When did you last react in a way you didn't choose?,Choice and response,1 of 3,"19, 43",Standard,,,"Between stimulus and response there is a space. In that space lies your freedom. This isn't a modern idea — Stoics, Daoists, and Buddhist traditions all pointed at the same thing: the gap is where wisdom lives. We're just now able to see it in brain scans.",Between stimulus and response there is a space. In that space lies your freedom.,,,Between the notification buzzing and your hand grabbing the phone there's a half-second gap — that gap is a superpower. Today: find the buzz-to-grab gap in one habit and slot a single breath into it.,Between the notification buzzing and your hand grabbing the phone there's a half-second gap — that gap is a superpower.,,,"DRAFT — rewrite from the video transcript once the video is chosen.

Once we can see our patterns, the next question is: can we pause before they run? Not suppress them — pause. The space between stimulus and response is where genuine choice lives. This week is about learning to find that space.","Think of a behaviour you keep repeating that you'd genuinely like to change — not a big shameful thing, just a pattern. Something you do and then think 'why did I do that again?' What is it?","Once we can see our patterns, the next question is: can we pause before they run? Not suppress them — pause. The space between stimulus and response is where genuine choice lives. This week is about learning to find that space.",https://www.youtube.com/watch?v=ZizdB0TgAVM,TED Talk: 'You Aren't at the Mercy of Your Emotions' by Lisa Feldman Barrett — neuroscience-grounded explanation of how emotions are constructed and how we have more agency than we think. Runtime ~18 min.,,,,When did you last react in a way you didn't choose?,"TRIGGER MAPPING: For the pattern you named, trace it backwards. What is the behaviour specifically? What usually happens just before it — the trigger (a person, place, time, emotion, thought)? What does the behaviour give you short-term? What does it cost long-term? Now: what's the smallest possible pause you could introduce between trigger and behaviour? Even one breath. Even just noticing. Share your trigger (not the behaviour) with your small group.",Describe a recent moment when a familiar pattern ran. What triggered it? What were you feeling just before?,"Given what you noticed today, what is one thing you will do differently before next Sunday?","When you notice a familiar trigger today, just name it silently: 'There it is.' You don't have to change anything yet.",Tell someone what you're learning to notice. Naming it to another person makes the awareness more real.,Bring one example of a moment you caught a trigger before (or just as) the pattern ran. What happened?,,,"I am bigger than my patterns. I can see them. I can pause. And in that pause, I choose.","Keep this practical and non-shaming. Normalise that patterns exist for good reasons. Nobody's patterns are shameful. The work is curious, not critical.",,,,
4,1,See Clearly,See Clearly,Adult,What Your Body Is Telling You,Turning the Diagnostics Back On,"Sensation as information, arriving before thought","Where in your body do you feel most at ease, and where most contracted?",The body,1 of 3,"24, 30",Standard,,,"In Daoist tradition the body is not separate from wisdom — it IS wisdom. Qigong, tai chi, and traditional Chinese medicine all rest on one idea: the body is an intelligent system and its sensations are a language. The West is only now catching up through neuroscience — gut-brain research, somatic therapy, interoception studies. The body has always been speaking. We are learning to hear it.",In Daoist tradition the body is not separate from wisdom — it IS wisdom.,,,"Your body is the check-engine light your dashboard mind keeps ignoring — tight shoulders and a clenched jaw are data, not noise. Today: do a ten-second body scan before you fire back the stressful message.","Your body is the check-engine light your dashboard mind keeps ignoring — tight shoulders and a clenched jaw are data, not noise.",,,"DRAFT — rewrite from the video transcript once the video is chosen.

The body keeps the score — and most of us stopped listening a long time ago. Chronic stress and the cultural pressure to push through means we've learned to override our most reliable source of real-time information. This week we tune back in.",Put one hand on your chest and one hand on your belly. Take one breath. What do you notice? Most people can't answer that quickly — we're that disconnected. That disconnection is what this session is about.,The body keeps the score — and most of us stopped listening a long time ago. Chronic stress and the cultural pressure to push through means we've learned to override our most reliable source of real-time information. This week we tune back in.,https://www.youtube.com/watch?v=OidBsNLjD1Q,YouTube: Bessel van der Kolk interview on 'The Body Keeps the Score' — foundational understanding of how the body holds emotional experience. Various clip lengths available. Book: 'The Body Keeps the Score' by Bessel van der Kolk is core reading for this pillar.,,,,"Where in your body do you feel most at ease, and where most contracted?","BODY SCAN + MAPPING: Guide a slow body scan (facilitator reads aloud, 4–5 minutes): 'Start at the top of your head. Notice any tension, warmth, tingling, numbness. Move slowly down — face, jaw, throat, shoulders, chest, belly, hips, legs, feet. No fixing. Just noticing.' Then on a body outline: mark where you're holding tension, where you feel open, where you feel numb. Discuss in pairs: Are there patterns? Do certain areas always carry the same thing?",Where in your body do you feel stress first? When did you learn to override that signal rather than respond to it?,"Given what you noticed today, what is one thing you will do differently before next Sunday?","Three times today, do a 30-second body scan. Just notice. No analysis required.",Talk to someone about one physical sensation you've been ignoring. What might it be trying to tell you?,Bring one observation from this week's body scan practice — what did you notice?,,,My body is speaking. I am learning its language.,"The body scan is often deeply unfamiliar for adults who live in their heads. Go slowly. Strong emotional responses are normal with somatic work. Have a grounding tool ready: feet on floor, slow breath, name 5 things you can see.",,,,
5,1,See Clearly,See Clearly,Adult,The Mirror — How We See Ourselves,Recalibrating the Lens,"Seeing yourself accurately, without flattery or attack","If you described yourself accurately — not aspirationally, not apologetically — what would you say?",Stories and identity,2 of 5,"2, 25, 27, 49",Standard,,,"The Zen tradition has a concept of 'beginner's mind' — approaching even the familiar with fresh eyes. The problem with self-perception is we are the worst people to observe ourselves objectively. We're too close. This is why community, honest relationships, and regular self-inquiry matter — they are mirrors a solo practice cannot provide.",The Zen tradition has a concept of 'beginner's mind' — approaching even the familiar with fresh eyes.,,,The front camera shows every flaw; a good friend's photo catches you laughing — self-awareness is choosing the friend's lens. Today: describe yourself the way someone who loves you would.,The front camera shows every flaw; a good friend's photo catches you laughing — self-awareness is choosing the friend's lens.,,,"DRAFT — rewrite from the video transcript once the video is chosen.

We don't see ourselves clearly. We see ourselves through a filter built from years of feedback, comparison, shame, and selective memory. This week is about developing accurate self-perception — honest, compassionate, and grounded in evidence.",Write down three words you'd use to describe yourself. How long have you been using those words? Did you choose them — or were they given to you?,"We don't see ourselves clearly. We see ourselves through a filter built from years of feedback, comparison, shame, and selective memory. This week is about developing accurate self-perception — honest, compassionate, and grounded in evidence.",https://www.youtube.com/watch?v=haLsNaHmBhE,YouTube: Tasha Eurich — 'What Self-Awareness Really Is (and How to Cultivate It)' talk. Evidence-based research on why most people who think they're self-aware actually aren't — and what actually builds it. Runtime ~20 min.,,,,"If you described yourself accurately — not aspirationally, not apologetically — what would you say?","THE HONEST INVENTORY: Three columns: 1. Strengths you genuinely see in yourself (not performative modesty — what are you actually good at?). 2. Limitations you genuinely see (not self-flagellation — what do you actually find difficult?). 3. Blind spots you suspect — things others might see in you that you're not sure about. For column 3: what have multiple people independently said to you over the years, even if you dismissed it? Discuss in pairs: how did it feel to write column 1 vs column 3?",If you had to give yourself an honest character reference — the kind you'd give someone you respected and cared for — what would you write?,"Given what you noticed today, what is one thing you will do differently before next Sunday?",Notice once today when your self-perception shifts based on external feedback. What happened to your inner voice?,Ask one person you trust: 'What do you think is a genuine strength of mine that I don't fully own?' Listen without deflecting.,Bring the answer from your Wednesday conversation — and what you noticed about how it landed.,,,"I see myself with honest, compassionate eyes. I am neither the worst nor the best version I have imagined.",People may discover uncomfortable things about themselves. Reinforce: 'Self-awareness is not self-criticism. It's self-honesty in the service of growth.' The asking-someone-else exercise is powerful but should be truly voluntary.,,,,
6,1,See Clearly,See Clearly,Adult,The Comparison Loop,Getting Off the Loop,Measuring your inside against someone else's outside,"Who do you compare yourself to, and what do you imagine they have?",Enough,1 of 3,"20, 46",Standard,,,"The Daoist idea of enoughness — zúgòu — is radical in a comparison culture. Not resignation, not lack of ambition — but a genuine resting point that doesn't require external reference. 'I know what I have. I know what I am. That is my measure.' This is not what markets or social media want you to believe. But it is what the wellbeing evidence supports.",The Daoist idea of enoughness — zúgòu — is radical in a comparison culture.,,,Scrolling compares your behind-the-scenes to everyone's highlight reel — a treadmill where you sweat and never move. Today: name one 'race' you're quitting and mute the feed that runs it.,Scrolling compares your behind-the-scenes to everyone's highlight reel — a treadmill where you sweat and never move.,,,"DRAFT — rewrite from the video transcript once the video is chosen.

Comparison is one of the most subtle and pervasive sources of suffering in contemporary life. We compare upward (to those who appear more successful) and downward (to validate our position). Neither makes us genuinely happier. This week we examine the loop — and find the exit.","Complete this sentence: 'I would feel like I'd made it if...' Whatever came up — whose voice is that? Did you write that script, or did someone hand it to you?",Comparison is one of the most subtle and pervasive sources of suffering in contemporary life. We compare upward (to those who appear more successful) and downward (to validate our position). Neither makes us genuinely happier. This week we examine the loop — and find the exit.,https://www.youtube.com/watch?v=SuF_mdyVNdM,"YouTube: Johann Hari on the social drivers of anxiety — search 'Johann Hari lost connections talk.' Deeply researched, compassionate, and directly relevant. Book: 'Lost Connections' by Johann Hari is essential reading for this session.",,,,"Who do you compare yourself to, and what do you imagine they have?","THE COMPARISON AUDIT: Track comparison moments this week in three columns: 1. WHO — context, not names (colleague, friend, social media, public figure). 2. WHAT you're comparing (status, appearance, relationships, success, parenting, intelligence). 3. HOW IT FELT and what story it activated. Today: do a quick 5-minute version for the past week from memory. Discuss in pairs: what do your comparison patterns reveal about what you most care about — or most fear?",Name one area of your life where you consistently compare unfavourably. Where did that standard come from — and is it actually yours?,"Given what you noticed today, what is one thing you will do differently before next Sunday?","Each time you catch a comparison thought, ask: 'Is this measuring me against my values — or against someone else's life?'",Tell someone about one comparison loop you're working to exit. Name the alternative measure you're choosing instead.,Bring back your comparison audit from the week — what patterns did you notice?,,,My worth is not relative. It does not go up or down based on what others are doing.,The comparison audit is a powerful ongoing tool — encourage people to continue beyond this week. Some will find comparison patterns connected to early experiences of being ranked or found lacking. This session pairs well with Week 2 content.,,,,
7,1,See Clearly,See Clearly,Adult,The Inner Critic,Naming the Judge,"The voice that narrates your failures, and where it learned to speak","If that voice were a person, would you choose to spend time with them?",The inner voice,1 of 3,"18, 32",Standard,,,"In Buddhist psychology the inner critic is understood as a form of internal resistance that arises precisely when we are close to genuine growth. The tradition's response is not combat, not suppression — but recognition. 'I see you.' The critic loses power when it is clearly named.",In Buddhist psychology the inner critic is understood as a form of internal resistance that arises precisely when we are close to genuine growth.,,,"The inner critic is a group chat in your head that only ever roasts you — you can mute it and add a coach who's honest but kind. Today: when the roast fires, ask 'would I say this to my best mate?'",The inner critic is a group chat in your head that only ever roasts you — you can mute it and add a coach who's honest but kind.,,,"DRAFT — rewrite from the video transcript once the video is chosen.

Most of us have an inner voice far harsher than anything we'd say to someone we love. The inner critic is not healthy self-reflection — it is an internalised judge, often formed in childhood, that works against our growth while appearing to support it. This week we learn to hear it clearly and choose differently.",Read this sentence as if it were your own thought: 'You're probably not as good as you think you are. Other people are doing this so much better.' How familiar is that voice? What does it actually sound like in your head?,"Most of us have an inner voice far harsher than anything we'd say to someone we love. The inner critic is not healthy self-reflection — it is an internalised judge, often formed in childhood, that works against our growth while appearing to support it. This week we learn to hear it clearly and choose differently.",https://www.youtube.com/watch?v=IvtZBUSplr4,"TED Talk: 'The Space Between Self-Esteem and Self-Compassion' by Kristin Neff — evidence-based, warm, directly addresses the inner critic and what actually replaces it. Runtime ~20 min.",,,,"If that voice were a person, would you choose to spend time with them?","MEET YOUR CRITIC: Write down the inner critic's greatest hits — the specific phrases it returns to most often. Now: imagine this voice belonged to a specific person in your life — past or present. Who does it most sound like? Next: write a response from your wisest, most compassionate self to each critic statement — not a denial, but a grounded honest alternative. Share: the most common theme your inner critic returns to (not the specific content).","If your inner critic wrote a review of your life, what would it say? Then: if your wisest friend wrote the same review, what would they say? What's the gap?","Given what you noticed today, what is one thing you will do differently before next Sunday?","Each time your inner critic fires today, name it: 'There's the critic.' Don't argue. Just see it.","Tell someone about your inner critic — what it says, where you think it came from. Naming it to another person takes some of its power away.",Bring back one moment where you caught the inner critic and chose to respond differently.,,,I hear the critic. I see where it came from. And I choose the voice of my wiser self.,This session often releases strong emotional responses — normalise it. For many it's the first time they've examined the inner critic with compassion rather than trying to fight or indulge it. Keep the tone warm and non-clinical. Refer to professionals for anyone showing signs of severe self-criticism or depression.,,,,
8,1,See Clearly,See Clearly,Adult,Beneath the Surface — Emotions as Data,Reading the Data Stream,What sits underneath the emotion you noticed first,What were you feeling just before you got angry?,Emotions as data,1 of 3,"24, 43",Standard,,,"The Daoist principle of flowing like water applies to emotional life: water doesn't fight its container. It finds every crack, every passage, every opening — and it moves. Emotions blocked are like water behind a dam. They don't disappear. They build pressure. The practice is not controlling emotions — it's letting them flow with awareness.","The Daoist principle of flowing like water applies to emotional life: water doesn't fight its container. It finds every crack, every passage, every opening — and it moves.",,,"Anger is just the app icon; tap it and the real feeling opens underneath — fear, hurt, tiredness. Today: next time you're 'grumpy', open the icon and read what's actually inside.","Anger is just the app icon; tap it and the real feeling opens underneath — fear, hurt, tiredness.",,,"DRAFT — rewrite from the video transcript once the video is chosen.

Most of us have two modes with emotions: suppress or flood. We either push them down or get overwhelmed by them. This week we develop a third option: emotions as information. Every emotion is communicating something — about our values, our needs, our history. Learning to read that communication is a core growth skill.","Name three emotions you've felt in the past 48 hours. Now: what was each one actually telling you? If you can answer that quickly, you're already ahead of most people.","Most of us have two modes with emotions: suppress or flood. We either push them down or get overwhelmed by them. This week we develop a third option: emotions as information. Every emotion is communicating something — about our values, our needs, our history. Learning to read that communication is a core growth skill.",https://www.youtube.com/watch?v=HJSK3HpgFdM,TED Talk: 'You Aren't at the Mercy of Your Emotions' by Lisa Feldman Barrett — groundbreaking neuroscience on how emotions are constructed and how we have more agency than we think. Runtime ~18 min.,,,,What were you feeling just before you got angry?,"THE EMOTIONAL INTELLIGENCE AUDIT: Think of a difficult emotion you experienced recently — something that felt too much, wrong, or that you tried to suppress. Ask it these questions and write your answers: What exactly am I feeling (be specific — not just 'bad')? When did this feeling start? What triggered it? What is this feeling telling me about what I value, need, or fear? Is there a secondary emotion underneath this one? Share: the one question from that list you found hardest to answer.","Think of your dominant emotional response pattern: do you tend to suppress, explode, analyse, deflect, or something else? Where did you learn that response?","Given what you noticed today, what is one thing you will do differently before next Sunday?","Once today when an emotion arises, pause before responding and ask: 'What is this actually telling me?'",Share with one person an emotion you've been avoiding. Not the story around it — just: 'I've been carrying [emotion] and I think it's because [what it's pointing at].',Bring back one moment where you paused to read an emotion as information rather than reacting to or suppressing it.,,,"My emotions are data, not drama. They are always pointing at something true.","This is a technically rich session — don't rush the concepts. The key insight (emotions as information, not drama) is paradigm-shifting for most people. Ground the theory in immediate personal experience. The 'secondary emotion' concept often produces significant revelations — give space for that.",,,,
9,1,See Clearly,See Clearly,Adult,The Wounds We Carry,The Kintsugi Audit,"Old hurt, and what it costs to keep it unnamed",What is something you have never fully allowed yourself to grieve?,Old hurt,1 of 3,"21, 23",Standard,,,"In the Japanese art of kintsugi, broken pottery is repaired with gold — the cracks made visible, made beautiful. The break is not hidden. It is honoured. The philosophy beneath it: what has broken is part of the story. The repair is part of the beauty. This is the practice of this session — not hiding the cracks, but beginning to look at them.","In the Japanese art of kintsugi, broken pottery is repaired with gold — the cracks made visible, made beautiful. The break is not hidden. It is honoured.",,,"Old hurts are a heavy backpack you've worn so long you forgot it's on — naming them in a safe room is setting it down for a minute. Today: name one thing you've been carrying, just to feel the weight lift.",Old hurts are a heavy backpack you've worn so long you forgot it's on — naming them in a safe room is setting it down for a minute.,,,"DRAFT — rewrite from the video transcript once the video is chosen.

All of us have been hurt — by people who were supposed to protect us, by experiences that exceeded our capacity to cope, by systems that didn't see us. Some of those experiences left marks that continue to shape how we move through the world. This week we look at what we carry — with honesty, courage, and enormous compassion.",Without going into detail: what's one experience from your past that you suspect is still shaping you in ways you haven't fully examined? You don't have to name it specifically — just acknowledge it's there.,"All of us have been hurt — by people who were supposed to protect us, by experiences that exceeded our capacity to cope, by systems that didn't see us. Some of those experiences left marks that continue to shape how we move through the world. This week we look at what we carry — with honesty, courage, and enormous compassion.",https://www.youtube.com/watch?v=95ovIJ3dsNk,TED Talk: 'How Childhood Trauma Affects Health Across a Lifetime' by Nadine Burke Harris — landmark ACEs research presented with compassion and hope. Runtime ~16 min.,,,,What is something you have never fully allowed yourself to grieve?,"LEGACY CODE MAPPING — quiet and private: In your journal, explore whichever prompt feels right: 'One experience I know is still with me is...' / 'A pattern I have that I suspect came from being hurt is...' / 'Something I learned about love/safety/trust from an early wound is...' / 'Something I've been carrying that doesn't fully belong to the present is...' Write as much or as little as you choose. This is for you. After 5–7 minutes: take a breath. Place your hand on your heart. Notice any shifts in your body.",If the wound you've been carrying could finally speak clearly — what would it need you to know?,"Given what you noticed today, what is one thing you will do differently before next Sunday?",Notice once today when a present situation triggers what feels like an old wound. You don't have to resolve it. Just notice: 'This feels older than now.',"If it feels right, speak the name of something you're carrying to one trusted person — not the full story, just: 'I'm carrying something and I'm starting to look at it.'",Bring one reflection from this week's journal exercise — or simply how it felt to acknowledge the question.,,,"What I carry does not define me. I see it clearly. And in seeing it, I begin the repair.",CRITICAL: Most emotionally sensitive session of Phase 1. Make crystal clear this is NOT trauma processing — it is an awareness session. Have professional referral resources printed and available. Never ask anyone to share specific trauma content publicly. Some participants may need to step out — have a quiet space and support person available. Follow duty of care protocol if any safety concerns arise.,,,YES,
10,1,See Clearly,See Clearly,Adult,The Masks We Wear,Frontend and Backend,The gap between the public self and the private one,Is there something you feel or want that you have never let yourself express?,Masks and being seen,1 of 3,"22, 42",Standard,,,"In theatre tradition the mask (persona) was originally a tool — it amplified voice and communicated character. But when the mask becomes fused to the face, the actor loses access to their own expression. The question is not whether you wear masks — everyone does. The question is: do you still know your own face?",In theatre tradition the mask (persona) was originally a tool — it amplified voice and communicated character.,,,"Your profile is the filtered photo; the real you is the whole camera roll — and the right people want the camera roll. Today: show one true, unfiltered thing to someone safe.",Your profile is the filtered photo; the real you is the whole camera roll — and the right people want the camera roll.,,,"DRAFT — rewrite from the video transcript once the video is chosen.

Most of us present different versions of ourselves in different contexts — and that's not inherently a problem. But when the mask becomes more familiar than the face underneath, we've lost something important. This week we examine the performances we give and the cost of maintaining them.",Think of the most socially managed version of yourself — the performance you give when you're trying to be received well. How different is that person from the version that exists when no one is watching?,"Most of us present different versions of ourselves in different contexts — and that's not inherently a problem. But when the mask becomes more familiar than the face underneath, we've lost something important. This week we examine the performances we give and the cost of maintaining them.",https://www.youtube.com/watch?v=iCvmsMzlF7o,"TED Talk: 'The Power of Vulnerability' by Brené Brown — the foundational research on authenticity, connection, and the cost of armoured performance. One of the most-watched TED Talks ever. Runtime ~20 min.",,,,Is there something you feel or want that you have never let yourself express?,THE MASK INVENTORY: Draw or describe three masks you wear regularly: 1. The professional/competence mask. 2. The 'everything's fine' mask. 3. The mask that hides the need for help. For each: What does it protect? What does it cost? Who in your life has seen most clearly behind it? Now: what would happen if one of those masks came down a little? What is the specific fear — and how likely is it to actually happen? Share: one mask and what it costs you.,Think of a relationship where you've maintained a significant mask. What do you think would actually happen if that person saw more of the real you? What does your answer tell you about the relationship?,"Given what you noticed today, what is one thing you will do differently before next Sunday?","Notice once today when you put a mask on — and ask: 'Is this necessary right now, or is it fear?'",Show someone a tiny bit of what's usually behind one of your masks — something genuine and slightly vulnerable. Notice what happens.,Bring back: what happened when you experimented with a little more authenticity this week?,,,"I know my own face. The masks I wear are chosen — not required. I choose from security, not fear.",The mask metaphor is universally resonant and often produces significant insight without requiring dramatic disclosure. Watch for the person who has maintained very rigid masks — dropping them even conceptually can be destabilising. Ensure the session ends in a place of safety and agency.,,,,
11,1,See Clearly,See Clearly,Adult,Seeing Others Clearly,Calibrating the Sensor,The unseen story behind someone else's behaviour,Think of someone you find difficult. What might they be carrying?,Seeing others,1 of 3,"44, 48",Standard,,,"The Daoist tradition speaks of action without ego-driven interference. Applied to perception: to see clearly is to look without the constant overlaid commentary of our own needs, fears, and judgments. This is what contemplative traditions call direct perception — not easy, but profoundly possible with practice.",The Daoist tradition speaks of action without ego-driven interference.,,,Everyone's driving with a dashcam you can't see — the person who cut you off might be racing to a hospital. Today: give one person the benefit of their unseen story.,Everyone's driving with a dashcam you can't see — the person who cut you off might be racing to a hospital.,,,"DRAFT — rewrite from the video transcript once the video is chosen.

We don't just have distorted views of ourselves — we have distorted views of other people. We project our fears, needs, and stories onto others. We mistake interpretation for objective reality. And we often fail to genuinely see the person in front of us. This week we develop clearer perception of others.","Think of someone who genuinely frustrates or irritates you. Now: honestly, what about them most bothers you? And is there any chance that quality exists — even in small measure — in yourself?","We don't just have distorted views of ourselves — we have distorted views of other people. We project our fears, needs, and stories onto others. We mistake interpretation for objective reality. And we often fail to genuinely see the person in front of us. This week we develop clearer perception of others.",https://www.youtube.com/watch?v=baHrcC8B4WM,"YouTube: 'The Power of Empathy' — Brené Brown RSA animation. Short, brilliant, directly addresses the difference between empathy and sympathy. Runtime ~3 min.",,,,Think of someone you find difficult. What might they be carrying?,"PROJECTION AUDIT: Think of three people who currently frustrate or trigger you. For each one: 1. What specifically bothers you about them? 2. Honestly: does any version of that quality or behaviour exist in you? 3. What story are you telling about why they do what they do? Is there an alternative story? 4. What do you actually know — objectively — about their situation, history, and internal state? Share: one insight about the gap between your story about someone and what you actually know.",Think of a relationship where you have consistently interpreted someone's behaviour negatively. Is there an alternative interpretation you have been avoiding? Why might you be avoiding it?,"Given what you noticed today, what is one thing you will do differently before next Sunday?","Once today when you have a negative judgment about someone, ask: 'What do I actually know — versus what have I assumed or projected?'",Tell someone a story you've been telling about a difficult relationship — and then tell them the most generous alternative interpretation you can construct.,Bring back one example of catching yourself in projection or attribution error this week.,,,"I see people as clearly as I can — as complex, contextual human beings, not as characters in my story.","The projection audit can be genuinely confronting — some people will realise mid-exercise that they've been unfair to someone for a long time. Hold space for that without forcing resolution. The point is clarity, not reconciliation.",,,,
12,1,See Clearly,See Clearly,Adult,The Habit Loop — How We Got Here,Mapping the Loops,"Trigger, action, reward, and the automatic life","What do you do — reliably, almost without deciding — when you are uncomfortable?",Habits and structure,1 of 4,"29, 33, 47",Standard,,,In Daoist thought the concept of wu wei is often misunderstood as passivity. It is actually the opposite: action so aligned with natural patterns that it requires no forcing. The master potter does not fight the clay — they understand its nature completely. Habit change works the same way: fighting habits through willpower fails. Working with their natural structure — understanding the loop — is how genuine change happens.,In Daoist thought the concept of wu wei is often misunderstood as passivity.,,,A habit is an autoplay playlist — one trigger and the next track just starts. Today: spot the trigger track for one habit and swap the next song on purpose.,A habit is an autoplay playlist — one trigger and the next track just starts.,,,"DRAFT — rewrite from the video transcript once the video is chosen.

Most of our daily behaviour — researchers estimate up to 45% — is habit, not conscious choice. Understanding how habits form, how they're maintained, and what function they serve is the foundation of genuine behaviour change. This week we map the loops.","Think of a habit you have that you genuinely want to change — not a moral failing, just a pattern. You've probably tried before. What happened?","Most of our daily behaviour — researchers estimate up to 45% — is habit, not conscious choice. Understanding how habits form, how they're maintained, and what function they serve is the foundation of genuine behaviour change. This week we map the loops.",https://www.youtube.com/watch?v=-moW9jvvMr4,YouTube: Charles Duhigg book talk or animated summary of 'The Power of Habit' — the habit loop explained clearly and engagingly. Also: James Clear on atomic habits is widely available. Runtime ~10–20 min.,,,,"What do you do — reliably, almost without deciding — when you are uncomfortable?","THE HABIT LOOP AUDIT: For one habit you want to change, map it completely: 1. THE CUE — what triggers the habit? (Time of day, location, emotional state, preceding event, social context?) 2. THE ROUTINE — what is the habit itself, specifically? 3. THE REWARD — what does the habit actually give you short-term? Be honest — there IS a reward or it wouldn't persist. 4. THE REAL NEED — what underlying need is the reward meeting? (Connection? Stress relief? Stimulation? Numbness?) 5. ALTERNATIVE ROUTINE — what else could meet that same underlying need more functionally? Share: the reward and the underlying need from your loop.",Think of a habit in your life you've maintained for years. What original need was it meeting? Is it still meeting that need — or just running on autopilot?,"Given what you noticed today, what is one thing you will do differently before next Sunday?","Catch one habit running today — not to judge it, just to see the full loop: cue, routine, reward. Write it down.",Tell someone about the underlying need your habit is meeting. Not the habit itself — the need. How does it feel to name that directly?,"Bring back your complete habit loop map — cue, routine, reward, real need, and one alternative you're considering.",,,I understand my patterns. That understanding is the foundation of everything I want to change.,The habit loop audit is one of the most practically valuable exercises of Phase 1 — give people enough time to genuinely work through all five columns. The 'real need' column is often the revelation. This session sets up Phase 2 directly.,,,,
13,1,See Clearly,See Clearly,Adult,Integration — What We Now See,The Audit Is Complete,"Gathering the movement: signal, story, body, loop",What have you noticed about yourself in the last thirteen weeks that you hadn't before?,Integration,1 of 4,"26, 39, 52",Integration,,,In Daoist thought the completion of a cycle is not an ending but a turning — a return to the beginning with different eyes. What you've seen in yourself over the past 13 weeks contains both challenge and opportunity. The integration is choosing what to do with the opportunity.,In Daoist thought the completion of a cycle is not an ending but a turning — a return to the beginning with different eyes.,,,"You've been handed a toolkit — a pause button, a feelings-iceberg, a mirror, a mute button for the critic. Today: pick the one tool you'll actually keep in your pocket.","You've been handed a toolkit — a pause button, a feelings-iceberg, a mirror, a mute button for the critic.",,,"DRAFT — rewrite from the video transcript once the video is chosen.

Thirteen weeks of honest looking. This is not the end of seeing clearly — it is the beginning. Phase 1 closes with integration: taking stock of what has shifted, what has become visible, and what you're carrying into Phase 2 with new eyes. This is a threshold, not a summary.","If you had to describe who you were before this phase started — and who you are now, 13 weeks later — what would be most different? Not externally. In what you can see.","Thirteen weeks of honest looking. This is not the end of seeing clearly — it is the beginning. Phase 1 closes with integration: taking stock of what has shifted, what has become visible, and what you're carrying into Phase 2 with new eyes. This is a threshold, not a summary.",https://www.youtube.com/watch?v=sPOuCd6cBao,"YouTube: 'This Is Water' — David Foster Wallace 2005 commencement speech, animated. About the transformation of ordinary awareness into genuine seeing. One of the most important short pieces of content of the year. Runtime ~9 min.",,,,What have you noticed about yourself in the last thirteen weeks that you hadn't before?,"INTEGRATION CIRCLE: In your journal, spend 10 minutes: 1. What is the clearest thing I can now see about myself that I couldn't see 13 weeks ago? 2. What pattern have I been most challenged to acknowledge? 3. What have I been carrying that I now understand a little better? 4. What am I choosing to take into Phase 2 as an honest commitment? Then, if you choose: share one insight with the group — not what you need to change, but what you can now see clearly. Listen without response. This is witnessing, not fixing.",Write a letter to yourself from 13 weeks ago. What does the version of you that has done this work want them to know?,"Given what you noticed today, what is one thing you will do differently before next Sunday?",Revisit your very first week of observations — what have you noticed that has shifted since Week 1?,Share with someone who isn't in this group: 'I've been working on understanding myself better. One thing I can see now that I couldn't before is...' Notice what it feels like to own that growth.,Come to the final session of Phase 1 ready to read your letter to yourself if you choose.,,,"I see myself more clearly now. And in that clearer seeing, I am more free.","This is a ceremonial session — treat it as such. Create intentional ritual: candles, music, a physical symbol of crossing a threshold if appropriate to your group. Allow letters to be read aloud if people consent. This closing should feel genuinely significant. People have done real work. Honour it.",,,,
14,2,Unlearn,Unlearn,Adult,The Permission You're Still Waiting For,You Are the Authority,Waiting to be authorised by someone who is not coming,What are you waiting for permission to do?,Permission and values,1 of 4,"15, 28, 43",Movement opener,,,"There is a Daoist concept of zìrán — naturalness, or spontaneous self-expression. Not recklessness, but action that arises from your authentic nature rather than from waiting for external permission. The ancient teachers observed: the river does not wait for permission to flow. Neither does anything that is truly alive.","There is a Daoist concept of zìrán — naturalness, or spontaneous self-expression.",,,You keep refreshing an inbox for an approval email that's never coming — because you're the one who has to hit send. Today: give yourself the green light on one thing you've been waiting on.,You keep refreshing an inbox for an approval email that's never coming — because you're the one who has to hit send.,,,"DRAFT — rewrite from the video transcript once the video is chosen.

Many of us are living on hold — waiting for someone to tell us it's okay to start, to change, to be who we actually are. We're waiting for a parent's approval, a partner's green light, the right moment, or enough confidence. This week we examine the permission we've been waiting for — and recognise that it was always ours to give.","What is something you've been waiting to do — start, say, become — until some condition is met? What exactly are you waiting for? And who, specifically, would need to give you that permission?","Many of us are living on hold — waiting for someone to tell us it's okay to start, to change, to be who we actually are. We're waiting for a parent's approval, a partner's green light, the right moment, or enough confidence. This week we examine the permission we've been waiting for — and recognise that it was always ours to give.",https://www.youtube.com/watch?v=iG9CE55wbtY,TED Talk: 'Why You Should Define Your Fears Instead of Your Goals' by Tim Ferriss — explores the internal barriers we construct and the self-authorisation required to move past them. Runtime ~13 min.,,,,What are you waiting for permission to do?,"PERMISSION AUDIT: In your journal, complete these sentences honestly: 'I've been waiting to [action] until [condition].' List as many as you can find — big and small. For each one, ask: Who would be giving me this permission if I received it? What would they actually be saying? Is there any reason — real, present-day reason — why I cannot give myself that same permission right now? Share: one permission you've been waiting for — and what you'd do immediately if you gave it to yourself today.",What is the oldest permission you've been waiting for — and from whom? Is that person actually the authority you've made them?,"Given what you noticed today, what is one thing you will do differently before next Sunday?",Notice once today when you catch yourself waiting for permission. Ask: from whom? And why do they have that authority?,Tell someone about one thing you're giving yourself permission to pursue — and ask them to hold you to it.,Come back with the first small act of self-permission you took this week. What happened?,,,I do not need to wait. I am the authority over my own becoming.,"This session often surfaces deep emotion — particularly for people who have been waiting in significant areas of their life (leaving relationships, changing careers, starting creative work). Keep the tone empowering rather than urgent. This is not about impulsive action — it is about reclaiming authority.",,,,
15,2,Unlearn,Unlearn,Adult,Letting Go of Who You Were Supposed to Be,Default Settings and Custom Configuration,The inherited script of should,Whose expectations are you still living inside?,Permission and values,2 of 4,"14, 28, 43",Standard,,,"The Daoist concept of pu — the uncarved block — describes the state of original, unconditioned potential before social shaping has imposed a fixed form. You were once an uncarved block. A great deal has been carved since. The practice is not returning to the uncarved block — that's impossible. The practice is distinguishing between carving you chose and carving that was done to you.","The Daoist concept of pu — the uncarved block — describes the state of original, unconditioned potential before social shaping has imposed a fixed form.",,,You've been reading lines off a teleprompter someone else wrote — but it isn't your story. Today: put down one 'should' and say the line that's actually yours.,You've been reading lines off a teleprompter someone else wrote — but it isn't your story. Today: put down one 'should' and say the line that's actually yours.,,,"DRAFT — rewrite from the video transcript once the video is chosen.

Most of us are carrying an image of who we were supposed to become — defined by family expectation, cultural script, early ambition, or the version of success we absorbed from our environment. When life doesn't match that image, it can feel like failure. This week we examine that image — and ask whether it was ever actually ours.","Describe the person you were supposed to become — the version your family, culture, or early self expected. How closely does your current life match that image? And how do you feel about the gap?","Most of us are carrying an image of who we were supposed to become — defined by family expectation, cultural script, early ambition, or the version of success we absorbed from our environment. When life doesn't match that image, it can feel like failure. This week we examine that image — and ask whether it was ever actually ours.",https://www.youtube.com/watch?v=NiuDFBNDoSk,YouTube: 'There's More to Life Than Being Happy' by Emily Esfahani Smith — explores meaning vs. expected happiness and the freedom of living by your own values. Runtime ~12 min.,,,,Whose expectations are you still living inside?,"THE LIFE SCRIPT AUDIT: In your journal, write the life script you were given — the explicit or implicit expectations about your career, relationships, values, lifestyle, success markers. Be specific: who wrote it? What were the exact expectations? Now: which parts of that script did you consciously choose? Which parts are you living out of habit, obligation, or fear of disappointing someone? Which parts would you rewrite, if you had full permission? Share: one expectation you've been carrying that you're ready to examine.",What is one thing you've continued doing primarily because it matches who you were supposed to be — not who you actually are?,"Given what you noticed today, what is one thing you will do differently before next Sunday?",Notice once today a choice you make that aligns with your actual values rather than your inherited script.,Tell one person about one way your life has diverged from 'the plan' — and share how you actually feel about that divergence.,Bring back: what emerged when you wrote your life script? What surprised you?,,,"I am not the person I was supposed to be. I am something more honest, more mine, and more alive.","This session carries real grief for many people — particularly those who have sacrificed significant life choices to meet family or cultural expectations. Honour the grief without rushing to reframe it as positive. The work is witnessing, not fixing.",,,,
16,2,Unlearn,Unlearn,Adult,The Forgiveness Loop,Completing the Process,"Resentment, and who it actually costs","What are you still holding against someone, and what does holding it give you?",Forgiveness,1 of 3,"17, 45",Standard,,,"Ancient wisdom traditions across cultures converge on a radical idea: forgiveness is not a gift given to the wrongdoer. It is freedom claimed by the one who was wronged. The Daoist tradition frames it as releasing attachment to the outcome — not approving of the harm, but releasing the grip of the harm on your present moment.",Ancient wisdom traditions across cultures converge on a radical idea: forgiveness is not a gift given to the wrongdoer.,,,Resentment is gripping a hot coal to throw at someone — you're the one getting burned. Today: name one grudge and picture opening your hand and setting the coal down.,Resentment is gripping a hot coal to throw at someone — you're the one getting burned.,,,"DRAFT — rewrite from the video transcript once the video is chosen.

Unforgiveness is one of the heaviest things a human being can carry. Not because the other person deserves forgiveness — but because the person carrying the resentment is the one paying the physiological and psychological cost. This week we examine what forgiveness actually is — and what it isn't.",Think of someone you have not forgiven — or only partially forgiven. Don't name them aloud. Just notice: what happens in your body when you bring them to mind? That physiological response is the cost you're currently paying to keep the resentment running.,Unforgiveness is one of the heaviest things a human being can carry. Not because the other person deserves forgiveness — but because the person carrying the resentment is the one paying the physiological and psychological cost. This week we examine what forgiveness actually is — and what it isn't.,https://www.youtube.com/watch?v=Ik_V3UIqoQ0,"YouTube: 'Forgiveness' — Fred Luskin Stanford Forgiveness Project talk on what forgiveness actually is, the science behind it, and why it matters for health. Search for available versions. Runtime ~15–20 min.",,,,"What are you still holding against someone, and what does holding it give you?","THE FORGIVENESS INVENTORY: In your journal, write about one person or situation where you're carrying unforgiveness. Work through these steps: 1. Name the harm fully — what actually happened, what it cost you. 2. Acknowledge your emotional response — all of it, without editing. 3. Identify the story you've been repeating — how you've been re-telling this harm internally. 4. Ask honestly: what has carrying this cost you? What has it kept you from? 5. What would it mean — not to excuse the harm, but to release your own grip on it? Share: one insight from working through this — not necessarily the specific harm.",What is the oldest resentment you're still carrying? What has it cost you — not them — to hold it this long?,"Given what you noticed today, what is one thing you will do differently before next Sunday?","Once today, when you notice a resentment replaying, say internally: 'I acknowledge this hurt. I choose to release my grip on the story.' See what happens.",Share with one trusted person that you are working on releasing a resentment. You don't have to name who or what — just that you're doing the work.,Bring back: what shifted — even slightly — when you worked through the forgiveness inventory?,,,"I release the grip of resentment — not for them, but for myself. The energy is mine again.",This session can be deeply moving. Some participants will be carrying resentment toward deceased people — acknowledge that forgiveness does not require the other person to be present or even alive. Others will be carrying resentment toward themselves — gently note that self-forgiveness is Week 17. Never pressure anyone to forgive before they are ready.,,,YES,
17,2,Unlearn,Unlearn,Adult,Forgiving Yourself,Clearing the Cache,Accountability without self-attack,Is there something you have not forgiven yourself for?,Forgiveness,2 of 3,"16, 45",Standard,,,"The concept of ren in Confucian and Daoist philosophy — often translated as benevolence or humaneness — was considered the highest virtue. Critically, it begins with the self: you cannot genuinely extend humaneness to others from a place of ongoing self-prosecution. The ancient teachers understood what modern psychology confirms: self-compassion is not selfishness. It is the foundation of genuine contribution.",The concept of ren in Confucian and Daoist philosophy — often translated as benevolence or humaneness — was considered the highest virtue.,,,You wouldn't keep charging a friend for a debt they already paid — so stop billing yourself for the same mistake. Today: mark one thing 'paid — lesson kept' and close the account.,You wouldn't keep charging a friend for a debt they already paid — so stop billing yourself for the same mistake.,,,"DRAFT — rewrite from the video transcript once the video is chosen.

For many people, forgiving others is difficult — but forgiving themselves is nearly impossible. We hold ourselves to a standard of perfection that we would never apply to someone we loved. The result is a chronic state of internal prosecution — always on trial, never acquitted. This week we examine what it would mean to finally offer yourself the verdict of enough.","Think of something you have not forgiven yourself for — a decision, a failure, a harm you caused, a version of yourself you're ashamed of. Notice: how long have you been carrying this? What has it cost you?","For many people, forgiving others is difficult — but forgiving themselves is nearly impossible. We hold ourselves to a standard of perfection that we would never apply to someone we loved. The result is a chronic state of internal prosecution — always on trial, never acquitted. This week we examine what it would mean to finally offer yourself the verdict of enough.",https://www.youtube.com/watch?v=IvtZBUSplr4,TED Talk: Kristin Neff on self-compassion — the most research-backed resource on self-forgiveness available. Also search 'Kristin Neff self-forgiveness' for specific talks on this topic. Runtime ~15–20 min.,,,,Is there something you have not forgiven yourself for?,"SELF-FORGIVENESS PRACTICE: In your journal, work through one thing you haven't forgiven yourself for: 1. State clearly what happened — without minimising or catastrophising. 2. Acknowledge the harm caused — to yourself or others. 3. Acknowledge the remorse genuinely — not performed guilt, but real accountability. 4. Ask: what did I learn from this? What would I do differently? 5. Now write the response from your wisest, most compassionate self — as if you were responding to a close friend who had told you the same story. What would you say to them? Share: one insight from this process — not the specific content.",Write the letter you would send a close friend if they confessed to you the thing you haven't forgiven yourself for. Then read it back — to yourself.,"Given what you noticed today, what is one thing you will do differently before next Sunday?","Once today, when self-critical thoughts arise, try: 'I acknowledge what happened. I am learning. I am enough.' Notice the physiological difference from the usual self-prosecution.",Tell one person something you've been hard on yourself about — and let them respond without fixing it. Receive their response.,Bring back: what was it like to write the letter to yourself? What did your wisest self say?,,,I extend to myself the same compassion I would give to someone I love. I am accountable and I am enough.,"This is one of the most emotionally significant sessions of the year. Many people are carrying decades of self-judgment. The three-component process (acknowledge, remorse, compassion) is important — rushing to the compassion step without genuine acknowledgment feels hollow. Go slowly. Allow silence.",,,YES,
18,2,Unlearn,Unlearn,Adult,Rewiring the Critic — Building the Inner Coach,Building the Better Architecture,Turning the harsh voice into an honest one,What would a fair version of that voice have said instead?,The inner voice,2 of 3,"7, 32",Standard,,,The Daoist concept of the master teacher is instructive here: a true master does not diminish the student. They challenge them toward their actual capacity. The inner critic mistakes diminishment for challenge. The inner coach knows the difference. Building the inner coach is the practice of becoming your own true master.,The Daoist concept of the master teacher is instructive here: a true master does not diminish the student. They challenge them toward their actual capacity.,,,"Swap the heckler in your head for a good coach — same honesty, opposite tone. Today: rewrite one harsh line the way a great coach would say it.","Swap the heckler in your head for a good coach — same honesty, opposite tone. Today: rewrite one harsh line the way a great coach would say it.",,,"DRAFT — rewrite from the video transcript once the video is chosen.

In Phase 1 we identified the inner critic — where it came from and what it costs. Now, in Phase 2, we do the rewiring. This is not about silencing the critical voice forever. It is about replacing it with something more functional: an inner coach who is honest, grounded, and genuinely on your side.","Think of the most effective mentor, teacher, or coach you've ever had — real or imagined. What was the quality of their inner voice toward you? How did they deliver honest feedback without destroying your confidence? That voice is the template.","In Phase 1 we identified the inner critic — where it came from and what it costs. Now, in Phase 2, we do the rewiring. This is not about silencing the critical voice forever. It is about replacing it with something more functional: an inner coach who is honest, grounded, and genuinely on your side.",https://www.youtube.com/watch?v=pN34FNbOKXc,YouTube: Carol Dweck on growth mindset and the language of coaching — search 'Carol Dweck growth mindset feedback' for talks specifically about how we talk to ourselves and others about challenges. Runtime ~15 min.,,,,What would a fair version of that voice have said instead?,"BUILDING THE COACH: For the inner critic's 5 most common statements about you, write the inner coach's response to the same situation. Use this template — Coach response: Acknowledge the difficulty (e.g. 'That was genuinely hard'), state the specific observation (not global judgment), ask a growth question (e.g. 'What can I learn here?'), and affirm forward capacity (e.g. 'You've handled harder things than this'). Practise reading the coach response aloud to yourself — notice the physiological difference. Share: what the coach says that the critic never says.",Write a 'coach's briefing' for yourself before a challenging situation this week — the kind of preparation a truly skilled coach would give an athlete before a high-stakes moment.,"Given what you noticed today, what is one thing you will do differently before next Sunday?","Once today when the critic fires, deliberately run the coach script instead. Even if it feels artificial at first — do it anyway. The neural pathway is built through repetition, not feeling.",Share with one person: what does your inner coach say that your critic doesn't? Ask them to reinforce the coach voice when they see you defaulting to self-criticism.,Bring back: what happened when you ran the coach script this week? What shifted?,,,"My inner coach is honest, grounded, and genuinely on my side. That voice gets stronger every time I use it.","This session is highly practical and actionable — people leave with a specific skill they can use immediately. The coach script template should be practiced in the room, not just discussed. Some people will find the coach voice feels 'fake' at first — normalise this: it IS a new neural pathway and it does feel strange before it feels natural.",,,,
19,2,Unlearn,Unlearn,Adult,Breaking the People-Pleasing Pattern,Reorienting the Function,Kindness from fear against kindness from choice,When did you last say yes when you meant no?,Choice and response,2 of 3,"3, 43",Standard,,,"The Daoist concept of ziran — natural, spontaneous action arising from one's true nature — stands in direct contrast to the people-pleasing pattern. The Daoist teachers observed: when a tree grows toward its natural form, it is beautiful. When it is trained to grow in someone else's preferred direction, it survives — but at a cost. The branches that grow against the grain are where the beauty actually lives.","The Daoist concept of ziran — natural, spontaneous action arising from one's true nature — stands in direct contrast to the people-pleasing pattern.",,,Saying yes to everything is never closing any apps — your battery hits 1% by noon; a boundary is low-power mode on purpose. Today: turn one fear-'yes' into an honest 'no'.,Saying yes to everything is never closing any apps — your battery hits 1% by noon; a boundary is low-power mode on purpose.,,,"DRAFT — rewrite from the video transcript once the video is chosen.

People-pleasing is rarely about kindness. It is almost always about fear — fear of conflict, rejection, disapproval, or the discomfort of being seen as inadequate. The result is a life lived in service of other people's comfort at the expense of one's own authenticity and wellbeing. This week we examine the pattern — and begin to dismantle it.",Complete this sentence: 'I find it hardest to say no to...' Now ask: is the difficulty about genuine care for that person — or about the discomfort of their potential disappointment?,"People-pleasing is rarely about kindness. It is almost always about fear — fear of conflict, rejection, disapproval, or the discomfort of being seen as inadequate. The result is a life lived in service of other people's comfort at the expense of one's own authenticity and wellbeing. This week we examine the pattern — and begin to dismantle it.",https://www.youtube.com/watch?v=MIte_1vcOqs,"YouTube: Search 'people pleasing fawn response psychology' or Nedra Tawwab on boundaries — practical, evidence-based content on the people-pleasing pattern and how to shift it. Runtime ~10–20 min.",,,,When did you last say yes when you meant no?,"THE PEOPLE-PLEASING AUDIT: In three columns: 1. Situations where you consistently say yes when you mean no (be specific). 2. What you fear would happen if you said no. 3. What the realistic outcome would actually be. For column 2: examine the fear carefully. Is it based on evidence — or on an old pattern? For column 3: distinguish between 'they might be temporarily disappointed' (usually tolerable) and 'there would be a genuine, serious consequence' (sometimes real). Share: one pattern from column 1 — without necessarily naming the specific person or situation.","Write about a relationship where people-pleasing is most active. What are you protecting? What are you sacrificing? What would honest, boundaried engagement actually look like?","Given what you noticed today, what is one thing you will do differently before next Sunday?","Practice a small, low-stakes no today — something where the consequence is mild discomfort rather than serious harm. Notice what happens before, during, and after.",Tell one person you are working on this pattern. Ask them to notice when you agree to things that don't align with your values.,Bring back: what happened when you practised the small no this week? What did you fear vs. what actually happened?,,,"I am not defined by other people's approval. My authenticity is a contribution, not a risk.","People-pleasing is often seen as a virtue — be clear that the session is not encouraging selfishness, but rather distinguishing between genuine care (choosing to help from a full place) and fear-based compliance (saying yes to manage anxiety). Some people will realise their entire relationship history has been shaped by this pattern. Go gently.",,,,
20,2,Unlearn,Unlearn,Adult,Unlearning Scarcity — There Is Enough,Uninstalling the Scarcity Operating System,The belief that there is not enough to go round,"What do you hold back on, in case there isn't enough?",Enough,2 of 3,"6, 46",Standard,,,"The Daoist concept of ziran — naturalness — includes the observation that nature itself does not operate from scarcity. A tree does not ration its leaves. A river does not calculate whether there is enough water to keep flowing. The scarcity mindset is imposed, not inherent. The ancient practice was to observe nature's abundance and learn to trust it.",The Daoist concept of ziran — naturalness — includes the observation that nature itself does not operate from scarcity. A tree does not ration its leaves.,,,"Kindness isn't a biscuit tin that empties — it's a candle that lights other candles and loses nothing. Today: give something away as if it multiplies, because it does.",Kindness isn't a biscuit tin that empties — it's a candle that lights other candles and loses nothing.,,,"DRAFT — rewrite from the video transcript once the video is chosen.

Scarcity thinking is one of the most pervasive and unexamined belief systems in contemporary life. It runs in the background of most decisions — there isn't enough time, money, love, opportunity, or worthiness to go around. This week we examine the scarcity operating system and explore what becomes possible when we uninstall it.",Complete this sentence: 'There is never enough...' What came up most quickly? Time? Money? Love? Recognition? Worthiness? That's your dominant scarcity programme.,"Scarcity thinking is one of the most pervasive and unexamined belief systems in contemporary life. It runs in the background of most decisions — there isn't enough time, money, love, opportunity, or worthiness to go around. This week we examine the scarcity operating system and explore what becomes possible when we uninstall it.",https://www.youtube.com/watch?v=iCvmsMzlF7o,TED Talk: 'The Scarcity Trap: Why We Keep Digging When We're Stuck in a Hole' — Sendhil Mullainathan. Evidence-based exploration of how scarcity thinking shapes behaviour and cognition. Runtime ~15 min.,,,,"What do you hold back on, in case there isn't enough?","SCARCITY AUDIT: In your journal, explore which domains your scarcity thinking is most active: time, money, love/connection, recognition/success, worthiness. For each active domain: What is the specific fear? Is the scarcity real and current — or is it inherited, historical, or projected? What decisions have you made from this scarcity that you wouldn't make from abundance? What would you do differently if you genuinely believed there was enough? Share: one domain where scarcity thinking runs most strongly — and one decision it has driven.","Write about a relationship in your life where you've been operating from scarcity — guarding connection, withholding yourself, competing rather than collaborating. What would that relationship look like if you approached it from genuine abundance?","Given what you noticed today, what is one thing you will do differently before next Sunday?",Notice one scarcity thought today — 'there isn't enough time / I'm not enough / there won't be enough.' Ask: is this actually true right now? Or is it a pattern running on old data?,Tell someone about a scarcity pattern you're unlearning. Share specifically what abundance in that area would feel and look like.,Bring back: where did you notice scarcity thinking running this week — and what happened when you questioned it?,,,There is enough. I am enough. And I generate more of both when I believe this.,Scarcity around worthiness ('I am not enough') is particularly prevalent and often connects back to Week 2 (stories we carry) and Week 9 (wounds we carry). This session can land very deep — allow adequate time for the journalling component. The distinction between genuine material scarcity and inherited/projected scarcity is important to hold carefully.,,,,
21,2,Unlearn,Unlearn,Adult,The Relationships That Shaped You,Structural Assessment,What we absorbed from the people who raised and marked us,What did you learn about love from the people who raised you?,Old hurt,2 of 3,"9, 23",Standard,,,"The concept of relational wisdom in ancient traditions: Confucian thought emphasised the five fundamental relationships as the basis of a well-lived life — but always with the caveat that those relationships had to be honestly examined and consciously enacted, not merely inherited and repeated. Daoist thought added: the quality of any relationship depends on the quality of the person's relationship with themselves first.",The concept of relational wisdom in ancient traditions: Confucian thought emphasised the five fundamental relationships as the basis of a well-lived life — but always with the caveat…,,,"You inherited relationship 'settings' the way a phone ships with defaults — some are great, some need updating. Today: spot one default about love you want to change.","You inherited relationship 'settings' the way a phone ships with defaults — some are great, some need updating. Today: spot one default about love you want to change.",,,"DRAFT — rewrite from the video transcript once the video is chosen.

We are relational beings. The relationships that formed us — primary caregivers, siblings, early friendships, romantic partners, authority figures — have shaped our templates for intimacy, trust, conflict, and belonging. This week we examine those templates honestly, with the goal of choosing which ones to carry forward.","Think of the relationship that has most shaped how you love, trust, and connect with others. Not necessarily your most positive relationship — the most formative one. What template did it install?","We are relational beings. The relationships that formed us — primary caregivers, siblings, early friendships, romantic partners, authority figures — have shaped our templates for intimacy, trust, conflict, and belonging. This week we examine those templates honestly, with the goal of choosing which ones to carry forward.",https://www.youtube.com/watch?v=WjOowWxOXCg,YouTube: Search 'attachment theory explained adults' or 'John Bowlby attachment theory animated' for accessible explainers. Also: search 'anxious avoidant attachment adult relationships' for practical content. Runtime ~10–20 min.,,,,What did you learn about love from the people who raised you?,"RELATIONAL TEMPLATE MAPPING: In your journal, map the key relationships that shaped you: a primary caregiver, a significant early friendship or romantic relationship, an authority figure. For each: What did this relationship teach you about trust, love, conflict, and your own worth in connection? What relational patterns do you now carry that trace back to this relationship? Which of those patterns are assets? Which are limitations? Where do you see these patterns showing up in your current relationships? Share: one pattern you've identified — without necessarily naming its origin.",Write about one relational pattern you'd like to unlearn. Where did it come from? What function did it originally serve? What would the upgraded version look like?,"Given what you noticed today, what is one thing you will do differently before next Sunday?",Notice once today in a relationship interaction when an old template seems to be running. You don't have to change it — just see it.,Tell one trusted person about a relational pattern you're examining. Ask them if they see it showing up in your relationship with them.,Bring back: what did you notice about old templates running in your relationships this week?,,,I understand how I was shaped by the relationships I've been part of. I choose which templates I carry forward.,"This is potentially the most psychologically rich session of Phase 2. Attachment theory can produce profound recognition and strong emotion. Keep the tone curious and compassionate — this is mapping, not blame. Some participants may need referral to a therapist to do deeper work with what emerges.",,,YES,
22,2,Unlearn,Unlearn,Adult,Setting Down the Armour,Updating the Security System,The defences that now keep connection out,"What are you protecting, and who is it keeping out?",Masks and being seen,2 of 3,"10, 42",Standard,,,"The Daoist concept of rou — softness, yielding, flexibility — is consistently described as the ultimate form of strength. 'The softest things in the world overcome the hardest things in the world.' The armoured surface resists but eventually cracks. The yielding surface absorbs and sustains. Setting down the armour is not weakness — it is the deeper form of strength.","The Daoist concept of rou — softness, yielding, flexibility — is consistently described as the ultimate form of strength.",,,"The armour that got you through school now sets off the metal detector at the hug. Today: lower one piece of armour — sarcasm, busyness, control — with one safe person.",The armour that got you through school now sets off the metal detector at the hug.,,,"DRAFT — rewrite from the video transcript once the video is chosen.

We all developed protective mechanisms — ways of keeping ourselves safe from vulnerability, hurt, and rejection. Those mechanisms were often necessary once. But armour that once protected you can become a prison. This week we examine what we're defended against, what the defence is costing us, and what becomes possible when we begin to set it down.",What is your most reliable piece of emotional armour — the strategy you go to most reliably when you feel vulnerable? Humour? Intellectualising? Disappearing? Overworking? Aggression? Agreeing too quickly?,"We all developed protective mechanisms — ways of keeping ourselves safe from vulnerability, hurt, and rejection. Those mechanisms were often necessary once. But armour that once protected you can become a prison. This week we examine what we're defended against, what the defence is costing us, and what becomes possible when we begin to set it down.",https://www.youtube.com/watch?v=iCvmsMzlF7o,TED Talk: 'The Power of Vulnerability' by Brené Brown — the foundational research on armour and what lies on the other side of it. Runtime ~20 min.,,,,"What are you protecting, and who is it keeping out?","ARMOUR AUDIT: In your journal, map your primary armour pieces: What is my main defensive strategy when I feel vulnerable? What specific situations reliably trigger it? What was the original threat this armour was built against? What does it protect me from now — and what does it also block that I actually want? What would I need to feel safe enough to set it down, even temporarily, in one low-risk situation? Share: one armour piece and what it costs you.",Write about what you most protect yourself from feeling or showing. What is the most realistic 'worst case' if that protection came down — and what is the most realistic 'best case'?,"Given what you noticed today, what is one thing you will do differently before next Sunday?",Choose one low-risk relationship or situation this week where you deliberately set a small piece of armour down — let something real show. Notice what happens.,Tell one person about a defensive strategy you're examining. Let them respond — and receive the response without retreating.,Bring back: what happened when you set a small piece of armour down this week?,,,I am strong enough to be soft. I choose openness not because danger has disappeared but because connection is worth the risk.,The armour session is often the one where people cry. That is appropriate — the armour has often been up for decades. Go slowly. Never push anyone to be more vulnerable than they are ready to be. Model the approach yourself as a facilitator: let something real show in how you hold the room.,,,,
23,2,Unlearn,Unlearn,Adult,Grief and Growth — What Endings Make Possible,Completing the Close,"Loss, and the ground it clears",What ended that you have not properly mourned?,Old hurt,3 of 3,"9, 21",Standard,,,"The concept of wu wei — not forcing, flowing with what is — applies directly to grief. Ancient wisdom traditions did not seek to eliminate grief. They created containers for it: mourning rituals, community witness, periods of designated sorrow. The container was not there to extend the grief indefinitely — but to ensure it was fully moved through, not skipped over.","The concept of wu wei — not forcing, flowing with what is — applies directly to grief. Ancient wisdom traditions did not seek to eliminate grief.",,,"Winter looks like the tree died, but it's just clearing the branches for spring. Today: name what an ending has quietly made room for.","Winter looks like the tree died, but it's just clearing the branches for spring. Today: name what an ending has quietly made room for.",,,"DRAFT — rewrite from the video transcript once the video is chosen.

Grief is not only about death. It is the appropriate response to any genuine loss — of a relationship, an identity, a version of your future, a belief that no longer holds. Most of us have been taught to get through grief quickly rather than move through it honestly. This week we honour what grief actually is — and what becomes possible on the other side.","What is something you've lost — a relationship, a life chapter, a version of yourself, a dream — that you haven't fully grieved? Not because the loss wasn't real, but because there wasn't space, or permission, or understanding of what grief actually requires.","Grief is not only about death. It is the appropriate response to any genuine loss — of a relationship, an identity, a version of your future, a belief that no longer holds. Most of us have been taught to get through grief quickly rather than move through it honestly. This week we honour what grief actually is — and what becomes possible on the other side.",https://www.youtube.com/watch?v=khkJkR-ipfw,YouTube: David Kessler on the sixth stage of grief — meaning-making after loss. Search 'David Kessler sixth stage grief meaning' for his talks. Also: search 'post-traumatic growth research' for wider context. Runtime ~15–20 min.,,,,What ended that you have not properly mourned?,"GRIEF AND GROWTH INVENTORY: In your journal, explore a loss you haven't fully grieved. Work through: What was lost — be specific and honest? What did that thing represent to you (identity, hope, belonging, safety)? What have you done instead of grieving it (numbed, kept busy, minimised, intellectualised)? What would fully honouring this loss require — what would genuine acknowledgment look like? And: what has this loss — or the process of beginning to grieve it — made possible, or is beginning to make possible? Share: one loss you are beginning to move through more honestly.","Write a letter to something or someone you've lost — thanking it, honouring it, and consciously saying goodbye.","Given what you noticed today, what is one thing you will do differently before next Sunday?","Allow yourself one grief moment this week — not performed, but real. A few minutes to acknowledge what was lost and what it meant.","Tell one person about a loss you're still carrying. Let them simply witness it — no advice, no fixing, just witnessing.",Bring back: what was it like to write the goodbye letter? What shifted?,,,"I honour what I have lost. And in that honouring, I make space for what is coming.","CRITICAL: Grief sessions can activate deep and sometimes unexpected material. Ensure the room is safe and unhurried. Have tissues and a quiet space available. Acknowledge at the start that 'loss' here is broad — relationships, identities, life chapters, not only death. Have grief counselling referral resources available.",,,YES,
24,2,Unlearn,Unlearn,Adult,Rewiring Fear — From Threat to Signal,Calibrating the Threat Sensor,Reading the body's alarm as information,What are you afraid of that has never actually happened?,The body,2 of 3,"4, 30",Standard,,,"The ancient practices of sitting with discomfort — meditation, fasting, cold exposure, ritual endurance — were never about punishment. They were about distinguishing real threat from discomfort, and building the nervous system's tolerance for the unknown. The Daoist master sat with uncertainty as a practice — not because certainty was unavailable, but because the capacity to act in uncertainty was worth cultivating.","The ancient practices of sitting with discomfort — meditation, fasting, cold exposure, ritual endurance — were never about punishment.",,,"Most alarms in your head are burnt toast, not a house fire — the smoke detector just can't tell the difference. Today: label one fear 'burnt toast' and open a window instead of running.","Most alarms in your head are burnt toast, not a house fire — the smoke detector just can't tell the difference.",,,"DRAFT — rewrite from the video transcript once the video is chosen.

Fear is not the problem. Fear is information. But most of us have fear responses that are miscalibrated — firing at situations that don't warrant the intensity, categorising opportunity as threat, treating discomfort as danger. This week we examine our fear responses, understand their origins, and begin the rewiring.","Name a fear that significantly shapes your choices. Now: is this fear about genuine, present-day danger — or about the possibility of discomfort, judgment, failure, or uncertainty?","Fear is not the problem. Fear is information. But most of us have fear responses that are miscalibrated — firing at situations that don't warrant the intensity, categorising opportunity as threat, treating discomfort as danger. This week we examine our fear responses, understand their origins, and begin the rewiring.",https://www.youtube.com/watch?v=RcGyVTAoXEU,TED Talk: Search 'fear vs discomfort psychology talk' or Susan Jeffers 'Feel the Fear and Do It Anyway' for evidence-based content on fear rewiring. Also: search 'amygdala hijack fear response' for the neuroscience. Runtime ~15 min.,,,,What are you afraid of that has never actually happened?,"FEAR AUDIT: Map your significant fears in two columns. Column 1: 'Genuine danger' fears (realistic threats that warrant the alarm). Column 2: 'Discomfort disguised as danger' fears (situations that are uncomfortable, uncertain, or risky but not genuinely dangerous). For Column 2 fears: What would happen if you moved toward this thing rather than away from it? What have you missed or avoided because of this fear? What's the smallest possible step toward it? Share: one Column 2 fear and what avoiding it has cost you.",Write about one significant fear that has shaped your choices. Be honest about what it has cost you to avoid the feared thing. Then write: what would you do if this fear were calibrated accurately — as discomfort rather than danger?,"Given what you noticed today, what is one thing you will do differently before next Sunday?",Walk toward one small Column 2 fear today. Not the biggest one. The smallest accessible one. Report what you notice.,Tell one person about a fear you're rewiring. Ask them to notice when you avoid it — and to gently call it out.,Bring back: what happened when you walked toward the small fear? Fear prediction vs. actual experience?,,,Fear is information. I distinguish danger from discomfort — and I walk toward discomfort.,This session complements Phase 1 Week 3 (Pattern Interrupt) — revisit that material if helpful. The Column 2 fear category is often a revelation. Ensure the distinction is clear: this is not about suppressing fear or being reckless. It is about accurate calibration and voluntarily expanding the window of tolerance.,,,YES,
25,2,Unlearn,Unlearn,Adult,The Stories That No Longer Serve,Writing the Upgrade,"Honouring an old narrative, then rewriting it",What story about yourself protected you once and now costs you?,Stories and identity,3 of 5,"2, 5, 27, 49",Standard,,,"The Daoist concept of transformation — hua — describes the natural process of change as intrinsic to all living systems. A thing that cannot transform dies. The capacity to release old stories and author new ones is not just a psychological practice — it is the expression of a living, growing system doing exactly what it was designed to do.",The Daoist concept of transformation — hua — describes the natural process of change as intrinsic to all living systems. A thing that cannot transform dies.,,,An old story is a saved route on your maps app that no longer goes where you live. Today: delete one outdated 'I always…' and set a new destination.,An old story is a saved route on your maps app that no longer goes where you live.,,,"DRAFT — rewrite from the video transcript once the video is chosen.

In Phase 1 we identified the stories we carry. Now, in the final weeks of Phase 2, we do the unlearning. Not all stories can be released immediately — but some of them are ready. This week we identify which stories have passed their use-by date — and practise the deliberate, conscious act of writing a new one.",Think of a story about yourself that you've been carrying since Phase 1. Now ask: has anything shifted in how you hold that story over the past 12 weeks? Even slightly — has the story loosened?,"In Phase 1 we identified the stories we carry. Now, in the final weeks of Phase 2, we do the unlearning. Not all stories can be released immediately — but some of them are ready. This week we identify which stories have passed their use-by date — and practise the deliberate, conscious act of writing a new one.",https://www.youtube.com/watch?v=D9Ihs241zeg,TED Talk: 'The Power of Vulnerability' by Brené Brown — or search specifically 'Dan McAdams narrative identity talk' for the direct research on personal narrative and identity. Runtime ~15–20 min.,,,,What story about yourself protected you once and now costs you?,STORY REVISION: Choose one significant limiting story you've been carrying. Write the current version — the way you've been telling it. Then rewrite it from a more complete perspective: What context have you excluded from the story? What strengths or capacities did you develop in response to the difficult parts? What does the full story — including hardship AND growth — actually show about who you are? What would the new story enable that the old story prevents? Share: the ending of the new story — what it now makes possible.,Write the final line of your old story. Then write the opening line of the new one.,"Given what you noticed today, what is one thing you will do differently before next Sunday?","Tell someone the new story — not as a performance, but as a genuine attempt to live from it for one week. Notice how it changes what you do.",Ask one person who knows you well: 'What would you say the story of my life is really about?' Listen to their answer.,Bring back: what was it like to tell the new story? Did it change anything?,,,"I am the author of my story. I write from what is most true, most mine, and most alive.",This session is one of the most practically powerful of the year — revisit and build on everything from Phase 1 Week 2. Give generous time for the writing exercise. The distinction between 'denial' and 'more complete narrative' is important to hold carefully.,,,,
26,2,Unlearn,Unlearn,Adult,Integration — What We Have Released,Cleared Ground,"Gathering the movement: permission, resentment, armour, story","What have you set down, and what is still in your hands?",Integration,2 of 4,"13, 39, 52",Integration,,,The Daoist concept of returning to the source — gui gen — describes the deepening of roots before new growth. You cannot build upward without going deeper first. Phase 2 has been the root work. Phase 3 is the growth that roots make possible.,The Daoist concept of returning to the source — gui gen — describes the deepening of roots before new growth. You cannot build upward without going deeper first.,,,"You've cleared a pile of old apps clogging the phone — permission-seeking, resentment, armour. Today: notice how much lighter and faster you run without them.","You've cleared a pile of old apps clogging the phone — permission-seeking, resentment, armour. Today: notice how much lighter and faster you run without them.",,,"DRAFT — rewrite from the video transcript once the video is chosen.

Thirteen weeks of unlearning. Phase 2 closes with integration — taking stock of what has been released, what has been rewired, and what you're carrying into Phase 3 lighter than you arrived. This is not a summary. It is a ceremony of release — and a threshold into rebuilding.","If you had to name the three most significant things you've released or loosened in Phase 2 — what are they? Not what you've fixed or solved. What you've set down, loosened, or begun to move through.","Thirteen weeks of unlearning. Phase 2 closes with integration — taking stock of what has been released, what has been rewired, and what you're carrying into Phase 3 lighter than you arrived. This is not a summary. It is a ceremony of release — and a threshold into rebuilding.",https://www.youtube.com/watch?v=sPOuCd6cBao,"YouTube: 'This Is Water' — David Foster Wallace animated. One of the most profound short pieces of content on awareness, choice, and the ongoing work of conscious living. Runtime ~9 min.",,,,"What have you set down, and what is still in your hands?","RELEASE CEREMONY: In your journal, write — or if the group is willing, read aloud — a release statement for Phase 2. Include: what you arrived with that you are setting down, what has shifted in how you see yourself, what you are moving into Phase 3 carrying, and one genuine commitment for the rebuild. If the group is willing: share one item from your release statement — witnessed in silence by those around you. Then: a moment of deliberate silence together. Acknowledge what has been done.",Write a letter to the version of you who began Phase 2 — thirteen weeks ago. What do you want them to know? What have you released that they were still holding?,"Given what you noticed today, what is one thing you will do differently before next Sunday?",Revisit Week 14 journal entries — what has shifted between the beginning and end of Phase 2?,Tell someone who isn't in this group: 'I've been doing some deep work on releasing things that no longer serve me. One thing that's genuinely lighter is...' Notice what it feels like to own that.,Come to the final Phase 2 session ready to share your release statement — or one line from it.,,,I have released what no longer serves me. I arrive at Phase 3 with cleared ground and an open hand.,"Create ceremony for this closing — as with Phase 1 Week 13, this deserves ritual. The release statement read aloud in witnessed silence is one of the most powerful moments of the year. Ensure the transition to Phase 3 carries genuine anticipation — the group has done extraordinary work. Honour it fully.",,,,
27,3,Rebuild,Rebuild,Adult,Who Are You Now? — Rebuilding Identity,Configuration Begins,Identity as something chosen rather than inherited,"If nobody had told you who you were, who would you be?",Stories and identity,4 of 5,"2, 5, 25, 49",Movement opener,,,"The Daoist concept of ziran — naturalness, authentic self-expression — describes an identity that arises from within rather than being imposed from without. This is not the identity you were given. It is the identity you discover through honest living, through released patterns, through the choices you make when the noise has quieted enough to hear something true.","The Daoist concept of ziran — naturalness, authentic self-expression — describes an identity that arises from within rather than being imposed from without.",,,"Instead of the labels stuck on you like airport baggage tags, you get to pack your own bag. Today: choose the three qualities you're building yourself from.","Instead of the labels stuck on you like airport baggage tags, you get to pack your own bag. Today: choose the three qualities you're building yourself from.",,,"DRAFT — rewrite from the video transcript once the video is chosen.

Having released much of what was inherited, imposed, or outdated in Phase 2, the question that opens Phase 3 is genuinely new: who are you now? Not the story you were given, not the role you were assigned — but the person currently standing on cleared ground, with the ability to consciously author what comes next.","If someone who didn't know your history — didn't know what you'd done, what roles you'd played, what others had said about you — met you today, what would they discover? Who actually shows up when the performance and the history are set aside?","Having released much of what was inherited, imposed, or outdated in Phase 2, the question that opens Phase 3 is genuinely new: who are you now? Not the story you were given, not the role you were assigned — but the person currently standing on cleared ground, with the ability to consciously author what comes next.",https://www.youtube.com/watch?v=iG9CE55wbtY,TED Talk: 'Why You Should Define Your Fears Instead of Your Goals' by Tim Ferriss — about moving from fear-driven identity toward values-driven identity. Also search 'Dan McAdams narrative identity' for the research. Runtime ~13 min.,,,,"If nobody had told you who you were, who would you be?","IDENTITY INVENTORY: In your journal, complete these prompts from a fresh perspective — not from your history, but from your current experiencing: 'When I am most alive, I am...' / 'The qualities I most want to embody are...' / 'What I am building toward is...' / 'The person I am becoming believes...' / 'What feels most true about who I am right now is...' Now look at what you've written. Does it match how you're currently living? Where is the greatest alignment? Where is the greatest gap? Share: one quality from your identity inventory that you want to build toward.","Write a 'living biography' of yourself — not what has happened, but who you are in terms of values, qualities, and direction. Write it in present tense, as if it's already true.","Given what you noticed today, what is one thing you will do differently before next Sunday?","Live from one quality in your identity inventory today — something you said you are, or want to be. Notice what it changes.",Tell one person: 'Something I'm building in myself right now is...' Let yourself own it out loud.,Bring back: what happened when you lived from the identity quality you named? What felt true?,,,"I am the author of who I am becoming. I build from values, from clarity, and from honest self-knowledge.","This is one of the most energising sessions of the year — after two phases of looking and releasing, the rebuild feels genuinely exciting. Keep the identity inventory fresh and forward-looking — resist the pull back into history. The 'who are you without your story?' question can be profoundly disorienting and liberating simultaneously.",,,,
28,3,Rebuild,Rebuild,Adult,What Do You Actually Value?,Setting the Priority Hierarchy,The compass underneath the goals,"What would you not trade, whatever you were offered for it?",Permission and values,3 of 4,"14, 15, 43",Standard,,,"The Confucian tradition placed values — ren (benevolence), yi (righteousness), li (ritual propriety), zhi (wisdom), xin (integrity) — at the centre of the well-lived life. Not as abstract ideals but as living practices, tested and refined daily. The Daoist tradition added: values that are genuine arise naturally from the person's authentic nature. Forced values are performance. Chosen values are life.","The Confucian tradition placed values — ren (benevolence), yi (righteousness), li (ritual propriety), zhi (wisdom), xin (integrity) — at the centre of the well-lived life.",,,Values are your GPS 'home' setting — every turn is easier once it's locked in. Today: name your true-north value and check one recent decision against it.,Values are your GPS 'home' setting — every turn is easier once it's locked in. Today: name your true-north value and check one recent decision against it.,,,"DRAFT — rewrite from the video transcript once the video is chosen.

Values are not what we say we believe — they are what we demonstrate through our choices, our time, and our energy. Most people have never explicitly identified their core values. Most people's lives are organised around values they absorbed — approval, security, success — rather than values they chose. This week we get explicit.","Make a quick list: what do you say your values are? Now check: how much of your time, energy, and money last week actually reflected those values? The gap between stated and lived values is the most important diagnostic tool available.","Values are not what we say we believe — they are what we demonstrate through our choices, our time, and our energy. Most people have never explicitly identified their core values. Most people's lives are organised around values they absorbed — approval, security, success — rather than values they chose. This week we get explicit.",https://www.youtube.com/watch?v=jHeeHg_MXNE,YouTube: Search 'values clarification ACT therapy Steven Hayes' or 'knowing your values psychology' for evidence-based content on values-based living. Also: search 'Russ Harris ACT values talk' for highly accessible content. Runtime ~15 min.,,,,"What would you not trade, whatever you were offered for it?","VALUES EXCAVATION: In your journal, work through these steps. First, list everything that you would say you value. Then: for each item, ask — is this genuinely mine, or inherited? Is it a means (to get something else) or an end (valuable in itself)? Narrow to your top 5 genuine, chosen values. For each, write: how would my life look different if I lived this value fully? Where am I most and least aligned with it right now? Finally: rank them. When they conflict — and they will — which wins? Share: your top three values and one place they currently show up in your life.","Write a personal values statement — not a list, but a paragraph describing the kind of person you are choosing to be, through the lens of your top values. Make it something you could actually live from.","Given what you noticed today, what is one thing you will do differently before next Sunday?","Make one decision today explicitly from your top value — not habit, not fear, not approval-seeking. Just the value. Notice what it feels like.",Share your top three values with someone who knows you well. Ask them if they see those values in how you currently live. Receive the answer honestly.,Bring back: where did you live most fully from your values this week — and where did you notice the gap?,,,"My values are mine — chosen, explicit, lived. They are the architecture of how I build.","The stated vs. lived values gap exercise is often a significant reveal — many people discover they are living primarily from values they would not consciously choose. Hold space for the discomfort of that recognition. The values ranking exercise (when they conflict, which wins?) generates the most productive discussion.",,,,
29,3,Rebuild,Rebuild,Adult,The Habits That Build You,Installing the New Architecture,Small daily practice as the architecture of a self,What do you do every day that is quietly making you someone?,Habits and structure,2 of 4,"12, 33, 47",Standard,,,"The Daoist concept of small, consistent alignment — rather than dramatic, exhausting effort — is the most durable form of change. 'The journey of ten thousand miles begins with one step.' Not the right conditions, not the perfect system, not enough confidence — just the one step. Then the next. Then the pattern, forming like a path.","The Daoist concept of small, consistent alignment — rather than dramatic, exhausting effort — is the most durable form of change.",,,You don't get fit from one epic gym session — you get fit from showing up small and often; identity works the same. Today: pick the 1% habit you'll repeat like brushing your teeth.,You don't get fit from one epic gym session — you get fit from showing up small and often; identity works the same.,,,"DRAFT — rewrite from the video transcript once the video is chosen.

In Phase 1 we mapped existing habits. In Phase 3 we build new ones — deliberately, from identity, aligned with values. Not willpower-based habits that exhaust and fail, but identity-based habits that compound quietly into the person you are becoming. This is where the rebuild becomes daily.",Think of one habit — something you do or don't do regularly — that is most misaligned with the person you said you want to become in Week 27. What's the gap between the habit and the identity? What single small shift would start to close it?,"In Phase 1 we mapped existing habits. In Phase 3 we build new ones — deliberately, from identity, aligned with values. Not willpower-based habits that exhaust and fail, but identity-based habits that compound quietly into the person you are becoming. This is where the rebuild becomes daily.",https://www.youtube.com/watch?v=W1eYrhGeffc,YouTube: James Clear on atomic habits and identity-based change — widely available and directly relevant. Also: search 'BJ Fogg tiny habits TED Talk' for the minimum viable habit approach. Runtime ~15–20 min.,,,,What do you do every day that is quietly making you someone?,"HABIT ARCHITECTURE: Choose three habits you want to install — one per domain: mind (thinking/learning), body (physical), relationship (connection). For each: State the identity it expresses ('I am the kind of person who...'). Define it in its smallest possible form — what is the minimum viable version that still moves the needle? Identify the habit stack anchor — what existing habit will it follow? Design the environment — what change to your physical space will make this easier? Set the success measure — not perfection, but minimum threshold. Share: your minimum viable habit for one domain.","Design your three-habit architecture in writing. Make it specific, small, anchored, and environmentally supported.","Given what you noticed today, what is one thing you will do differently before next Sunday?","Start ONE of your three habits today — just the minimum viable version. No more than 5 minutes. The point is showing up, not performing.",Tell one person your identity-based habit — 'I am the kind of person who...' and the habit it generates. Ask them to hold you to it.,Bring back: how many days did you show up for your minimum habit? What got in the way — and what helped?,,,"I build who I am becoming through small, consistent daily practice. Every repetition is a vote for that identity.",This is one of the most practically valuable sessions of the year — spend generous time on the habit architecture exercise. The minimum viable habit concept often surprises people ('it's so small — can it actually work?'). Explain the identity mechanism: the small act is a vote. The votes compound.,,,,
30,3,Rebuild,Rebuild,Adult,Your Body as Foundation,The Hardware Layer,"Sleep, movement, food, calm — the base everything sits on",What does your body need that you have been overriding?,The body,3 of 3,"4, 24",Standard,,,"The ancient mind-body traditions were never body practices with a spiritual dimension, or spiritual practices with a physical component. They were one thing: the understanding that consciousness and physicality are not separate. Qigong, yoga, tai chi, meditation — all are practices of the integrated whole. The rebuild honours the whole.","The ancient mind-body traditions were never body practices with a spiritual dimension, or spiritual practices with a physical component.",,,"Your body is the phone the whole day runs on, and sleep, movement, food and calm are the four charging cables. Today: plug in the one that's most drained.","Your body is the phone the whole day runs on, and sleep, movement, food and calm are the four charging cables.",,,"DRAFT — rewrite from the video transcript once the video is chosen.

The body is not the vehicle that carries you through your personal development journey — it IS the journey. Sleep, movement, nourishment, and breath are not the lifestyle habits you'll get to once the important work is done. They are the substrate of every other capacity: attention, emotional regulation, resilience, creativity, and connection all run on physiological hardware.","Rate yourself honestly in four areas on a scale of 1–10: sleep (quantity and quality), movement (frequency and variety), nourishment (how well you actually feed yourself), nervous system regulation (capacity to return to calm after stress). What does this tell you about the foundation you're building on?","The body is not the vehicle that carries you through your personal development journey — it IS the journey. Sleep, movement, nourishment, and breath are not the lifestyle habits you'll get to once the important work is done. They are the substrate of every other capacity: attention, emotional regulation, resilience, creativity, and connection all run on physiological hardware.",https://www.youtube.com/watch?v=5MuIMqhT8oY,"YouTube: 'Sleep is Your Superpower' by Matthew Walker — the most important sleep research available, presented accessibly. Runtime ~19 min. Also: search 'exercise antidepressant research' for the movement evidence base.",,,,What does your body need that you have been overriding?,"BODY FOUNDATION AUDIT: For each of the four areas (sleep, movement, nourishment, nervous system), write: current state honestly, what the gap is between current and what you know you need, and one specific, small change that would most move the needle. Prioritise — which of the four is most foundational for everything else? That one comes first. Share: your highest-leverage body foundation change and the specific small version of it.","Write a 'body foundation protocol' — your non-negotiable minimums for sleep, movement, nourishment, and regulation this week. Make it realistic, not aspirational.","Given what you noticed today, what is one thing you will do differently before next Sunday?",Implement one body foundation habit today — the smallest possible version. If it's sleep: go to bed 15 minutes earlier. If it's movement: take a 10-minute walk. If it's regulation: three extended exhale breaths before any stressful moment.,Tell one person about your body foundation priority. Ask them about theirs — and share what you each notice about the connection between physical state and everything else.,"Bring back: what happened when you prioritised your body foundation this week? What changed in your energy, mood, or capacity?",,,My body is not separate from my growth. It is the ground it grows from.,"Approach this session with warmth and zero judgment — most adults are chronically under-resourced physiologically and many feel shame about it. The key insight is that body care is not a luxury or a sign of having it together — it is the substrate everything else runs on. Start with sleep, which has the highest leverage of all.",,,,
31,3,Rebuild,Rebuild,Adult,The People You Choose,Designing the Social Environment,The relationships that shape the life,Who do you become around the people you spend most time with?,Belonging,1 of 3,"38, 48",Standard,,,The concept of sangha — the community of like-minded practitioners — is one of the three jewels in Buddhist tradition (alongside the teaching and the practice itself). The Daoist tradition emphasises learning from those whose nature is aligned with yours. Neither tradition considered the social environment incidental to growth. Both considered it foundational.,The concept of sangha — the community of like-minded practitioners — is one of the three jewels in Buddhist tradition (alongside the teaching and the practice itself).,,,"You become the average of your five most-opened contacts. Today: pick one relationship to open more, and one notification to turn down.","You become the average of your five most-opened contacts. Today: pick one relationship to open more, and one notification to turn down.",,,"DRAFT — rewrite from the video transcript once the video is chosen.

You are a relational being. The people you spend the most time with are not just company — they are a constant source of input that shapes your nervous system, your beliefs, your ambitions, and your sense of what is possible. Rebuilding means becoming intentional about that input.",Think of the five people you spend the most time with. What does each one bring into your nervous system — expansion or contraction? Energy or depletion? Who you are becoming — or who you've been?,"You are a relational being. The people you spend the most time with are not just company — they are a constant source of input that shapes your nervous system, your beliefs, your ambitions, and your sense of what is possible. Rebuilding means becoming intentional about that input.",https://www.youtube.com/watch?v=q4g_cxMWnMk,YouTube: Robert Waldinger 'What Makes a Good Life?' — the Harvard Study of Adult Development findings on relationships and flourishing. One of the most important talks of this programme. Runtime ~13 min.,,,,Who do you become around the people you spend most time with?,"RELATIONSHIP AUDIT: Map your significant relationships in three columns. Column 1: Relationships that expand you — leave you feeling more alive, more yourself, more possible. Column 2: Neutral relationships — neither expanding nor depleting. Column 3: Relationships that consistently contract you — leave you feeling less of yourself, more anxious, or more stuck. Now: are there relationships in Column 3 that you are maintaining out of obligation, guilt, or habit rather than genuine care? Are there relationships in Column 1 that you're not investing in sufficiently? Share: one relationship you want to invest more in — and why.","Write about the community you are building — both the relationships already present that you want to deepen, and the kinds of people you want to attract into your life as you grow.","Given what you noticed today, what is one thing you will do differently before next Sunday?",Reach out to one Column 1 relationship today — someone who expands you. Tell them specifically what you value about their presence in your life.,Tell one person about your intention to be more intentional about your social environment. Ask them: 'Do you think you're one of my expanding relationships?' Be willing to hear the answer.,Bring back: what happened when you invested in a Column 1 relationship this week?,,,I choose my community with the same care I bring to everything else I'm building. My relationships are part of my practice.,"The relationship energy audit can be confronting — some people will realise that relationships they feel obligated to maintain are significant sources of depletion. Hold space for that without prescribing action. The goal is awareness and intentionality, not wholesale relationship restructuring.",,,,
32,3,Rebuild,Rebuild,Adult,How You Speak to Yourself,The Daily Soundtrack,The tone of the inner voice under pressure,What would you say to someone you loved who was where you are?,The inner voice,3 of 3,"7, 18",Standard,,,"The practice of mantra in many ancient traditions was not about magical words — it was about deliberately shaping the quality of the mind's habitual content. What you repeat internally, you eventually become. The Daoist concept of yi — intention — includes the quality of one's inner speech as a fundamental practice.",The practice of mantra in many ancient traditions was not about magical words — it was about deliberately shaping the quality of the mind's habitual content.,,,Talk to yourself like you'd text a friend having a hard day — not like an anonymous troll in the comments. Today: keep one kind phrase in your pocket for the next hard moment.,Talk to yourself like you'd text a friend having a hard day — not like an anonymous troll in the comments.,,,"DRAFT — rewrite from the video transcript once the video is chosen.

In Phase 1 we identified the inner critic. In Phase 2 we built the inner coach. In Phase 3 we practise the daily language — the specific quality of internal dialogue that becomes the running soundtrack of a life. The way you habitually speak to yourself is the water you swim in. This week we make it deliberately nourishing.",If your inner voice were recorded for the past 24 hours and played back to you — what would it sound like? What would be its dominant tone? Its most repeated themes? Would you choose to live inside that soundtrack?,In Phase 1 we identified the inner critic. In Phase 2 we built the inner coach. In Phase 3 we practise the daily language — the specific quality of internal dialogue that becomes the running soundtrack of a life. The way you habitually speak to yourself is the water you swim in. This week we make it deliberately nourishing.,https://www.youtube.com/watch?v=NiuDFBNDoSk,YouTube: Ethan Kross on self-talk and self-distancing — search 'Ethan Kross self-talk research' for his talks. Also highly relevant: search 'inner dialogue quality psychology research.' Runtime ~15 min.,,,,What would you say to someone you loved who was where you are?,"SELF-TALK REDESIGN: Spend one week tracking your internal dialogue in three moments each day: morning (on waking), during difficulty, and at the end of the day. For each moment: What is the actual tone and content of your self-talk? Is it accurate, compassionate, and useful? If you were talking to your best friend in this situation, what would you say instead? Design your preferred version. Share: one common self-talk pattern you're redesigning — and what the redesigned version sounds like.","Write five 'anchor phrases' — specific sentences you can use as your daily self-talk soundtrack in key moments: waking, difficulty, failure, success, and end of day. Make them genuinely yours — not borrowed affirmations.","Given what you noticed today, what is one thing you will do differently before next Sunday?",Use your anchor phrase when you wake up tomorrow. Notice what it sets up for the day.,Share your anchor phrases with one person. Ask them what phrases they use — and what phrases they wish they had.,Bring back: what happened when you used your anchor phrases this week? What shifted in tone?,,,"The way I speak to myself becomes the life I inhabit. I choose words that build, that honour, and that tell the truth.","This is one of the highest practical-impact sessions of Phase 3 — anchor phrases that are genuinely used daily produce measurable change in mood and self-efficacy over weeks. Help people create phrases that are genuinely theirs — not borrowed, not performed. 'I'm doing my best and that is enough today' lands differently from 'I am amazing.'",,,,
33,3,Rebuild,Rebuild,Adult,Creating Structure That Serves You,Designing the Container,Rhythm and routine as trellis rather than cage,"What in your week is structure, and what is just habit?",Habits and structure,3 of 4,"12, 29, 47",Standard,,,"The ancient traditions all had daily structures — prayer times, practice periods, meal rhythms, rest cycles. Not as restriction, but as container. The container doesn't limit the water — it gives the water a shape. Your daily structure is the container your life pours into. Design it deliberately.","The ancient traditions all had daily structures — prayer times, practice periods, meal rhythms, rest cycles. Not as restriction, but as container.",,,"Routine isn't a cage — it's the trellis a plant climbs to reach the light. Today: add one small anchor (same wake time, one blocked hour) and let freedom grow on it.",Routine isn't a cage — it's the trellis a plant climbs to reach the light.,,,"DRAFT — rewrite from the video transcript once the video is chosen.

Most people relate to structure as something imposed — schedules, systems, rules that constrain. The rebuild inverts this: structure is a tool of freedom. A thoughtfully designed daily architecture reduces decision fatigue, protects your values, and creates the conditions in which your best work, your deepest connections, and your genuine rest can all happen.","Describe your current daily structure — or lack of it. What happens to your time, energy, and attention on a typical day? Where does it go that you don't fully choose? And what important things consistently get crowded out?","Most people relate to structure as something imposed — schedules, systems, rules that constrain. The rebuild inverts this: structure is a tool of freedom. A thoughtfully designed daily architecture reduces decision fatigue, protects your values, and creates the conditions in which your best work, your deepest connections, and your genuine rest can all happen.",https://www.youtube.com/watch?v=gTaJhjQHcf8,YouTube: Cal Newport on deep work and time blocking — search 'Cal Newport deep work time blocking' for accessible talks. Also: search 'decision fatigue psychology Roy Baumeister' for the cognitive load research. Runtime ~15 min.,,,,"What in your week is structure, and what is just habit?","DAILY ARCHITECTURE DESIGN: Map your ideal week in three tiers: 1. Non-negotiables — the anchor activities that must happen for you to function well (sleep, movement, key work blocks, connection time). 2. Important but flexible — activities that matter but can move. 3. Fillers — things that happen by default that you're not actively choosing. Now: what needs to be protected by explicit scheduling? What 'filler' could be reduced or removed to create space for what matters? Design your minimum viable weekly architecture. Share: your top non-negotiable and one filler you're consciously reducing.",Write your minimum viable weekly architecture — the non-negotiable anchors of a week that actually serves you.,"Given what you noticed today, what is one thing you will do differently before next Sunday?",Implement one structural protection this week — block one important time in your calendar as non-negotiable. Treat it with the same respect as a meeting with your most important client.,Tell one person about the structural change you're making. Ask them to support you in protecting that time.,Bring back: what happened when you protected your non-negotiable time this week? What did you notice?,,,My structure serves my values. I design my days to protect what matters most.,Structure design is highly personal — resist the urge to prescribe specific systems. Help people find the minimum viable architecture for their specific life circumstances. The 'best day' reflection is powerful — people often already know what their ideal structure looks like; they just haven't made it explicit or protected it.,,,,
34,3,Rebuild,Rebuild,Adult,"Rest as a Practice, Not a Reward",Scheduled Maintenance,Restoration that isn't earned,When did you last rest without guilt?,Signal and attention,2 of 4,"1, 50, 51",Standard,,,"The Sabbath principle — found in Jewish, Christian, Islamic, and secular traditions — is one of the most ancient and cross-culturally consistent human insights about sustainable living. One day in seven deliberately different from the others. Not as religious obligation, but as evidence of what humans have always known about the rhythm that sustains. Rest is not interruption. Rest is the breath between notes that makes music possible.","The Sabbath principle — found in Jewish, Christian, Islamic, and secular traditions — is one of the most ancient and cross-culturally consistent human insights about sustainable living.",,,"You plug your phone in before it dies, not after — do the same for yourself. Today: schedule one real rest block before you're down to 1%.","You plug your phone in before it dies, not after — do the same for yourself. Today: schedule one real rest block before you're down to 1%.",,,"DRAFT — rewrite from the video transcript once the video is chosen.

Most of us treat rest as what happens after the work is done — the reward for sufficient productivity. This is backwards. Rest is not the recovery from life. It is the condition in which life's highest-quality work, deepest connections, and most genuine insights become possible. This week we rebuild our relationship with rest.","When did you last experience genuine rest — not sleep, not distraction, not productive recovery, but genuine rest: a quality of being fully present in a nourishing activity without any performance agenda? How long ago was it?","Most of us treat rest as what happens after the work is done — the reward for sufficient productivity. This is backwards. Rest is not the recovery from life. It is the condition in which life's highest-quality work, deepest connections, and most genuine insights become possible. This week we rebuild our relationship with rest.",https://www.youtube.com/watch?v=9y1xyXtYAsg,YouTube: Alex Soojung-Kim Pang on rest and performance — search 'Alex Pang rest book talk' for his talks. Also: search 'default mode network creativity rest brain' for the neuroscience. Runtime ~15–20 min.,,,,When did you last rest without guilt?,"REST AUDIT: In your journal, examine your relationship with rest. When do you rest — and what does it actually look like? Distinguish between: genuine rest (nourishing, restorative, non-performance), distraction (stimulating without recovering), and productive recovery (deliberately recovering to perform better). Which of these dominates your non-work time? What does genuine rest actually look like for you specifically — the activities, the conditions, the quality of attention? Design one genuine rest practice for this week. Share: what genuine rest looks and feels like for you.","Write a 'rest manifesto' — what genuine rest looks like for you, what it requires, and what you commit to protecting this week.","Given what you noticed today, what is one thing you will do differently before next Sunday?","Schedule one genuine rest practice this week — not earned, not conditional on productivity. Just scheduled, like any other important appointment.",Tell one person you are practising rest as a non-negotiable. Invite them to try it too — and compare notes.,"Bring back: what happened during your scheduled rest? What did you notice — about the quality of it, and about what followed it?",,,Rest is not a reward. It is a practice — and it is what makes everything else sustainable.,The rest session often provokes strong responses from high-achievers who have deeply internalised productivity culture. The 3-minute silence exercise is deliberately confronting — the discomfort is the point. Validate the discomfort and explore it rather than skipping past it. The distinction between rest and distraction is often revelatory.,,,,
35,3,Rebuild,Rebuild,Adult,Creativity and Expression,Restoring the Output Channel,Making things for their own sake,What did you love making before anyone told you if you were good at it?,Creativity and expression,1 of 3,"41, 42",Standard,,,"The Daoist concept of wu — nothingness, the space from which creation emerges — describes the ground of all creative expression. The empty bowl can be filled. The empty page can be written on. Creativity does not begin with having something to say. It begins with making space for what is already true to find its form.","The Daoist concept of wu — nothingness, the space from which creation emerges — describes the ground of all creative expression. The empty bowl can be filled.",,,Making something is like cooking for yourself — it doesn't need a Michelin star to feed you. Today: make one small thing no one will grade.,Making something is like cooking for yourself — it doesn't need a Michelin star to feed you. Today: make one small thing no one will grade.,,,"DRAFT — rewrite from the video transcript once the video is chosen.

Creativity is not a talent possessed by some and absent in others. It is a fundamental human capacity — the ability to make meaning, to express what is true, to bring something new into existence. When creativity is absent from a life, something essential goes unexpressed. This week we reclaim it.","What did you love to make, create, or express when you were a child — before it was evaluated, before there was an audience, before you decided whether you were 'good' at it? What happened to that?","Creativity is not a talent possessed by some and absent in others. It is a fundamental human capacity — the ability to make meaning, to express what is true, to bring something new into existence. When creativity is absent from a life, something essential goes unexpressed. This week we reclaim it.",YouTube: Search 'creativity intrinsic motivation Teresa Amabile' or 'Mihaly Csikszentmihalyi flow TED Talk' for the research foundation. Also: Elizabeth Gilbert 'Your Elusive Creative Genius' is perfect for this session. Runtime ~19 min.,Search: 'Elizabeth Gilbert creative genius TED Talk' or 'Mihaly Csikszentmihalyi flow TED Talk' if unavailable. Book: 'Big Magic' by Elizabeth Gilbert is essential reading for this session.,,,,What did you love making before anyone told you if you were good at it?,"CREATIVITY RECLAMATION: In your journal, explore: What creative expressions were most alive in you in childhood? What happened to them — when did you stop, and why? What creative impulses arise in you now — ideas, images, things you notice you want to make or say — that you don't act on? Design a minimal creative practice for this week — one that bypasses the inner critic by making the practice private, judgment-free, and purely for you. Share: one creative impulse you're going to act on this week.","Start something creative this week — not to finish, not to share, not to evaluate. Just to begin. Five minutes. Something genuine. Do it before you have time to talk yourself out of it.","Given what you noticed today, what is one thing you will do differently before next Sunday?",Tell one person about a creative impulse you've been suppressing. See what happens when you say it out loud.,Bring back: what did you create this week — and what was the quality of the experience of making it?,I am a creative being. Expression is part of my practice and part of how I know myself.,,,https://www.youtube.com/watch?v=iG9CE55wbtY,,,,,
36,3,Rebuild,Rebuild,Adult,Purpose — What You're Here For,Orienting Toward What Is Genuinely Yours,Where what you have meets what is needed,What are you doing when you lose track of time?,Purpose,1 of 3,"40, 49",Standard,,,"The Japanese concept of ikigai — often translated as 'reason for being' — sits at the intersection of what you love, what you are good at, what the world needs, and what you can be compensated for. It is not a single answer but a living orientation. The Daoist equivalent: the practice that feels most aligned with your nature. When you find what is genuinely yours to do, the work itself becomes the practice.","The Japanese concept of ikigai — often translated as 'reason for being' — sits at the intersection of what you love, what you are good at, what the…",,,Purpose is where your skills and the world's needs overlap — the sweet spot of the Venn diagram. Today: name one small place that overlap already exists.,Purpose is where your skills and the world's needs overlap — the sweet spot of the Venn diagram. Today: name one small place that overlap already exists.,,,"DRAFT — rewrite from the video transcript once the video is chosen.

Purpose is not a destination to find — it is a direction to orient toward. It is not assigned at birth or discovered in a single moment — it is cultivated through honest reflection on what you care about, what you're good at, what the world needs, and what gives you energy. This week we orient.","What are you doing when you feel most useful, most alive, and most yourself — all at once? It doesn't have to be your job. It doesn't have to be grand. What activity or contribution produces that specific intersection?","Purpose is not a destination to find — it is a direction to orient toward. It is not assigned at birth or discovered in a single moment — it is cultivated through honest reflection on what you care about, what you're good at, what the world needs, and what gives you energy. This week we orient.",https://www.youtube.com/watch?v=fLJsdqxnZb0,TED Talk: 'How to Find Work You Love' by Scott Dinsmore — practical and evidence-based exploration of purpose-oriented work. Runtime ~18 min. Also: Viktor Frankl's 'Man's Search for Meaning' is the foundational text for this session.,,,,What are you doing when you lose track of time?,"PURPOSE EXPLORATION: In your journal, work through the Ikigai framework: What do I love — what activities make time disappear, what could I talk about or do for hours? What am I good at — what comes naturally, what do others consistently come to me for? What does the world need — what problems matter to me, what would I address if I could? Where do these overlap? What sits at the centre — even approximately, even imperfectly? Share: the approximate direction of your purpose — not a definitive statement, but an honest orientation.",Write a purpose statement — not as a final answer but as a current honest orientation. 'I am here to...' Make it true to where you are right now.,"Given what you noticed today, what is one thing you will do differently before next Sunday?",Live from your purpose statement for one day — make one small choice from that orientation. Notice how it changes the texture of the day.,Share your purpose direction with one person. Ask them what they see as your natural contribution. Listen fully.,Bring back: what happened when you lived from your purpose orientation today?,,,I have a direction that is genuinely mine. I orient toward it daily — and the world receives something only I can give.,"Purpose discussions can produce both profound clarity and profound anxiety — particularly for people who feel they 'should' have found their purpose by now. Normalise: purpose is an orientation, not a destination. The question 'what is genuinely mine to give?' is more accessible than 'what is my life's purpose?'",,,,
37,3,Rebuild,Rebuild,Adult,"Money, Abundance and Your Relationship With Resources",Rebuilding the Resource Relationship,"Inherited scripts about resources, need and enough",What did you learn about money before you were old enough to question it?,Resources,2 of 3,"20, 46",Standard,,,"The Daoist concept of flow — zi ran — applies as powerfully to material resources as to any other domain. Resources that flow freely, in alignment with values, circulate and generate. Resources that are gripped too tightly or expelled too anxiously stagnate or deplete. The practice is right relationship — neither grasping nor abandoning.",The Daoist concept of flow — zi ran — applies as powerfully to material resources as to any other domain.,,,Your money 'scripts' are inherited apps running in the background of every purchase. Today: sort one thing into need / want / could-share and notice which script ran.,Your money 'scripts' are inherited apps running in the background of every purchase. Today: sort one thing into need / want / could-share and notice which script ran.,,,"DRAFT — rewrite from the video transcript once the video is chosen.

Few areas of human life carry more inherited story, more unexamined shame, more contradictory programming than money and material resources. We rebuild this relationship not from financial advice, but from honest self-inquiry: what stories were you given about money, what do they cost you, and what would a genuinely healthy, values-aligned relationship with resources look and feel like?",Complete these sentences without thinking: 'Money is...' / 'People who have a lot of money are...' / 'I am the kind of person who...' with respect to finances. Now: whose voice just spoke? Where did those beliefs come from?,"Few areas of human life carry more inherited story, more unexamined shame, more contradictory programming than money and material resources. We rebuild this relationship not from financial advice, but from honest self-inquiry: what stories were you given about money, what do they cost you, and what would a genuinely healthy, values-aligned relationship with resources look and feel like?",https://www.youtube.com/watch?v=8gxNHkQBkF8,YouTube: Search 'money scripts psychology Brad Klontz' or 'behavioural economics money decisions' for the research foundation. Also: search 'money and happiness research Killingsworth' for the wellbeing dimension. Runtime ~15–20 min.,,,,What did you learn about money before you were old enough to question it?,"MONEY STORY AUDIT: In your journal, explore your inherited money story: What was the dominant financial culture of your upbringing? What messages did you receive — explicitly or implicitly — about money, wealth, and your relationship to it? What is your current money script (avoidance, worship, status, or vigilance)? Where does it help you — and where does it cost you? What would a values-aligned relationship with money look like — one in which money serves your genuine priorities rather than driving anxiety or shame? Share: one inherited money story and what it has cost you.","Write a 'values-aligned financial direction statement' — not a budget, but a paragraph describing what right relationship with money would look and feel like for you.","Given what you noticed today, what is one thing you will do differently before next Sunday?","Make one financial decision this week that is explicitly aligned with your values rather than driven by habit, anxiety, or inherited script.","Share your money story with one trusted person — the inherited version, not the financial details. Notice what it feels like to examine it openly.",Bring back: what happened when you made a values-aligned financial choice this week?,,,"My relationship with money is built on values, not fear. I use resources in alignment with what I genuinely care about.","This session requires careful framing — avoid anything that feels like financial advice (refer to professionals for that). The focus is entirely on the psychological and values dimensions: inherited stories, emotional patterns, and alignment with explicit values. Some people will be dealing with genuine financial hardship — hold space for that with compassion.",,,,
38,3,Rebuild,Rebuild,Adult,The Community You Build,Building the Ecology of Growth,"Contribution, and being part of something",What do you bring that a room is worse off without?,Belonging,2 of 3,"31, 48",Standard,,,"The concept of sangha — spiritual community — is one of the three jewels of Buddhist practice. The Confucian tradition places right relationship with community at the centre of the well-lived life. Mindcast LIVE itself is an expression of this ancient insight: personal growth is most durable, most honest, and most alive when it happens in the presence of others doing the same work.",The concept of sangha — spiritual community — is one of the three jewels of Buddhist practice.,,,A community is a beehive — it works because everyone brings something back. Today: name the one thing you'll bring to a room you want to belong to.,A community is a beehive — it works because everyone brings something back. Today: name the one thing you'll bring to a room you want to belong to.,,,"DRAFT — rewrite from the video transcript once the video is chosen.

Human beings are not designed for isolation. We are designed for community — the sustained experience of being known, belonging, contributing, and being contributed to by a group with shared values and shared life. Most contemporary adults are chronically under-communal. Phase 3 closes by rebuilding community as a deliberate practice.","Describe the quality of your current community life. Not the number of relationships — but the quality of belonging. Do you have a group of people who know you genuinely, who share your values, who challenge and support you? Or are you doing this largely alone?","Human beings are not designed for isolation. We are designed for community — the sustained experience of being known, belonging, contributing, and being contributed to by a group with shared values and shared life. Most contemporary adults are chronically under-communal. Phase 3 closes by rebuilding community as a deliberate practice.",https://www.youtube.com/watch?v=q4g_cxMWnMg,"YouTube: Robert Waldinger 'What Makes a Good Life?' Harvard Study findings — the definitive research on community, relationships, and flourishing. Also search 'loneliness epidemic research Johann Hari' for the cost of disconnection. Runtime ~13 min.",,,,What do you bring that a room is worse off without?,"COMMUNITY AUDIT: In your journal, map your current community life: Where do you experience genuine belonging — being known, valued, and included for who you actually are? Where are you present but not truly belonging — performing rather than participating? What kind of community are you actively building — or could build — around your values and your growth? What one specific commitment to community could you make this week? Share: one community commitment you're making.","Write a community vision statement — not for a formal group, but for the quality of communal life you are actively building: what it feels like, who is in it, what you are contributing, and what you are receiving.","Given what you noticed today, what is one thing you will do differently before next Sunday?","Make one community investment this week — show up more fully to an existing group, reach out to someone you want to know better, or take one step toward building something new.",Tell someone in your community what their presence in your life means. Be specific.,Bring back: what happened when you invested in community this week? What did it feel like?,,,"I am building community — not as a supplement to my life, but as one of its foundations.",This session has particular resonance for Mindcast LIVE as a community specifically — name it. The group in the room has been building community for 38 weeks. That is the concrete example of what this session is about. Celebrate it explicitly. Use this session to deepen the bonds already present.,,,,
39,3,Rebuild,Rebuild,Adult,Integration — Who You Are Becoming,The Foundation Is Laid,"Gathering the movement: values, habits, body, people",What is different about how you live now?,Integration,3 of 4,"13, 26, 52",Integration,,,"In Daoist tradition, the master is not the one who has arrived — it is the one who has committed to the practice. The practice is not preparation for living. The practice IS living. Phase 3 has been the practice. Phase 4 is living from it, fully, in the world.","In Daoist tradition, the master is not the one who has arrived — it is the one who has committed to the practice.",,,"The building site is now a home you can live in — identity, values, habits, people. Today: name who you've become, and step through the door into living it.","The building site is now a home you can live in — identity, values, habits, people.",,,"DRAFT — rewrite from the video transcript once the video is chosen.

Thirteen weeks of rebuilding. Phase 3 closes with integration — taking stock of the identity that has been constructed, the habits that have been planted, the values that have been named, the community that has been invested in. This is not a summary. It is a threshold into Phase 4: Live It.","What are the three most significant things you have built in Phase 3 — not accomplished or resolved, but genuinely built? What is present in you now that wasn't present 13 weeks ago?","Thirteen weeks of rebuilding. Phase 3 closes with integration — taking stock of the identity that has been constructed, the habits that have been planted, the values that have been named, the community that has been invested in. This is not a summary. It is a threshold into Phase 4: Live It.",https://www.youtube.com/watch?v=sPOuCd6cBao,"YouTube: 'This Is Water' by David Foster Wallace — the perfect closing reflection on awareness, choice, and the ongoing practice of conscious living. Runtime ~9 min.",,,,What is different about how you live now?,"REBUILD INTEGRATION: In your journal, spend 15 minutes: 1. What identity have I built that I want to carry forward? 2. What values am I now living from, explicitly? 3. Which habits are beginning to feel like mine? 4. What relationships have been deepened? 5. What am I now bringing to my community that I wasn't before? 6. What am I walking into Phase 4 with — and what do I commit to continuing to build? If the group is willing: read one insight aloud — witnessed in silence by everyone present.",Write a letter to the version of you who began Phase 3 — thirteen weeks ago. What do you want them to know about what was built? What are you proud of?,"Given what you noticed today, what is one thing you will do differently before next Sunday?",Revisit Week 27 journal entries. Notice the gap between who arrived and who is leaving Phase 3.,Tell one person who has been part of your community this year: 'Something I have genuinely built in the past 13 weeks is...' Own it fully.,Come to the final Phase 3 session ready to share: what are you bringing into Phase 4?,,,"I have built something real. I arrive at Phase 4 with a foundation, a direction, and a practice.",Create ceremony — this is the third major threshold crossing and deserves full honour. The letters read aloud (if people consent) create one of the most moving moments of the year. Ensure Phase 4 is framed with genuine excitement: 'The work of the first three phases has been to develop yourself so you have something real to give. Phase 4 is the giving.' Build anticipation.,,,,
40,4,Live It,Live It,Adult,From Self-Development to Service,The Turn Outward,What the inner work is ultimately for,Who is better off because of the work you've done this year?,Purpose,2 of 3,"36, 49",Movement opener,,,"The Daoist and Confucian traditions converge on this: genuine inner cultivation naturally expresses itself outward. The sage does not hoard wisdom — they embody it in relationship, in action, in the quality of their presence. Service is not the sacrifice of self. It is the fullest expression of it.",The Daoist and Confucian traditions converge on this: genuine inner cultivation naturally expresses itself outward.,,,You don't hoard the wifi password once you're connected — you share it; inner work is the same. Today: give one thing you've healed enough to offer someone else.,You don't hoard the wifi password once you're connected — you share it; inner work is the same.,,,"DRAFT — rewrite from the video transcript once the video is chosen.

Three phases of inner work — seeing, unlearning, rebuilding — have been preparation for this: the turn outward. Phase 4 is not about more self-development. It is about the natural expression of genuine development: service. When you have done the inner work, you have something real to give. This week we make the turn.",What has this year's inner work given you that you did not have before? And who in your life — or your community — could genuinely benefit from what you now carry?,"Three phases of inner work — seeing, unlearning, rebuilding — have been preparation for this: the turn outward. Phase 4 is not about more self-development. It is about the natural expression of genuine development: service. When you have done the inner work, you have something real to give. This week we make the turn.",https://www.youtube.com/watch?v=lmyZMtPVodo,TED Talk: 'Why Good Things Happen to Good People' — search for research-based talks on the health benefits of service and generosity. Also: search 'Viktor Frankl meaning service talk' for the philosophical foundation. Runtime ~15 min.,,,,Who is better off because of the work you've done this year?,"SERVICE INVENTORY: In your journal, explore: What capacities, insights, or qualities have you developed this year that could genuinely benefit others? Who specifically — in your immediate relationships, your community, or the wider world — could use what you have to offer? What form of service feels most aligned with your values and your nature (from Week 28 and 36)? What is the smallest possible act of genuine service you could take this week — not grand, just real? Share: one capacity you want to offer outward.","Write a 'service offering' — not a formal commitment, just an honest statement of what you now have to give and who you want to give it to.","Given what you noticed today, what is one thing you will do differently before next Sunday?","Make one small act of service today — not grand, not performed. Something genuine, from fullness, offered freely.",Tell one person: 'Something I've been through this year has given me something I want to offer. Can I share it with you?' And then share it.,Bring back: what happened when you offered something from your inner work outward? How did it land?,,,"I have done the inner work. Now I give what I have grown — freely, genuinely, from fullness.","This is a pivotal session — the conceptual pivot from inward to outward. It should feel genuinely exciting, not like an obligation. The distinction between service-from-fullness and service-from-depletion (people-pleasing) is essential to make clearly. Reference Phase 2 Week 19 explicitly.",,,,
41,4,Live It,Live It,Adult,Teaching What You've Learned,The Test of Understanding,Understanding something twice by passing it on,What do you know now that you wish someone had told you?,Creativity and expression,2 of 3,"35, 42",Standard,,,"In the Confucian tradition, the transmission of wisdom from teacher to student is one of the most sacred relationships. Not because the teacher is infallible — but because the act of conscious transmission deepens both parties. The Daoist teacher teaches not by telling but by embodying: the most powerful transmission is a life lived with integrity.","In the Confucian tradition, the transmission of wisdom from teacher to student is one of the most sacred relationships.",,,Explaining something to a ten-year-old is how you find out you actually understand it. Today: put one lesson into one plain sentence and pass it on.,Explaining something to a ten-year-old is how you find out you actually understand it. Today: put one lesson into one plain sentence and pass it on.,,,"DRAFT — rewrite from the video transcript once the video is chosen.

The deepest form of learning is teaching. When you explain what you know to someone else — when you put your understanding into words that another person can receive — you discover what you actually know versus what you only think you know. Phase 4 includes teaching as a practice, not just an activity.","Think of the single most important insight from this year's work — the thing that has most changed how you see yourself or how you move through the world. Now: could you explain it clearly to someone who has never done this work? Try it right now, out loud or in writing.","The deepest form of learning is teaching. When you explain what you know to someone else — when you put your understanding into words that another person can receive — you discover what you actually know versus what you only think you know. Phase 4 includes teaching as a practice, not just an activity.",https://www.youtube.com/watch?v=FLbqzbAaEiI,YouTube: Search 'protégé effect learning by teaching research' or 'Feynman technique learning explained' for the evidence base. Runtime ~10 min.,,,,What do you know now that you wish someone had told you?,"TEACHING PREPARATION: Choose one insight from this year that you want to transmit. Write it as if explaining it to someone who has never heard it — in plain language, with a concrete example, and with an honest account of how it changed you. Test it on someone today: share it in conversation and notice where it lands clearly and where it gets murky. That murkiness is where you still have learning to do. Share: the insight you are most ready to teach — and one place where trying to explain it revealed a gap.","Write a 'teaching letter' — an explanation of your most important insight from this year, written for someone who is just beginning the inner work you've done.","Given what you noticed today, what is one thing you will do differently before next Sunday?","Share something you've learned this year with one person today — not as advice, but as honest sharing of your own experience.",Ask one person: 'Can I share something I've been learning this year?' Then share your teaching letter version of it. Notice what lands.,Bring back: what happened when you tried to teach your most important insight? What did you discover about your own understanding?,,,"The deepest measure of what I've learned is whether I can give it away. I teach — and in teaching, I deepen.",The 'try to explain it and notice the gaps' exercise is one of the most practically powerful of Phase 4. Build in genuine time for people to attempt this in pairs in the room — not just plan to do it later. The discomfort of discovering gaps in articulation is productive and important.,,,,
42,4,Live It,Live It,Adult,The Courage to Be Seen,Going Live,"Exposure, and what lies past the fear of judgement",What is true about you that you have never let anyone see?,Masks and being seen,3 of 3,"10, 22",Standard,,,"The Daoist concept of de — virtue, power, genuine nature — is not a private quality. It is expressed through presence, through action, through the quality of how you show up in relationship. You cannot embody virtue in isolation. It must be lived in encounter. The courage to be seen is not optional. It is the practice itself.","The Daoist concept of de — virtue, power, genuine nature — is not a private quality.",,,Turning your camera on in the meeting is scary for two seconds and connecting for the rest. Today: show up 'camera-on' in one place you usually hide.,Turning your camera on in the meeting is scary for two seconds and connecting for the rest. Today: show up 'camera-on' in one place you usually hide.,,,"DRAFT — rewrite from the video transcript once the video is chosen.

Living It — Phase 4 — requires something that all the inner work has been building toward: the courage to be genuinely seen. Not the performance of authenticity, not carefully managed vulnerability, but the actual lived experience of being known — in your community, your work, your relationships — as the person you have genuinely become.","Where in your life are you still operating in 'development mode' — building, preparing, getting ready — rather than actually showing up as who you've become? What is preventing you from going live?","Living It — Phase 4 — requires something that all the inner work has been building toward: the courage to be genuinely seen. Not the performance of authenticity, not carefully managed vulnerability, but the actual lived experience of being known — in your community, your work, your relationships — as the person you have genuinely become.",https://www.youtube.com/watch?v=iCvmsMzlF7o,TED Talk: 'The Power of Vulnerability' by Brené Brown — the foundational research on the courage to be seen. Runtime ~20 min.,,,,What is true about you that you have never let anyone see?,"VISIBILITY AUDIT: In your journal, map where you are currently visible vs. hidden: In which relationships are you being genuinely seen — as the person you've become this year? In which relationships are you still performing the old version of yourself? In which domains (work, community, family, friendship) are you most invisible? What specifically would becoming visible in each domain require — and what is the cost of staying hidden? Share: one domain where you're ready to be more genuinely seen.",Write a declaration: 'This is who I actually am now. This is what I am no longer willing to hide.' You don't have to share it — but write it as if you will.,"Given what you noticed today, what is one thing you will do differently before next Sunday?",Show up more genuinely today in one interaction — stop managing one thing you usually manage. Let someone see something real.,"Tell one person: 'I want you to know me as I actually am now, not who I was before this year.' Then show them. One genuine thing.",Bring back: what happened when you let yourself be a little more seen? What surprised you?,,,"I am ready to be seen — not performed, not managed, but genuinely known. That is the practice.",This session builds on everything from Phase 1 Week 10 (masks) and Phase 2 Week 22 (armour). Reference both explicitly. The shift from 'development mode' to 'production' is a framing that resonates with many adults who have been doing inner work for years without translating it into how they live publicly.,,,YES,
43,4,Live It,Live It,Adult,Living Your Values Under Pressure,Values Under Load,What holds when it costs something,"When did you last act against your own values, and what was the pressure?",Emotions as data,3 of 3,"8, 24",Standard,,,"The Daoist and Confucian traditions both speak of this: virtue is not a fair-weather quality. The character of a person is revealed in difficulty. The practice is not performing integrity when it is easy — it is returning to it when it is costly, and doing so consistently enough that it becomes genuinely who you are rather than who you are trying to be.",The Daoist and Confucian traditions both speak of this: virtue is not a fair-weather quality. The character of a person is revealed in difficulty.,,,"Your values are only real in the storm, not the sunshine — like a compass that has to work when the sky goes dark. Today: name one value you'll hold even when it costs you.","Your values are only real in the storm, not the sunshine — like a compass that has to work when the sky goes dark.",,,"DRAFT — rewrite from the video transcript once the video is chosen.

Values are easy to hold in quiet moments. The test is whether they hold under pressure — when it costs something to live them, when the easier path is compromise, when the people around you expect something different. This week is about the practice of values-integrity when it genuinely matters.","Think of the last time you compromised a value you explicitly named in Week 28 — not a small slip, but a meaningful choice to act against what you said mattered. What happened? And what does that moment tell you about the gap between stated and lived values?","Values are easy to hold in quiet moments. The test is whether they hold under pressure — when it costs something to live them, when the easier path is compromise, when the people around you expect something different. This week is about the practice of values-integrity when it genuinely matters.",https://www.youtube.com/watch?v=jHeeHg_MXNE,YouTube: Search 'moral courage values under pressure psychology' or 'living your values difficult moments research talk' for evidence-based content. Runtime ~15 min.,,,,"When did you last act against your own values, and what was the pressure?","PRESSURE-TEST YOUR VALUES: Take your top three values from Week 28. For each, identify: A recent situation where you held this value under pressure — what happened? A recent situation where you compromised it — what happened? A likely future scenario where this value will be tested. Pre-decide now: what will you do in that scenario? Write it specifically enough that you have a rehearsed answer when the moment comes. Share: one value you are pre-deciding to hold under pressure — and the specific scenario.",Write your pre-decisions for your top three values under their most likely pressure scenarios.,"Given what you noticed today, what is one thing you will do differently before next Sunday?","Today, notice once when a value is under mild pressure. Hold it — even slightly, even imperfectly. Notice what it costs and what it gives.",Tell one person about a value you are practising holding under pressure. Ask them to notice if they see you doing it.,Bring back: did a value come under pressure this week? What happened? Did the pre-decision help?,,,My values hold under pressure. Not because I am perfect — because I have practised and pre-decided.,The pre-decision technique is one of the most practically powerful of Phase 4. The research on pre-deciding vs. in-the-moment deciding is compelling — share it clearly. This session pairs directly with Phase 3 Week 28 (values) and should explicitly reference the values identified there.,,,,
44,4,Live It,Live It,Adult,Conflict as a Growth Practice,The Interface Layer,Staying in the difficulty rather than leaving it,"What conflict have you been avoiding, and what are you protecting?",Seeing others,2 of 3,"11, 48",Standard,,,"The Daoist tradition speaks of yin and yang — not as opposites that cancel each other out, but as complements that, in their tension, produce movement and life. Conflict, handled with awareness and integrity, is not a failure of harmony. It is harmony's more demanding form. The practice is bringing the same quality of awareness to conflict that we bring to any other aspect of inner life.","The Daoist tradition speaks of yin and yang — not as opposites that cancel each other out, but as complements that, in their tension, produce movement and life.",,,'You always…' starts a fight; 'I feel… I need…' starts a conversation. Today: rewrite one hard message in the second language.,'You always…' starts a fight; 'I feel… I need…' starts a conversation. Today: rewrite one hard message in the second language.,,,"DRAFT — rewrite from the video transcript once the video is chosen.

Conflict is not the opposite of growth. For most people it is the primary site of it — the place where values meet reality, where differences become visible, where the quality of all the inner work is actually tested. Most people manage conflict rather than engage it. Phase 4 treats it as a practice.","Think of a current or recent conflict that you've been managing rather than engaging. What would it mean to engage it honestly — to bring your full, values-aligned self to it rather than managing around it?","Conflict is not the opposite of growth. For most people it is the primary site of it — the place where values meet reality, where differences become visible, where the quality of all the inner work is actually tested. Most people manage conflict rather than engage it. Phase 4 treats it as a practice.",https://www.youtube.com/watch?v=l7ToNudVd2I,YouTube: Search 'Nonviolent Communication Marshall Rosenberg' for his foundational talks. Also: search 'John Gottman conflict research relationships' for the relationship science. Runtime ~15–20 min.,,,,"What conflict have you been avoiding, and what are you protecting?","CONFLICT PRACTICE: Identify a current low-to-moderate conflict or tension in your life. Apply the NVC framework in writing: Observation (what specifically happened — no interpretation). Feeling (what you actually feel — not 'I feel that they...', but an actual emotion). Need (what underlying value or need of yours is not being met). Request (what specific, actionable thing would genuinely help). Now: is there a conversation you're ready to have? Share: the observation and feeling from your framework — not the conflict details, but the quality of what it's like to name these clearly.",Write the conversation you want to have — using the NVC framework — that you haven't had yet. Write your part honestly. Then write what you genuinely hope they might say in response.,"Given what you noticed today, what is one thing you will do differently before next Sunday?","In one difficult interaction today, try to identify the need beneath the behaviour — yours and theirs. Notice what changes when you see it.",Have one honest conversation you've been avoiding. Use the framework. See what happens.,Bring back: what happened when you engaged the conflict rather than managed it?,,,"Conflict is not the opposite of growth. Engaged honestly, it is one of its most powerful forms.","The NVC framework is powerful but needs practical time to learn — do the four-step exercise in pairs in the room, not just in journals. Reference Phase 1 Week 11 (seeing others clearly) and Phase 2 projection work explicitly. This session may surface real current conflicts — hold the room carefully.",,,,
45,4,Live It,Live It,Adult,Generosity as a Way of Being,Hands Open,Giving that grows the giver,What do you give that costs you nothing and matters to someone?,Forgiveness,3 of 3,"16, 17",Standard,,,"The Daoist concept of te — virtue, generosity of spirit — is not about grand gestures. It is about the quality of ordinary presence: whether you arrive with hands open or closed, whether you offer freely or calculate, whether you treat every encounter as an opportunity for mutual enrichment. Generosity at this level is not what you do on occasion. It is who you are.","The Daoist concept of te — virtue, generosity of spirit — is not about grand gestures.",,,"Some gifts — encouragement, time, attention — cost nothing and still glow in your own hands after you give them. Today: give one non-money gift by Sunday.","Some gifts — encouragement, time, attention — cost nothing and still glow in your own hands after you give them. Today: give one non-money gift by Sunday.",,,"DRAFT — rewrite from the video transcript once the video is chosen.

Generosity is not an occasional act. It is an orientation — a way of moving through the world that sees abundance rather than scarcity, that gives freely from what has been developed and cultivated, that trusts that contribution does not diminish the contributor. Phase 4 cultivates generosity not as a behaviour but as a practice of being.","Think about your typical orientation when you arrive at a gathering, a conversation, or a relationship. Do you arrive asking — even unconsciously — 'what will I get from this?' Or do you arrive asking 'what can I offer here?' Be honest. Most people operate from the first far more than the second.","Generosity is not an occasional act. It is an orientation — a way of moving through the world that sees abundance rather than scarcity, that gives freely from what has been developed and cultivated, that trusts that contribution does not diminish the contributor. Phase 4 cultivates generosity not as a behaviour but as a practice of being.",https://www.youtube.com/watch?v=M7SBFnFvPeY,YouTube: 'Are You a Giver or a Taker?' by Adam Grant TED Talk — evidence-based and directly relevant to this session. Also: Elizabeth Dunn 'Helping Others Makes Us Happier' TED Talk. Runtime ~13–15 min.,,,,What do you give that costs you nothing and matters to someone?,"GENEROSITY AUDIT: In your journal, examine your current generosity practice. In what domains — time, attention, money, knowledge, emotional presence — are you genuinely generous? In what domains are you habitually calculating or withholding? What is driving the withholding — scarcity thinking, self-protection, exhaustion, or something else? Design one deliberate act of generosity this week that costs you something real (time, money, or genuine effort) and is given without expectation of return. Share: one domain where you want to develop a more generous orientation.","Write a 'generosity commitment' — not a list of donations, but a description of the quality of presence and orientation you are choosing to practise.","Given what you noticed today, what is one thing you will do differently before next Sunday?","Make one genuinely generous act today — something that costs you something real, given freely, without expectation of return.",Tell one person specifically what you appreciate about them — give them something genuine and specific that costs you nothing but attention.,Bring back: what happened when you gave generously this week? What did you notice in yourself?,,,I give from fullness. Generosity is not what I do occasionally — it is who I am becoming.,The Adam Grant 'givers vs takers' research is highly engaging and should be shared in some depth. The distinction between self-erasing generosity and sustainable otherish giving is essential — reference Phase 2 Week 19 people-pleasing explicitly. The 'quality of arrival' framing is powerful.,,,,
46,4,Live It,Live It,Adult,Enough — Living From Sufficiency,The Stable Baseline,Noticing what is already good,What is already enough that you keep treating as not yet?,Enough,3 of 3,"6, 20",Standard,,,"The Daoist principle of zhi zu — knowing when enough is enough — is not about limitation. It is about wisdom: the recognition that the relentless accumulation beyond genuine need produces diminishing returns and increasing anxiety. The person who knows enough is wealthy. The person who never knows enough is perpetually poor, regardless of what they have.",The Daoist principle of zhi zu — knowing when enough is enough — is not about limitation.,,,The 'add to cart' feeling is a treadmill — one more thing never becomes enough. Today: name three things you already have that are genuinely enough.,The 'add to cart' feeling is a treadmill — one more thing never becomes enough. Today: name three things you already have that are genuinely enough.,,,"DRAFT — rewrite from the video transcript once the video is chosen.

Phase 3 Week 20 examined the scarcity mindset. Phase 4 goes further: what does it actually feel like to live from sufficiency — not as a belief, but as a practice? Not as an achievement of having enough, but as a daily orientation that returns to gratitude, presence, and the genuine recognition that what is here, right now, is enough to begin from.","What would have to be true for you to feel that you have enough — right now, today — to begin living fully? Not to stop growing, but to stop waiting? Most people's answer is some future condition. Examine that condition honestly.","Phase 3 Week 20 examined the scarcity mindset. Phase 4 goes further: what does it actually feel like to live from sufficiency — not as a belief, but as a practice? Not as an achievement of having enough, but as a daily orientation that returns to gratitude, presence, and the genuine recognition that what is here, right now, is enough to begin from.",https://www.youtube.com/watch?v=oHGKTZSe_k4,YouTube: Search 'Lynne Twist soul of money sufficiency talk' or 'hedonic treadmill research happiness explained' for the research base. Also: Robert Emmons on gratitude research is widely available. Runtime ~15–20 min.,,,,What is already enough that you keep treating as not yet?,"SUFFICIENCY PRACTICE: In your journal, explore three questions: What do you already have — right now — that is genuinely sufficient to begin living from? (Not what you'll have when conditions are met, but what is present today.) Where in your life is 'not enough' thinking most active — and what does it cost you? Design a daily sufficiency practice: one moment each day where you deliberately notice what is already enough. Share: one thing that is genuinely enough that you have been treating as insufficient.",Write a daily sufficiency statement — one specific sentence you can say to yourself each morning that honestly names what is already enough to begin from today.,"Given what you noticed today, what is one thing you will do differently before next Sunday?",Say your sufficiency statement when you wake up tomorrow. See what it changes about how the day begins.,"Tell one person what you genuinely have enough of — not what you're grateful for in general, but one specific thing you recognise as enough right now.",Bring back: what happened when you practised the sufficiency statement for one week?,,,"I have enough to begin from. Right now. Today. And from this enough, I continue to grow.",The hedonic treadmill research is essential context for this session — it de-pathologises the scarcity drive while showing clearly why it cannot work as a path to genuine sufficiency. The daily sufficiency statement practice is highly practical. Reference Week 20 explicitly as the earlier exploration of this territory.,,,,
47,4,Live It,Live It,Adult,The Long Game — Patience and Persistence,Trusting the Process,Growth that is invisible before it is visible,What are you working on that has not shown results yet?,Habits and structure,4 of 4,"12, 29, 33",Standard,,,"The Daoist principle of wu wei includes patience — not passive waiting, but the trust that processes allowed to unfold in their natural time produce more durable results than those forced prematurely. The seed does not become the tree on the gardener's schedule. The practice is consistent, patient tending — without demanding the harvest before the season.","The Daoist principle of wu wei includes patience — not passive waiting, but the trust that processes allowed to unfold in their natural time produce more durable results…",,,"A seed spends weeks looking like nothing while it grows roots — don't dig it up to check. Today: recommit to one slow, unglamorous thing that's still growing underground.",A seed spends weeks looking like nothing while it grows roots — don't dig it up to check.,,,"DRAFT — rewrite from the video transcript once the video is chosen.

We live in a culture of instant feedback, rapid results, and the expectation that growth should be visible and immediate. The inner work done in this year does not follow that rhythm. Some of it has already changed you. Some of it will show up in five years. Some of it you will not understand until you look back. This week is about developing the orientation of the long game.",Think of the most significant positive change in your life — one that you can see clearly now but could not see while it was happening. How long did it take? And were you aware of it as it was occurring? What does that tell you about the long game?,"We live in a culture of instant feedback, rapid results, and the expectation that growth should be visible and immediate. The inner work done in this year does not follow that rhythm. Some of it has already changed you. Some of it will show up in five years. Some of it you will not understand until you look back. This week is about developing the orientation of the long game.",https://www.youtube.com/watch?v=TQMbvJNRpLE,YouTube: Search 'Angela Duckworth grit and perseverance TED Talk' — the foundational research on long-game thinking and persistence. Runtime ~6 min.,,,,What are you working on that has not shown results yet?,"LONG GAME MAPPING: In your journal, write a letter to yourself to be opened in five years. Not a fantasy letter — a grounded one, based on the direction you've been building this year. What are you building toward? What do you trust will be true in five years if you continue showing up consistently? What would you want your future self to know you committed to today? Seal it (literally or metaphorically). Share: one thing you are trusting the long game with.","Write your long-game intention for the next year — not goals, but direction. The quality of person you are continuing to build toward.","Given what you noticed today, what is one thing you will do differently before next Sunday?","Today, show up for one practice you've built this year — not because you can see immediate results, but as a vote for who you are becoming over time.",Tell one person: 'Something I'm playing the long game with is...' — and name specifically what that means for how you'll show up this week.,Bring back: what did it feel like to play the long game deliberately — to act without immediate feedback?,,,I am building something that takes time. I show up every day. The compound interest is working.,The five-year letter exercise is one of the most powerful of Phase 4 — encourage people to actually seal and store it. The compound interest metaphor is worth spending time on. Some people will be impatient with how subtle the year's changes have felt — this session directly addresses that.,,,,
48,4,Live It,Live It,Adult,Leaving People Better Than You Found Them,Positive Externalities,Small moments that ripple further than we see,"Who left you better than they found you, and how?",Seeing others,3 of 3,"11, 44",Standard,,,"The Confucian concept of ren — benevolence, humaneness — in its most practical form is exactly this: every encounter is an opportunity to extend genuine humanity toward another person. Not grand acts. Daily ones. A word of honest appreciation, a quality of genuine attention, a piece of honestly given wisdom — these are ren in practice.","The Confucian concept of ren — benevolence, humaneness — in its most practical form is exactly this: every encounter is an opportunity to extend genuine humanity toward another…",,,"You leave a 'tip' in every interaction — a little brighter or a little dimmer. Today: leave one person brighter, on purpose.","You leave a 'tip' in every interaction — a little brighter or a little dimmer. Today: leave one person brighter, on purpose.",,,"DRAFT — rewrite from the video transcript once the video is chosen.

One of the simplest and most demanding practices available: leaving people better than you found them. Not dramatically better — not rescuing or fixing. Just slightly more seen, more valued, more capable of being themselves because of their encounter with you. This is the lived expression of everything this year has built.","Think of someone who has left you genuinely better than they found you — not through dramatic intervention, but through the consistent quality of their presence and their regard. What specifically did they do? What was the quality of their attention?","One of the simplest and most demanding practices available: leaving people better than you found them. Not dramatically better — not rescuing or fixing. Just slightly more seen, more valued, more capable of being themselves because of their encounter with you. This is the lived expression of everything this year has built.",https://www.youtube.com/watch?v=cDDWvj_q-o8,YouTube: Search 'Jane Dutton high quality connections research' or 'micro-affirmations Mary Rowe MIT workplace' for the research base. Also: search 'the power of genuine attention relationships research.' Runtime ~10–15 min.,,,,"Who left you better than they found you, and how?","LEAVING BETTER PRACTICE: Think about the five people you interact with most regularly. For each: Do they regularly leave interactions with you feeling more seen, more valued, and more capable? Or less? What one specific change in how you show up in each relationship would most reliably leave them better? Design a 'leaving better' practice for your most significant relationships — specific, observable, and genuine. Share: one relationship where you want to commit to leaving people better — and what that will look like.","Write a 'leaving better' intention for your three most important relationships — specific, observable, genuinely yours.","Given what you noticed today, what is one thing you will do differently before next Sunday?","In every interaction today, ask yourself: 'Will this person be slightly better for having encountered me?' Even once — notice what happens when you orient toward that.","Give one person this week the gift of your full, undivided attention — with no agenda except their experience of being genuinely received.",Bring back: what happened when you deliberately oriented toward leaving someone better? What did you notice — in them and in yourself?,,,"Every encounter is an opportunity. I leave people better — seen, valued, more capable of being themselves.",The research on high-quality connections (Jane Dutton) is powerful and practical — brief encounters characterised by genuine regard have measurable positive effects. This is one of the most immediately actionable sessions of Phase 4. The 'ten minutes of undivided attention' practice is a specific and powerful commitment.,,,,
49,4,Live It,Live It,Adult,Your Legacy — What You're Building Beyond Yourself,What Are You Actually Building?,The part of you that outlasts you,What do you want to be true because you were here?,Stories and identity,5 of 5,"2, 5, 25, 27",Standard,,,The Confucian concept of moral cultivation was always understood as inherently intergenerational. The sages cultivated themselves not only for their own flourishing but for the quality of presence they would offer to those around them and those who would come after. To live well is to leave something worth inheriting.,The Confucian concept of moral cultivation was always understood as inherently intergenerational.,,,Drop a stone in a pond and the ripples reach edges you'll never see. Today: name one mark you want rippling out from how you live.,Drop a stone in a pond and the ripples reach edges you'll never see. Today: name one mark you want rippling out from how you live.,,,"DRAFT — rewrite from the video transcript once the video is chosen.

Legacy is not what you leave after you die. Legacy is what you are building right now — through how you show up, what you model, what you teach, what you create, and who you help become. At 35, at 50, at 70: legacy is a present practice, not a future inheritance. This week we think about what we are actually building beyond ourselves.","If the people closest to you were asked to describe your legacy — not after your death, but right now, based on how you're currently living — what would they say? Is that the legacy you are choosing to build?","Legacy is not what you leave after you die. Legacy is what you are building right now — through how you show up, what you model, what you teach, what you create, and who you help become. At 35, at 50, at 70: legacy is a present practice, not a future inheritance. This week we think about what we are actually building beyond ourselves.",https://www.youtube.com/watch?v=qp0HIF3SfI4,YouTube: Search 'generativity psychology Erikson legacy research' or 'what is your legacy Dan McAdams talk' for the research base. Also: Stephen Covey 'Begin with the end in mind' is widely available. Runtime ~15 min.,,,,What do you want to be true because you were here?,"LEGACY DESIGN: In your journal, explore: What do you want to be the ongoing effect of your presence in the lives of your most important relationships? What qualities, values, or capacities do you want to pass on — not as instruction, but as modelling? What are you currently building that will outlast you — in your community, your relationships, your work? And: is how you're currently living genuinely building toward that legacy — or is there a gap? Share: one legacy you are consciously building right now.","Write your current legacy statement — not what you hope to leave eventually, but what you are actively building right now, through how you live daily.","Given what you noticed today, what is one thing you will do differently before next Sunday?","Make one choice today that is explicitly oriented toward the legacy you want to build — a quality of presence, a word honestly said, a model worth following.",Share your legacy statement with one person who is part of it. Tell them specifically what you are building — and invite them to hold you to it.,Bring back: what happened when you oriented toward legacy in an ordinary daily moment?,,,"I am building something that will outlast me. I build it now — in how I live, how I love, and how I show up.",The generativity concept (Erikson) is highly resonant for adults in midlife — name it explicitly. The distinction between legacy as future inheritance vs. legacy as present practice is the central reframe. The question 'what is lasting in them from you right now?' is the most productive prompt in this session.,,,,
50,4,Live It,Live It,Adult,"Gratitude as a Practice, Not a Feeling",Deliberate Attention,"Specific noticing, trained",What is good right now that you had stopped noticing?,Signal and attention,3 of 4,"1, 34, 51",Standard,,,"The ancient practices of gratitude — found in virtually every wisdom tradition — were never about performing happiness or denying difficulty. They were about deliberately redirecting attention to what is genuinely present and valuable, as a counter to the mind's natural negative-bias drift. The Daoist sage lives in appreciation of what is — not because everything is pleasant, but because appreciation is a more alive relationship with reality than complaint.",The ancient practices of gratitude — found in virtually every wisdom tradition — were never about performing happiness or denying difficulty.,,,"Gratitude is a camera — the more you practise pointing it, the more good it finds in frame. Today: capture three specific good moments in words, not generic ones.","Gratitude is a camera — the more you practise pointing it, the more good it finds in frame.",,,"DRAFT — rewrite from the video transcript once the video is chosen.

Gratitude is not a feeling you have when good things happen. It is a practice you choose regardless of circumstances — the deliberate, specific attention to what is already present and valuable. Research on gratitude is unambiguous: practised consistently, it is one of the most effective interventions available for wellbeing, resilience, and quality of relationship.","What is one genuine, specific thing in your life right now that you are genuinely grateful for — not a performance of gratitude, but something real that, when you actually stop and attend to it, produces a felt sense of genuine appreciation? Let yourself feel it for a moment.","Gratitude is not a feeling you have when good things happen. It is a practice you choose regardless of circumstances — the deliberate, specific attention to what is already present and valuable. Research on gratitude is unambiguous: practised consistently, it is one of the most effective interventions available for wellbeing, resilience, and quality of relationship.",https://www.youtube.com/watch?v=WPPPFqsECz0,YouTube: Robert Emmons on gratitude research — search 'Robert Emmons gratitude research talk YouTube.' Widely available and directly relevant. Also: search 'gratitude and brain structure neuroscience.' Runtime ~15 min.,,,,What is good right now that you had stopped noticing?,"GRATITUDE PRACTICE DESIGN: Design a sustainable, specific gratitude practice for the next year. Not 'write three things I'm grateful for' in a generic sense — but a practice that is specific enough to be genuinely yours: a particular time, a particular format, a particular level of specificity. The practice should name not just WHAT you're grateful for but WHY it specifically matters to you. This week: practise it every day. Share: your gratitude practice design — the specific format and one example of what specific gratitude looks like for you.","Write five specific gratitude statements — each naming exactly what you're grateful for, exactly why, and the specific felt quality of it.","Given what you noticed today, what is one thing you will do differently before next Sunday?",Practise your designed gratitude practice every day this week without missing a day.,"Express specific gratitude to one person every day this week — not 'thank you,' but what specifically you appreciate about them and why.",Bring back: what happened when you practised specific gratitude consistently for one week?,,,"Gratitude is my daily practice — specific, felt, genuine. It is how I keep my attention calibrated toward what is real.","The specificity point is essential to communicate clearly — generic gratitude produces much weaker effects than specific gratitude. The practice design should be genuinely personalised, not a template. The expressed gratitude practice (telling someone specifically what you appreciate) is the highest-impact exercise of this session.",,,,
51,4,Live It,Live It,Adult,The Ongoing Practice — There Is No Arrival,The Practice That Keeps Practising,Growth without a finish line,What will you keep doing when this year ends?,Signal and attention,4 of 4,"1, 34, 50",Standard,,,The Daoist master is not the one who has finished the practice. The master is the one who has understood that the practice never finishes — and who has found genuine delight in that fact. The absence of arrival is not failure. It is the nature of a living practice. It is the thing that makes it alive.,The Daoist master is not the one who has finished the practice.,,,"There's no 'finish line' notification for growth — the walk is the point. Today: name the one practice you'll keep for life, arrival or not.","There's no 'finish line' notification for growth — the walk is the point. Today: name the one practice you'll keep for life, arrival or not.",,,"DRAFT — rewrite from the video transcript once the video is chosen.

There is no arrival. Not in Week 52, not in five years, not ever. The inner work is not a problem to be solved and a destination to be reached. It is a practice — ongoing, deepening, always unfinished, always richer. This week we embrace that truth not as disappointing but as liberating.",What has shifted in how you relate to the idea of 'having it together' or 'being sorted' over the course of this year? How has your relationship with the ongoing nature of growth changed?,"There is no arrival. Not in Week 52, not in five years, not ever. The inner work is not a problem to be solved and a destination to be reached. It is a practice — ongoing, deepening, always unfinished, always richer. This week we embrace that truth not as disappointing but as liberating.",https://www.youtube.com/watch?v=sPOuCd6cBao,"YouTube: 'This Is Water' by David Foster Wallace — about the ongoing, daily work of conscious living. One of the most important pieces of content of the year. Runtime ~9 min.",,,,What will you keep doing when this year ends?,"PRACTICE SUSTAINABILITY AUDIT: In your journal, for each of the four Phase areas: Which practices from Phase 1 (seeing) do you want to maintain ongoing? Which from Phase 2 (releasing) are still active — what is still unlearning? Which from Phase 3 (rebuilding) needs continued daily attention? Which from Phase 4 (living) are you committed to as permanent orientation? Design your 'ongoing practice' — not a year-long programme, but a sustainable daily/weekly rhythm you can maintain indefinitely. Share: your ongoing practice design.",Write your ongoing practice — the sustainable rhythm of inner work that you will maintain beyond this year.,"Given what you noticed today, what is one thing you will do differently before next Sunday?","Choose one practice from this year and commit to it for the next month — no programme, no group, just you and the practice. Notice what it's like to own it fully.",Tell one person that the inner work doesn't end — and that you're not trying to finish it. Share what your ongoing practice looks like.,Bring back: what does it feel like to embrace the ongoing nature of the practice?,,,I am not arriving. I am practising. The practice is the destination.,The reframe of 'there is no arrival' can be profoundly liberating — or initially disappointing for people who have been holding Week 52 as a finish line. Name that tension directly and address it honestly. The ongoing practice design is one of the most important practical outcomes of the whole year.,,,,
52,4,Live It,Live It,Adult,Integration — A Year of Becoming,The Ceremony of Acknowledgment,Gathering the whole arc,"Who were you a year ago, and what would you tell them?",Integration,4 of 4,"13, 26, 39",Integration,,,"In the oldest traditions of inner work, the final ceremony was not about the teacher pronouncing the student complete. It was about the student pronouncing themselves in ongoing practice — publicly, in community, with full awareness of what had been done and what remained to do. This is that ceremony.","In the oldest traditions of inner work, the final ceremony was not about the teacher pronouncing the student complete.",,,"You're not closing a book, you're turning to a blank page with a full backpack and a compass. Today: write the first line of next year's chapter.","You're not closing a book, you're turning to a blank page with a full backpack and a compass. Today: write the first line of next year's chapter.",,,"DRAFT — rewrite from the video transcript once the video is chosen.

Fifty-two weeks. Four phases. One year of genuine inner work — seeing clearly, unlearning what no longer serves, rebuilding from values, and living it outward into the world. Week 52 is not a graduation. It is a milestone in an ongoing practice. Today we honour the work, acknowledge the transformation, witness each other, and step forward carrying everything this year has made possible.","If you had to name the single most significant shift that has occurred in you over the past 52 weeks — not the most visible or the most dramatic, but the most real — what would it be?","Fifty-two weeks. Four phases. One year of genuine inner work — seeing clearly, unlearning what no longer serves, rebuilding from values, and living it outward into the world. Week 52 is not a graduation. It is a milestone in an ongoing practice. Today we honour the work, acknowledge the transformation, witness each other, and step forward carrying everything this year has made possible.",https://www.youtube.com/watch?v=sPOuCd6cBao,YouTube: 'This Is Water' by David Foster Wallace — the closing piece of content for the year. Also consider showing a brief meditative 'year in review' montage if you have created video content across the year. Runtime ~9 min.,,,,"Who were you a year ago, and what would you tell them?","YEAR IN REVIEW — THE CEREMONY: In your journal, write the full answer to these four questions. Take as long as you need. 1. Who was I when I walked into Week 1? (Be honest — not harsh, but genuine.) 2. What has genuinely shifted — in how I see, what I've released, what I've built, how I now live? 3. What do I carry forward from this year that I didn't have before? 4. What is my commitment for the next year — the ongoing practice I am choosing? Then, in the group: each person shares one answer from any question — witnessed in silence by the whole community. No advice. No commentary. Just witnessing. The witnessing is the ceremony.",Write a letter to someone who might begin this journey next year. What do you want them to know?,"Given what you noticed today, what is one thing you will do differently before next Sunday?","Live one day this week with total intentionality — from every practice this year, in full expression. Notice what a life built from this year's work actually feels and looks like.",Tell someone outside this group: 'I've done a year of serious inner work. One thing that genuinely changed is...' Own it. Fully. Without qualification.,Come to the final session ready to share your four-question year review — or one line from it.,,,"I have done this work. I carry it forward. The practice continues — deeper, richer, more genuinely mine.","MAKE THIS SESSION EXTRAORDINARY. This is the ceremony. The year's arc completing. People have done real, durable, genuine inner work. Honour it fully: candles, music, physical space transformed, letters read aloud, witnessed silence. The community that has formed over 52 weeks deserves to be explicitly celebrated. The commitment to ongoing practice is the closing act — not 'goodbye' but 'continuing.'",,,,
