Week,Phase,Phase Name,Movement Theme,Audience,Weekly Theme,Session Title,The Territory,Opening Question,Spiral Thread,Spiral Depth,Revisits Weeks,Week Type,S1 Welcome Wall Note,S2 Voices Callback Intro,S3 Ancient Wisdom (full text),"S3 Ancient Wisdom VO Script (10s, <=28 words)",S3 Video URL,S3 Captions URL,S4 In Today's World (full text),"S4 In Today's World VO Script (10s, <=28 words)",S4 Video URL,S4 Captions URL,S5 Today's Theme (write from transcript),S5 Source: Opening Hook (legacy),S5 Source: Core Concept (legacy),S6 Video URL,S6 Video Title/Description,S6 Video Transcript,S6 Reflective Question 1,S6 Reflective Question 2,S7 Private Write Prompt (90 sec),S7 Experiential Exercise,S8 Reflection Prompt,S9 Intention Prompt,S9 Practice (Mon),S9 Practice (Wed),S9 Practice (Sun),S10 Closing Quote,S10 Quote Attribution,S10 Core Affirmation,S11 Facilitator Prep Notes,S11 Watch For,S11 First Time Note,S11 Heavy Week Flag,S11 Post-Session Evaluation,Picture Book,Picture Book Author,Picture Book Question,NZ Alternative (Aotearoa),NZ Alternative Author,NZ Alternative Note,NZ Alternative Verified,Read-Aloud Source Check,Picture Book Note,Kids Video Source,Kids Game,Kids Game Equipment,Kids Game Under-5 Adaptation,Colouring Prompt
1,1,See Clearly,See Clearly,Child,The Signal and the Noise,Finding Your Station,Noticing what's going on inside you when everything is noisy,What's something you've been thinking about that you haven't told anyone?,Signal and attention,1 of 4,"34, 50, 51",Movement opener,,,"Have you ever seen a lighthouse? Even in a really big storm with waves crashing and wind howling, the lighthouse light just keeps going — steady and calm. You have something like that light inside you too.","Have you ever seen a lighthouse? Even in a really big storm with waves crashing and wind howling, the lighthouse light just keeps going — steady and calm.",,,"Your mind is a phone with 47 tabs open and notifications firing — the signal is the one tab you opened on purpose. Today: close the tabs (one breath, one thing) and hear the quiet channel underneath the noise.",Your mind is a phone with 47 tabs open and notifications firing — the signal is the one tab you opened on purpose.,,,"DRAFT — rewrite from the video transcript once the video is chosen.

Sometimes our thoughts and feelings get really noisy — like a radio with too much static. Today we practise noticing when we feel like ourselves versus when we feel a bit lost or scrambled.","Can anyone tell me about a time they felt really, really good — like everything just felt right? What were you doing?",Sometimes our thoughts and feelings get really noisy — like a radio with too much static. Today we practise noticing when we feel like ourselves versus when we feel a bit lost or scrambled.,https://www.youtube.com/watch?v=UOsxlVpQT14,"Listening to My Body by Gabi Garcia (read-aloud) — sensations and feelings, and how to listen to what your body needs. Runtime ~10 min.",,,,What's something you've been thinking about that you haven't told anyone?,"BODY DETECTIVE: Rub your hands together fast for 30 seconds. What do you notice — heat? Tingles? Sweat? That's a sensation. Now put your hand on your heart and jump 15 times. What changed? Your body talks through sensations and feelings. Now draw, or tell a partner, one thing your body is telling you right now.",Draw a picture of your body when it feels happy and calm — and a picture of your body when it's telling you it needs something. What's different?,"Given what you noticed today, what is one thing you will do differently before next Sunday?","Be a body detective today. Notice one sensation — hungry, wiggly, warm, tired — and tell a grown-up what you found.","When a big feeling comes, try horse lips: breathe in through your nose, then blow a big puff out through your lips so they flap like a horse. What happens to the feeling?","Give yourself a butterfly hug — wrap your arms around yourself and squeeze gently, just the way you like it. Tell a grown-up what your body said back.",,,"My body talks to me, and I'm learning to listen. I know the difference between a calm body and a wiggly one.",Use visuals and movement where possible. Keep reflection time SHORT — 30 seconds max for young children. Story time recommended: ask children to bring a book about feelings for next week.,,,,,The Quiet Book,Deborah Underwood,What kind of quiet do you like best?,Titiro Look,"Gavin Bishop (Tainui, Ngāti Awa)",Looking closely at what is already in front of you.,Check theme at library,,"There are many different kinds of quiet, and you have to stop to notice them.",https://www.youtube.com/watch?v=UOsxlVpQT14,"Signal in the Static — Everyone hums, chatters and shuffles — that's the noise. One child hides a beeping timer or shaker somewhere in the hall. The room has to go quiet enough, in stages, to hear it and find it. Repeat with the noise starting louder each time. WHY IT FITS: You cannot hear the quiet thing until you stop making noise.",Kitchen timer or a shaker; something to hide it under,"Under-5s are the noise-makers and the finders. Hide it in plain sight and let them 'find' it. Skip the staged quiet — just loud, then whisper, then silent.",
2,1,See Clearly,See Clearly,Child,The Stories We Carry,What's in Your Backpack?,"The things people say about you, and whether they're true",What do people say you're like? Is that the whole story?,Stories and identity,1 of 5,"5, 25, 27, 49",Standard,,,"There's a story about a baby elephant tied to a small post. As a baby it tried to pull free, couldn't, and eventually stopped trying. Years later, fully grown, the elephant stays next to the tiny post without even pulling. The rope hasn't changed. The elephant has. We carry stories the same way.","There's a story about a baby elephant tied to a small post. As a baby it tried to pull free, couldn't, and eventually stopped trying.",,,"The stories you tell about yourself run like an app in the background, quietly draining the battery. Today: catch one 'I'm the kind of person who…' and ask — did I write this, or did it just install itself?","The stories you tell about yourself run like an app in the background, quietly draining the battery.",,,"DRAFT — rewrite from the video transcript once the video is chosen.

We all have little voices in our head that say things about us — sometimes kind things, sometimes not-so-kind things. Today we meet those voices and find out where they came from.",Has anyone ever had a thought like 'I'm not good at that' or 'that's not for me' — and wondered where it came from?,"We all have little voices in our head that say things about us — sometimes kind things, sometimes not-so-kind things. Today we meet those voices and find out where they came from.",https://www.youtube.com/watch?v=pTp0O-b0LFI,YouTube: 'The Most Magnificent Thing' read-aloud — story about a girl who tries and fails and learns to persist. Runtime ~8 min. Companion book: 'What Do You Do With a Problem?' by Kobi Yamada.,,,,What do people say you're like? Is that the whole story?,"BACKPACK ACTIVITY: Each child gets a paper 'backpack' outline to draw on. Inside the backpack, draw or write 2 things you believe about yourself — one good thing, one thing that sometimes makes you feel bad. Around the outside of the backpack, write where you learned it (e.g. 'school,' 'a friend said,' 'something that happened'). Share the good thing with the group. The harder thing is private unless they choose to share.",Draw a picture of yourself WITHOUT the heavy thing in your backpack. What do you look like?,"Given what you noticed today, what is one thing you will do differently before next Sunday?",Notice one kind thought about yourself today. Write it down or tell someone.,"Tell a grown-up one thing in your 'backpack' — something you believe about yourself, good or tricky.",Bring your backpack drawing back and be ready to share one thing from it.,,,I get to choose which stories I carry.,Use physical props if possible — a real small backpack to put cards in works wonderfully. Ensure children know they don't have to share private thoughts. Have a quiet corner available.,,,,,Chrysanthemum,Kevin Henkes,Has anyone ever said something about you that wasn't true?,,,,,,"What people say about you can start to feel true, even when it isn't.",,"Label Tag — Each child wears a sticky label on their back with a made-up word (Sparkly, Slow, Loud, Bossy). Others treat them as that label for two minutes. Then everyone guesses their own label, peels it off and says one true thing about themselves instead. WHY IT FITS: Being told what you are, and choosing to take it off.","Sticky labels, marker","Give under-5s only kind or silly labels (Bouncy, Giggly). Keep it to 30 seconds and help them peel it off.",
3,1,See Clearly,See Clearly,Child,The Pattern Interrupt,The Pause Button,The little gap between feeling something and doing something,When did you last do something you wished you hadn't?,Choice and response,1 of 3,"19, 43",Standard,,,"In old stories, the wisest characters — the ones who could solve the hardest problems — were always the ones who could be still. Not frozen. Still. There's a difference. Stillness is a superpower.","In old stories, the wisest characters — the ones who could solve the hardest problems — were always the ones who could be still. Not frozen. Still.",,,Between the notification buzzing and your hand grabbing the phone there's a half-second gap — that gap is a superpower. Today: find the buzz-to-grab gap in one habit and slot a single breath into it.,Between the notification buzzing and your hand grabbing the phone there's a half-second gap — that gap is a superpower.,,,"DRAFT — rewrite from the video transcript once the video is chosen.

Sometimes we do things we didn't really mean to — like snap at someone or say something unkind — almost before we even knew we were doing it. Today we learn a superpower: the pause.","Has anyone ever said or done something, and then straight away wished they hadn't? Tell me about what that feels like in your body — tummy? chest? face?",Sometimes we do things we didn't really mean to — like snap at someone or say something unkind — almost before we even knew we were doing it. Today we learn a superpower: the pause.,https://www.youtube.com/watch?v=BVAaomgzFCM,"YouTube: 'Sesame Street — Common and Colbie Caillat: Belly Breathe' — fun, accessible breathing and pause technique for young children. Runtime ~3 min. Companion book: 'When Sophie Gets Angry — Really, Really Angry' by Molly Bang.",,,,When did you last do something you wished you hadn't?,"THE PAUSE BUTTON ACTIVITY: Everyone gets a card with a big PAUSE symbol on it. Practise the pause together: Clap hands once (the trigger). Everyone presses their 'pause button' card against their heart and counts 1-2-3 slowly while breathing. Role play: Facilitator pretends to say something frustrating. Children press pause, count, breathe, then decide how to respond. Practise 3 times. Make it fun and slightly silly.",Draw your pause button. What colour is it? What does it look like? Where on your body would it be?,"Given what you noticed today, what is one thing you will do differently before next Sunday?","When you feel a big, fast feeling today, try pressing your imaginary pause button before you react.",Teach someone at home about the pause button. Show them how it works.,Bring your pause button drawing and a story about one time you tried to use it!,,,"When I feel a big feeling, I can pause. I am in charge of what happens next.",The pause button card is a tangible anchor children can take home. Coordinate with parents to reinforce the language at home. Make the role-play fun so children associate it with positive feelings.,,,,,"When Sophie Gets Angry — Really, Really Angry",Molly Bang,What helps you when you feel like Sophie?,Finding My Calm,Rebekah Lipp & Craig Phillips,Practical ways to find the pause before reacting.,Confirmed,,The gap between feeling furious and doing something about it — Sophie goes outside instead.,,"Freeze in the Gap — Music plays and everyone moves. When it stops, freeze — but before you freeze you must take one big breath. Facilitator calls a feeling ('cross!', 'excited!') and children move like that, then freeze and breathe again. WHY IT FITS: The breath is the gap between the feeling and what you do.",Speaker,Under-5s just do stop-and-go with a big breath. Drop the feelings round or use only two: happy and sleepy.,
4,1,See Clearly,See Clearly,Child,What Your Body Is Telling You,Your Feelings Weather Station,What your body tells you before your words do,Where do you feel it in your body when you're worried?,The body,1 of 3,"24, 30",Standard,,,"There's an old idea that our body, heart, and mind are all connected — like a three-part team. When they're all working together, we feel strong and good. When one part is ignored, we get wobbly. Today we check in with the whole team.","There's an old idea that our body, heart, and mind are all connected — like a three-part team. When they're all working together, we feel strong and good.",,,"Your body is the check-engine light your dashboard mind keeps ignoring — tight shoulders and a clenched jaw are data, not noise. Today: do a ten-second body scan before you fire back the stressful message.","Your body is the check-engine light your dashboard mind keeps ignoring — tight shoulders and a clenched jaw are data, not noise.",,,"DRAFT — rewrite from the video transcript once the video is chosen.

Our bodies are amazing messengers! They tell us when we're scared, excited, tired, or happy — all with feelings inside our body. Today we learn to listen to those feelings.",Can you show me what your body looks like when you're really happy? Now scared. Now proud. Did you notice your BODY changes when your feelings change? Feelings live in the body!,"Our bodies are amazing messengers! They tell us when we're scared, excited, tired, or happy — all with feelings inside our body. Today we learn to listen to those feelings.",https://www.youtube.com/watch?v=nj2ofrX7jAk,YouTube: 'Emotions and the Brain for Kids' — fun animated explanation of how emotions work in the body. Runtime ~5 min. Companion book: 'The Colour Monster' by Anna Llenas — beautiful exploration of identifying feelings through colour.,,,,Where do you feel it in your body when you're worried?,"FEELINGS WEATHER STATION: Each child gets a body outline. Facilitator calls out feelings: happy, scared, excited, tired, proud, embarrassed, angry, loved. Children colour or mark where they feel each one in their body. Share: 'Where do YOU feel happy? Where do you feel nervous?' Discuss: we all feel things in slightly different places — and that's amazing!",Draw what your body looks like on the inside when you feel your favourite feeling.,"Given what you noticed today, what is one thing you will do differently before next Sunday?","Three times today, ask yourself: 'What is my body telling me right now?' Tell a friend what you find!",Ask a grown-up: 'Where do YOU feel nervous in your body?' Compare answers!,Bring back your feelings body map and share one new thing you discovered about your feelings.,,,My body helps me understand my feelings. We are a great team.,"Body map activity is highly engaging — use lots of colour. Keep the focus entirely on internal feelings, never on appearance. The 'feelings weather station' language can be used throughout the whole year as a check-in tool.",,,,,Listening to My Body,Gabi Garcia,Where do you feel it in your body when you're excited?,Let It Go: Emotions Are Energy in Motion,Rebekah Lipp & Craig Phillips,"What sadness, anger, shame and fear actually feel like in the body.",Confirmed,,Sensations come before words. Your body tells you things first.,,"Body Weather Report — Children move around. Facilitator calls a scenario ('you're about to do a speech', 'you're getting a present'). Everyone freezes and puts a hand where they feel it — tummy, chest, head, hands. Then a quick show of hands: who felt it in the tummy? WHY IT FITS: The body answers before the words do.",None,"Use only physical scenarios for under-5s — running fast, being tickled, being cold. Ask them to point to where it feels wobbly.",
5,1,See Clearly,See Clearly,Child,The Mirror — How We See Ourselves,The True Mirror,Seeing yourself kindly and honestly,What's something you like about yourself?,Stories and identity,2 of 5,"2, 25, 27, 49",Standard,,,There's an old story about a lion cub raised by sheep. It grew up thinking it was a sheep — timid and small. Until one day it saw its reflection in a river and heard a real lion roar. The cub had always been a lion. It just didn't have the right mirror. You might be missing some things about yourself too.,There's an old story about a lion cub raised by sheep. It grew up thinking it was a sheep — timid and small.,,,The front camera shows every flaw; a good friend's photo catches you laughing — self-awareness is choosing the friend's lens. Today: describe yourself the way someone who loves you would.,The front camera shows every flaw; a good friend's photo catches you laughing — self-awareness is choosing the friend's lens.,,,"DRAFT — rewrite from the video transcript once the video is chosen.

Have you ever looked in a funny mirror that made you look tall or wiggly or squished? Today we think about the mirror we use to look at ourselves — and make sure it's a good, true one.","If I drew a picture of you, what would I need to include to make it REALLY you? Not just what you look like — what makes you YOU?","Have you ever looked in a funny mirror that made you look tall or wiggly or squished? Today we think about the mirror we use to look at ourselves — and make sure it's a good, true one.",https://www.youtube.com/watch?v=0ZcfX2862XE,YouTube: 'The Dot' read-aloud by Peter H. Reynolds — a child discovers their own creativity and ability through brave action. Runtime ~8 min. Companion book: 'I Am Enough' by Grace Byers — affirming picture book about being exactly who you are.,,,,What's something you like about yourself?,THE TRUE MIRROR ACTIVITY: Each child draws a large mirror outline. On the LEFT side: draw or write 3 things you're genuinely good at or proud of. On the RIGHT side: draw or write 1 thing you're still learning or working on — this is brave! Decorate the frame with things that matter to you. Share your mirror with the group — at least one thing from each side.,Draw or write about something you're proud of about yourself that you don't talk about very much.,"Given what you noticed today, what is one thing you will do differently before next Sunday?",Tell yourself one true kind thing today. Then tell someone else one true kind thing about THEM.,Ask a grown-up: 'What do you think I'm really good at?' Write it on the frame of your mirror.,Bring your mirror drawing back and add something new you discovered about yourself this week!,,,I can see myself clearly — the strong parts AND the growing parts. Both of them are me.,The mirror craft is a session highlight — prepare materials in advance. Emphasise that BOTH strengths AND growing areas belong in the mirror — this normalises ongoing growth. Display mirrors on the room walls with permission — creates a powerful visual of collective self-awareness.,,,,,I Like Myself!,Karen Beaumont,What's something you like about yourself?,,,,,,"Liking yourself on the inside, whatever the outside is doing.",,"Kind Mirror — Pairs face each other. One moves slowly, the other mirrors. Swap. Then each says one true, kind thing they noticed about their partner — how they moved, how carefully they copied. WHY IT FITS: Seeing someone properly, and saying it out loud.",None,"Adult partners a under-5 and mirrors them, not the other way round. Big slow movements only.",
6,1,See Clearly,See Clearly,Child,The Comparison Loop,Your Own Puzzle,Wishing you were like someone else,"Who do you wish you were more like, and why?",Enough,1 of 3,"20, 46",Standard,,,"There's an old idea about flowers: a daisy doesn't look at a rose and wish it were a rose. A daisy is a perfect daisy. When it tries to be a rose, it forgets to be what it is. You are already your own kind of flower. And that's brilliant.",There's an old idea about flowers: a daisy doesn't look at a rose and wish it were a rose. A daisy is a perfect daisy.,,,Scrolling compares your behind-the-scenes to everyone's highlight reel — a treadmill where you sweat and never move. Today: name one 'race' you're quitting and mute the feed that runs it.,Scrolling compares your behind-the-scenes to everyone's highlight reel — a treadmill where you sweat and never move.,,,"DRAFT — rewrite from the video transcript once the video is chosen.

Sometimes we look at other people and wish we were more like them — that we had what they had or could do what they can do. Today we learn why comparing isn't as useful as it feels, and what to do instead.",Has anyone ever wished they could do something that someone else can do? What does it feel like in your tummy when you compare yourself to someone else?,"Sometimes we look at other people and wish we were more like them — that we had what they had or could do what they can do. Today we learn why comparing isn't as useful as it feels, and what to do instead.",https://www.youtube.com/watch?v=kMyk8xSMnzY,YouTube: 'You Are Special' by Max Lucado read-aloud — a beautiful story about where worth really comes from. Runtime ~8–10 min.,,,,"Who do you wish you were more like, and why?","YOUR AMAZING PUZZLE: Each child gets a puzzle outline with 4–6 large pieces. In each piece, draw or write one thing you're good at, one thing you love, one thing that makes you you. Look at your completed puzzle: no two are the same! That's the point. Share: 'One piece of my puzzle that's completely unique to me is...'",Draw or write about something you've gotten better at this year. How did it make you feel to notice that?,"Given what you noticed today, what is one thing you will do differently before next Sunday?","Each time you catch yourself wishing you were more like someone else, ask: 'I wonder what I'm good at that they might not be?'",Tell a grown-up one thing you've gotten better at this year that you're really proud of.,"Bring your puzzle back and add one new piece — something new you noticed about what makes you, you!",,,I am my own kind of amazing. My puzzle is exactly right for me.,The puzzle activity is very popular with this age group — make the puzzle pieces large enough for drawing. Celebrate the uniqueness of every puzzle loudly and genuinely. Avoid any competitive element in sharing.,,,,,Giraffes Can't Dance,Giles Andreae,What are you good at that's different from your friends?,,,,,,Gerald compares himself to everyone else until he finds his own music.,,"The Same Cup — Each child gets an identical cup with a different amount of water. They compare, complain, negotiate — then discover that pouring into one big jug fills it exactly the same either way. WHY IT FITS: Comparing amounts stops mattering when you see the whole.","Plastic cups, a large jug, water, towel","Under-5s just pour, which they will love. Do it on a mat and expect spills. Skip the discussion.",
7,1,See Clearly,See Clearly,Child,The Inner Critic,Meeting the Gremlin,The unkind voice that says you're not good enough,What does the mean voice in your head say to you?,The inner voice,1 of 3,"18, 32",Standard,,,In old stories the wisest characters always had to face a trickster — a creature who tried to confuse them and make them doubt themselves. The trick was always the same: the trickster has no real power once you name him. 'I see you.' That's all it takes.,In old stories the wisest characters always had to face a trickster — a creature who tried to confuse them and make them doubt themselves.,,,"The inner critic is a group chat in your head that only ever roasts you — you can mute it and add a coach who's honest but kind. Today: when the roast fires, ask 'would I say this to my best mate?'",The inner critic is a group chat in your head that only ever roasts you — you can mute it and add a coach who's honest but kind.,,,"DRAFT — rewrite from the video transcript once the video is chosen.

Sometimes we have a mean little voice in our head that says unkind things about us — like 'you can't do that' or 'you're not good enough.' Today we find out that this voice isn't telling the truth — and we learn to find the kinder, truer voice.",Has anyone ever had a thought like 'I can't do this' right before trying something hard? Where do you think that thought comes from?,"Sometimes we have a mean little voice in our head that says unkind things about us — like 'you can't do that' or 'you're not good enough.' Today we find out that this voice isn't telling the truth — and we learn to find the kinder, truer voice.",https://www.youtube.com/watch?v=0ZcfX2862XE,YouTube: 'Beautiful Oops' read-aloud — story about characters with inner critics learning to change perspective. Runtime ~8 min. Companion book: 'Wemberly Worried' by Kevin Henkes — a mouse who worries about everything and learns she is more than her worries.,,,,What does the mean voice in your head say to you?,"MEET THE GREMLIN: Everyone draws their 'inner critic gremlin' — what does yours look like? Name it (e.g. Doubty, Grumpy Gus, The Worrier). Now write or draw one thing your gremlin says a lot. Now draw or write what your 'inner friend voice' says instead — the kindest, most honest thing. Share your gremlin's name with the group — the sillier the better!",Draw a comic strip: Panel 1 — the gremlin speaks. Panel 2 — you notice it. Panel 3 — you choose the kind voice instead.,"Given what you noticed today, what is one thing you will do differently before next Sunday?","Every time you hear your gremlin today, give it a name and then listen for the kinder voice.",Tell a grown-up about your gremlin and give it a name. Ask them if they have one too!,Bring your gremlin drawing and your 'kind voice' back to share with the group!,,,I have a grumpy gremlin AND a kind friend inside me. I choose to listen to the friend.,"Children LOVE naming their gremlin — the sillier the name the better, as it immediately reduces the power of the voice. Display gremlin drawings on the wall throughout Phase 1. Remind children the gremlin is not bad or wrong to have — it's just not the boss.",,,,,The Bad Seed,Jory John,What does the unkind voice in your head say?,,,,,,A seed who believes he's bad because he's been told so — and starts to change the story.,,Boo Ball / Cheer Ball — Two soft balls. The 'boo ball' is passed while the room says something grumpy and unhelpful ('you'll never do it'). The 'cheer ball' is passed with something honest and kind. Pass them at the same time and notice which one people want. WHY IT FITS: The mean voice and the kind one are both just voices.,Two soft balls,Under-5s hold only the cheer ball and pass it with a cheer. Do not give them the boo ball at all.,
8,1,See Clearly,See Clearly,Child,Beneath the Surface — Emotions as Data,The Feelings Iceberg,The feeling hiding under the big feeling,What were you feeling just before you got cross?,Emotions as data,1 of 3,"24, 43",Standard,,,There's an old story about a mother bird who always knew what her babies needed — even before they knew themselves. She didn't fix it — she listened to the sounds they made. Different sounds meant different things. You are your own mother bird. Your feelings are always making sounds. Today we learn the language.,There's an old story about a mother bird who always knew what her babies needed — even before they knew themselves.,,,"Anger is just the app icon; tap it and the real feeling opens underneath — fear, hurt, tiredness. Today: next time you're 'grumpy', open the icon and read what's actually inside.","Anger is just the app icon; tap it and the real feeling opens underneath — fear, hurt, tiredness.",,,"DRAFT — rewrite from the video transcript once the video is chosen.

Feelings are like messages your heart sends you. Sometimes the messages are easy to understand — 'I'm happy!' or 'I'm sad.' But sometimes feelings are tricky and hidden, like treasure buried under sand. Today we learn to dig and find what's really there.",Has anyone ever been in a bad mood and not quite known WHY? Or been really angry but not sure what you were actually upset about? That's the feelings iceberg! Today we dig under the surface.,"Feelings are like messages your heart sends you. Sometimes the messages are easy to understand — 'I'm happy!' or 'I'm sad.' But sometimes feelings are tricky and hidden, like treasure buried under sand. Today we learn to dig and find what's really there.",https://www.youtube.com/watch?v=d3N7Kgb3JtE,"YouTube: 'Inside Out emotions explained for kids' — short clips from Pixar's Inside Out explaining how different emotions work together. Runtime ~3–5 min for clips. Companion book: 'The Feelings Book' by Todd Parr — bright, simple, inclusive celebration of the full range of feelings.",,,,What were you feeling just before you got cross?,"THE FEELINGS ICEBERG: Everyone gets an iceberg drawing — a triangle shape with half above the 'water line' and half below. Above the water: draw or write the feeling everyone can see when you're upset (e.g. angry, grumpy, quiet). Below the water: draw or write what might really be there underneath (e.g. scared, lonely, tired, embarrassed). Facilitator shares an example first. Share: 'Above my waterline, people might see...'",Draw your feelings iceberg for today. What's above the water? What might be underneath?,"Given what you noticed today, what is one thing you will do differently before next Sunday?","When you feel a big feeling today, whisper to yourself: 'I wonder what's really going on underneath?'",Show a grown-up your iceberg drawing and explain it to them. Ask them to draw their iceberg too!,Bring a new iceberg drawing showing a feeling you had this week. What did you find underneath?,,,"When I look underneath my feelings, I find the real message. And I am brave enough to look.",The iceberg is brilliantly visual for this age. Make it physical — large printed icebergs with a clear water line. The 'Inside Out' reference will resonate strongly with this generation. Reassure children that the below-water part is for them — they don't have to share.,,,,,The Colour Monster,Anna Llenas,What colour is your feeling today?,How Do I Feel? A Dictionary of Emotions for Children,"Rebekah Lipp, ill. Craig Phillips","60+ emotions named, with what each one might be telling you. Storylines Notable winner.",Confirmed,,Sorting the tangle — big feelings have names and each one is different.,,"Iceberg Hunt — Big feelings are written on cones at one end (ANGRY, GRUMPY, SHOUTY). Underneath each, hidden in a beanbag pile, are the small feelings (worried, left out, tired, hungry). Teams race to find what's underneath their big feeling. WHY IT FITS: The big feeling is sitting on a smaller one.","Cones, beanbags, cards","Under-5s sort two piles: big feeling face, little feeling face. Use printed faces, not words.",
9,1,See Clearly,See Clearly,Child,The Wounds We Carry,The Stone in Your Pocket,"Things that hurt, and telling a safe grown-up",What's something that made you sad that you've never said out loud?,Old hurt,1 of 3,"21, 23",Standard,,,In old stories the bravest characters were never the ones with no fears or no hurts. They were the ones who knew about their fears — and went anyway. Bravery is not the absence of hurt. Bravery is carrying what's real and continuing forward.,In old stories the bravest characters were never the ones with no fears or no hurts.,,,"Old hurts are a heavy backpack you've worn so long you forgot it's on — naming them in a safe room is setting it down for a minute. Today: name one thing you've been carrying, just to feel the weight lift.",Old hurts are a heavy backpack you've worn so long you forgot it's on — naming them in a safe room is setting it down for a minute.,,,"DRAFT — rewrite from the video transcript once the video is chosen.

Sometimes things happen that make us feel sad, scared, or hurt — and even when those things are over, we might still feel them inside. Today we talk about those feelings in a gentle, safe way, and remember that carrying something hard doesn't mean we're stuck with it forever.","Has anyone ever had a bad day, or a bad thing happen, and it kept making you feel yucky even after it was over? That's completely normal. Today we talk about that.","Sometimes things happen that make us feel sad, scared, or hurt — and even when those things are over, we might still feel them inside. Today we talk about those feelings in a gentle, safe way, and remember that carrying something hard doesn't mean we're stuck with it forever.",https://www.youtube.com/watch?v=7H2pBdLnmGs,YouTube: 'The Invisible String' read-aloud — a beautiful story about connection that remains even through difficult times. Runtime ~8 min. Companion book: 'A Little Spot of Sadness' by Diane Alber — child-friendly approach to grief and loss.,,,,What's something that made you sad that you've never said out loud?,"THE STONE ACTIVITY: Everyone gets a smooth stone (or draws a stone on paper). On one side: draw or write something hard that happened — something you're still carrying a little bit. Facilitator shares their own gentle example first. On the other side: draw or write one person, place, or thing that helps you feel better when things are hard. Share the 'helper' side with the group. 'This stone represents your hard thing AND your helper. You carry both.'",Draw or write about a grown-up or friend you would go to if you were carrying something heavy. What makes them safe to talk to?,"Given what you noticed today, what is one thing you will do differently before next Sunday?","If your stone feels heavy today, talk to a grown-up you trust about what's making it heavy.",Show a grown-up your stone drawing and explain what the two sides mean.,Bring your stone (or stone drawing) back. Has anything gotten easier to carry since last week?,,,Hard things happen. But I don't carry them alone — and they don't get to be the whole story.,CRITICAL: Most emotionally sensitive children's session. Do NOT ask children to share what is in their 'stone' unless they choose to. Have a quiet space available. Coordinate with parents/caregivers before this session and provide a resource sheet for families. Have the children's programme lead available if any disclosures are made.,,,YES,,The Rabbit Listened,Cori Doerrfeld,Who do you go to when something hurts?,,,,,,Everyone tries to fix Taylor. The rabbit just sits with him. That's what helps.,,"Safe Hands Relay — Children carry something fragile — an egg, a full cup, a tower of blocks — across the hall and hand it to a named safe grown-up at the other end. The point of the game is the handover, not the speed. WHY IT FITS: When something is hard to carry, you hand it to a safe grown-up.","Plastic eggs or blocks, cups",Under-5s carry a soft toy with two hands and hand it over. Shorten the distance to five metres. Always end with the handover.,
10,1,See Clearly,See Clearly,Child,The Masks We Wear,The Real Face and the Pretend Faces,Pretending to be okay when you're not,When do you pretend you're fine?,Masks and being seen,1 of 3,"22, 42",Standard,,,In old stories the greatest friendships and the greatest adventures always started with someone being brave enough to be real — to say 'this is who I actually am.' The friends who matter always want to know the real you. Today we practise being real.,In old stories the greatest friendships and the greatest adventures always started with someone being brave enough to be real — to say 'this is who I actually…,,,"Your profile is the filtered photo; the real you is the whole camera roll — and the right people want the camera roll. Today: show one true, unfiltered thing to someone safe.",Your profile is the filtered photo; the real you is the whole camera roll — and the right people want the camera roll.,,,"DRAFT — rewrite from the video transcript once the video is chosen.

Sometimes we act differently around different people — maybe you're super silly with your best friend but quieter at school. Sometimes that's fine! But sometimes we hide the real us because we're worried people won't like us. Today we talk about feeling safe enough to be yourself.",Let's play a game! Can you show me your 'at school' face? Your 'at home' face? Your 'playing with best friends' face? Your 'feeling shy' face? Now — can you show me your REAL face? What makes that one different?,Sometimes we act differently around different people — maybe you're super silly with your best friend but quieter at school. Sometimes that's fine! But sometimes we hide the real us because we're worried people won't like us. Today we talk about feeling safe enough to be yourself.,https://www.youtube.com/watch?v=YRaVl-VjF2g,"YouTube: 'The Name Jar' read-aloud — story about a child who hides their real name and finds the courage to claim it. Runtime ~8 min. Companion book: 'Stand Tall, Molly Lou Melon' by Patty Lovell — a small girl who is completely herself despite pressure to change.",,,,When do you pretend you're fine?,"MASK MAKING ACTIVITY: Each child gets a paper mask template to colour and decorate as a 'pretend face' they sometimes wear (e.g. 'the brave face,' 'the happy face when I'm not happy,' 'the cool face'). On the BACK of the mask, they write or draw their real feelings or qualities. Share: 'My pretend face looks like... but on the back, I'm really...'","Draw two faces: your pretend face for one situation, and your real face underneath. What's the same? What's different?","Given what you noticed today, what is one thing you will do differently before next Sunday?",Notice once today when you're wearing a pretend face. You don't have to change it — just notice it's there.,Show a grown-up your mask craft. Tell them about one pretend face you wear and one time you felt safe to be your real self.,Bring your mask back! Has anything been different this week about showing your real face?,,,My real face is the best face. The right people will always want to see it.,"The mask craft is one of the most enjoyable physical activities of Phase 1 — have good craft supplies available. The two-sided mask (performance on front, real self on back) is a powerful metaphor children can take home. Coordinate with families — the mask can prompt great conversations at home.",,,,,Perfectly Norman,Tom Percival,What do you hide so people don't see it?,,,,,,Norman hides his wings under a coat so nobody sees. The coat gets heavy.,,Mask Off — Each child holds a paper plate with a big smile drawn on it in front of their face and answers 'how are you?' from behind it. Then they lower it and answer again. No one has to say anything different — but they can. WHY IT FITS: Sometimes the face and the feeling are not the same.,"Paper plates, markers, sticks",Under-5s just play peekaboo with the plate. Ask 'happy face or sad face?' and let them show you.,
11,1,See Clearly,See Clearly,Child,Seeing Others Clearly,Walking Around the Picture,What might be going on for someone else,Think of someone who was unkind. What might be going on for them?,Seeing others,1 of 3,"44, 48",Standard,,,In old stories the wisest characters always had the ability to see things from many sides — like a jewel that shimmers differently depending on which angle you hold it at. That wisdom — the ability to really try to understand how things look to someone else — is a skill anyone can learn.,In old stories the wisest characters always had the ability to see things from many sides — like a jewel that shimmers differently depending on which angle you…,,,Everyone's driving with a dashcam you can't see — the person who cut you off might be racing to a hospital. Today: give one person the benefit of their unseen story.,Everyone's driving with a dashcam you can't see — the person who cut you off might be racing to a hospital.,,,"DRAFT — rewrite from the video transcript once the video is chosen.

Sometimes we think we know exactly why someone did something — but we might be wrong! Today we practise the superpower of seeing things from other people's point of view, which is one of the kindest and most useful things you can learn to do.",Let's try something: (Facilitator holds up a duck/rabbit optical illusion.) What do you see? Does anyone see something different? Both are right! That's what today is about.,"Sometimes we think we know exactly why someone did something — but we might be wrong! Today we practise the superpower of seeing things from other people's point of view, which is one of the kindest and most useful things you can learn to do.",https://www.youtube.com/watch?v=9_1Rt1R4xbM,"YouTube: 'We're All Wonders' read-aloud by R.J. Palacio — companion to 'Wonder,' the gold standard for teaching children empathy. Runtime ~5 min. Full book 'Wonder' also highly recommended.",,,,Think of someone who was unkind. What might be going on for them?,THE PERSPECTIVE DETECTIVE: Facilitator presents three short scenarios (e.g. 'Tom took Maya's pencil without asking. Maya is upset. But Tom forgot his pencils today and has a big test.'). For each: how might each person be feeling? What might each person be thinking? Is there a kind way to understand both sides? Then: think of a real situation where someone did something that confused or upset you. What might THEIR side of the story be?,Draw a picture of a time something seemed unfair. Then draw what it might have looked like from the other person's point of view.,"Given what you noticed today, what is one thing you will do differently before next Sunday?","Once today when someone does something confusing, ask yourself: 'I wonder what's going on for THEM right now?'",Tell a grown-up about a time you tried to see things from someone else's point of view this week.,Bring back a story about a time you tried to be a 'perspective detective' this week!,,,I can try to see how things look from where someone else is standing. That's how I grow kinder.,"Use physical props — perspective illusions work brilliantly for this age. The duck/rabbit or young woman/old woman illusion is classic and always provokes delight. The perspective detective game should be kept fun and curious, not moralistic.",,,,,The Invisible Boy,Trudy Ludwig,Who in your class might be feeling invisible?,Colour the Stars,Dawn McMillan,A friendship that requires seeing the world through someone else's experience.,Check theme at library,,Brian is unseen until one person notices him.,,"The Backpack Game — Volunteers wear a backpack loaded with soft objects, each one labelled with something invisible ('didn't sleep', 'lost my lunch', 'moved house'). They try to do a simple task — hop, catch, skip. The room guesses what might be in the bag. WHY IT FITS: Everyone is carrying something you cannot see.","Backpack, soft objects, labels",Under-5s wear a nearly empty backpack and try to skip. Keep the load light and the task short.,
12,1,See Clearly,See Clearly,Child,The Habit Loop — How We Got Here,The Habit Path,The things you do without deciding to,What do you always do when you're upset?,Habits and structure,1 of 4,"29, 33, 47",Standard,,,"In many old traditions, teachers would ask students: 'What do you do without thinking?' Not to criticise — but to help them see what had become automatic. Seeing what we do automatically is the beginning of being able to choose. And choice is a superpower.","In many old traditions, teachers would ask students: 'What do you do without thinking?' Not to criticise — but to help them see what had become automatic.",,,A habit is an autoplay playlist — one trigger and the next track just starts. Today: spot the trigger track for one habit and swap the next song on purpose.,A habit is an autoplay playlist — one trigger and the next track just starts.,,,"DRAFT — rewrite from the video transcript once the video is chosen.

A habit is something we do so often that we start doing it without even thinking! Some habits are really good — like brushing teeth. Some habits might not help us as much. Today we look at habits and figure out how they work.","Let's make a list together: what are some habits that HELP us? (Brushing teeth, saying please, getting enough sleep.) What are some habits that might NOT help as much? Which ones did you decide? Which ones just... happened?",A habit is something we do so often that we start doing it without even thinking! Some habits are really good — like brushing teeth. Some habits might not help us as much. Today we look at habits and figure out how they work.,https://www.youtube.com/watch?v=hpnI3MCTJSA,"YouTube: 'The Power of Yet' — Carol Dweck animated for kids, about the habit of giving up vs. the habit of persisting. Runtime ~5 min. Companion book: 'The Bad Seed' by Jory John — hilarious story about a seed who always did things one way and decides to change.",,,,What do you always do when you're upset?,THE HABIT DETECTIVE GAME: Facilitator walks through the habit loop using a fun example (e.g. 'Whenever I see the biscuit tin — TRIGGER — I open it and take one — ACTION — and it tastes yummy — REWARD'). Children brainstorm their own habits — good and less helpful. For each habit: what's the TRIGGER? What's the ACTION? What's the REWARD? Then: 'Could we change the ACTION while keeping the same REWARD? What could we do instead?',Draw your habit loop: trigger → action → reward. Then draw what a NEW action could look like that still gets the same reward!,"Given what you noticed today, what is one thing you will do differently before next Sunday?","Today, catch one habit as it's about to happen. You don't have to change it — just notice the trigger and say 'ah, there it is!'",Tell a grown-up about one habit you noticed this week. What was the trigger? What was the reward?,Bring back your habit loop drawing AND a story about one habit you noticed!,,,I notice my habits. Noticing them means I can choose what I want to do next.,The three-part habit loop is perfectly age-appropriate for primary school children. Use physical role-play for the habit detective game — act it out with the whole group. Send a 'habit detective worksheet' home for family engagement.,,,,,Interrupting Chicken,David Ezra Stein,What do you always do without meaning to?,,,,,,A chicken who interrupts without ever deciding to — and slowly notices she does it.,,"Loop Track — Chalk or tape a loop on the floor with three stations: TRIGGER, WHAT I DO, WHAT I GET. Children walk their own loop for a habit (bored → tablet → fun) and then try walking a different second station. WHY IT FITS: A habit is a track you walk without choosing.","Floor tape or chalk, station signs",Under-5s just walk the loop holding an adult's hand and stamp at each station. Name the stations aloud for them.,
13,1,See Clearly,See Clearly,Child,Integration — What We Now See,Looking at Our Full Backpack,Looking back at what we've noticed,What have you found out about yourself this term?,Integration,1 of 4,"26, 39, 52",Integration,,,In every great adventure story there's a moment where the hero looks back at how far they've come before heading towards the next challenge. They don't usually feel completely different — but they have tools they didn't have before. Today is that moment.,In every great adventure story there's a moment where the hero looks back at how far they've come before heading towards the next challenge.,,,"You've been handed a toolkit — a pause button, a feelings-iceberg, a mirror, a mute button for the critic. Today: pick the one tool you'll actually keep in your pocket.","You've been handed a toolkit — a pause button, a feelings-iceberg, a mirror, a mute button for the critic.",,,"DRAFT — rewrite from the video transcript once the video is chosen.

We've been on a big adventure together for 13 weeks — looking at feelings, habits, patterns, and all sorts of things about ourselves. Today we celebrate how brave we've been, and get ready for the next exciting part of the journey.","Let's go on a memory adventure! What are all the things we've learned about ourselves over the past 13 weeks? (Let children call out — signals and noise, the pause button, the gremlin, habit detective, feelings iceberg, perspective detective...)","We've been on a big adventure together for 13 weeks — looking at feelings, habits, patterns, and all sorts of things about ourselves. Today we celebrate how brave we've been, and get ready for the next exciting part of the journey.",https://www.youtube.com/watch?v=VWOgrMXBE4U,YouTube: Search 'growth mindset celebration kids' for an affirming short animation to celebrate learning and bravery. Runtime ~3–5 min. Companion book: 'Last Stop on Market Street' by Matt de la Pena — about seeing what you have and where you're going.,,,,What have you found out about yourself this term?,"BACKPACK CELEBRATION: Each child gets a backpack outline and draws all the 'tools' they've collected over 13 weeks. Decorate the backpack with favourite colours, patterns, anything that feels like 'them.' Circle time: each child shares ONE favourite tool from the journey so far. Celebrate each share genuinely and specifically.",Draw what your 'inner self' looks like now compared to Week 1. What has changed? What has stayed the same?,"Given what you noticed today, what is one thing you will do differently before next Sunday?",Share your backpack with someone at home — tell them about every tool in it!,Show a grown-up your Phase 1 drawings and tell them your favourite thing you learned about yourself.,Come to the next session ready to show your backpack and share your FAVOURITE thing from Phase 1!,,,I have new tools. I am braver than I was. And the adventure is just beginning.,"Make this session genuinely celebratory — balloons, music, certificates if you have them. Children deserve to have their work honoured. Put all backpack drawings up around the room together — creates genuine community pride. Phase 2 transition should feel exciting and earned.",,,,,The Wonderful Things You Will Be,Emily Winfield Martin,What have you found out about yourself this term?,,,,,,"Looking back and looking forward, without needing to know the ending.",,"Treasure Map Review — Thirteen stations around the hall, one per week, each with a picture from that session. Children move around collecting a stamp and saying one thing they remember. Ends with the whole map on the wall. WHY IT FITS: Looking back at everything we noticed.","Station cards, stamps or stickers, wall map","Under-5s collect stickers with a buddy. Six stations, not thirteen.",
14,2,Unlearn,Unlearn,Child,The Permission You're Still Waiting For,Your Own GO Button,Waiting for someone to say you're allowed,What are you waiting for someone to say yes to?,Permission and values,1 of 4,"15, 28, 43",Movement opener,,,There's an old story about a small bird who refused to fly because nobody had ever told it that it could. One day it fell off a branch — and discovered it had been able to fly all along. You have abilities and ideas waiting for you to discover them. Today we practise leaping.,There's an old story about a small bird who refused to fly because nobody had ever told it that it could.,,,You keep refreshing an inbox for an approval email that's never coming — because you're the one who has to hit send. Today: give yourself the green light on one thing you've been waiting on.,You keep refreshing an inbox for an approval email that's never coming — because you're the one who has to hit send.,,,"DRAFT — rewrite from the video transcript once the video is chosen.

Sometimes we don't try things because we're waiting for someone to say it's okay. But some of the best, most YOU things you could do — you already have permission for. Today we find out what you've been waiting to try.","Has anyone ever had an idea or wanted to try something new — but didn't, because they weren't sure if they were allowed? What was it?","Sometimes we don't try things because we're waiting for someone to say it's okay. But some of the best, most YOU things you could do — you already have permission for. Today we find out what you've been waiting to try.",https://www.youtube.com/watch?v=H14bBuluwB8,YouTube: 'What Do You Do With an Idea?' read-aloud by Kobi Yamada — a child learns to trust and act on their own idea despite uncertainty. Runtime ~8 min.,,,,What are you waiting for someone to say yes to?,"THE GO BUTTON GAME: Facilitator presents scenarios: 'You have an idea for a story. Do you need permission to write it? GO or WAIT?' / 'You want to try a new sport. WAIT — ask a grown-up.' / 'You want to be kinder to someone who isn't your friend. GO?' Play through 6–8 scenarios, getting children to identify which decisions are theirs and which need adult input. Then: 'What's one thing YOU have been waiting to try that you actually have permission for right now?'",Draw your GO button. What does it look like? What would you press it to do first?,"Given what you noticed today, what is one thing you will do differently before next Sunday?",Try one small thing today that you've been waiting to try. It doesn't have to be big — just something that's yours to try.,Tell a grown-up about your GO button. Ask them: 'What's something you wish you'd given yourself permission to try sooner?',Come back with a story about one thing you pressed your GO button on this week!,,,"I have permission to try, to create, to be curious. That permission lives inside me.","The GO/WAIT game is highly engaging and teaches important discernment — not all things are children's decisions, and that's appropriate to name. Celebrate any share about something they pressed GO on. Keep it playful and empowering.",,,,,What Do You Do With an Idea?,Kobi Yamada,What's your idea that you haven't told anyone?,,,,,,Nobody gives you permission for your idea. You decide to look after it.,,"Red Light, Own Light — Standard red light / green light, but after three rounds the facilitator stops calling. Children have to decide themselves when to move. Some freeze waiting. Talk about waiting for permission that isn't coming. WHY IT FITS: Nobody is coming to say go.",None,"Under-5s play normal red light green light. Do the no-caller round for ten seconds only, with an adult modelling moving.",
15,2,Unlearn,Unlearn,Child,Letting Go of Who You Were Supposed to Be,My Own Picture,Trying to be who everyone expects,Who are you trying to make happy?,Permission and values,2 of 4,"14, 28, 43",Standard,,,"In old stories, the most interesting characters were never the ones who followed someone else's map exactly. They were the ones who made their own path — sometimes scary, always more truly theirs. Today we start drawing our own map.","In old stories, the most interesting characters were never the ones who followed someone else's map exactly.",,,You've been reading lines off a teleprompter someone else wrote — but it isn't your story. Today: put down one 'should' and say the line that's actually yours.,You've been reading lines off a teleprompter someone else wrote — but it isn't your story. Today: put down one 'should' and say the line that's actually yours.,,,"DRAFT — rewrite from the video transcript once the video is chosen.

Sometimes grown-ups and other people have ideas about what we should be when we grow up, or how we should act, or what we should like. Those ideas come from love — but sometimes they're not exactly right for us. Today we explore what WE actually love and who WE actually are.","What do you love doing that feels most like YOU — not because someone told you to love it, but because you just do?","Sometimes grown-ups and other people have ideas about what we should be when we grow up, or how we should act, or what we should like. Those ideas come from love — but sometimes they're not exactly right for us. Today we explore what WE actually love and who WE actually are.",https://www.youtube.com/watch?v=H14bBuluwB8,YouTube: 'What Do You Do With an Idea?' read-aloud by Kobi Yamada — about nurturing the things that belong most deeply to you. Runtime ~8 min. Companion book: 'The Dot' by Peter Reynolds — about the courage to make your own mark.,,,,Who are you trying to make happy?,"MY OWN PICTURE: Each child gets a blank piece of paper (not a colouring-in page — a completely blank one). 'Draw or write things that feel most like you — what you love, what you're curious about, what you dream about, what makes you feel most alive.' No templates. No outlines. Completely theirs. Share: 'One thing in my picture that might surprise people who think they know me.'","Write or draw about something you love that feels completely, uniquely yours — maybe something not everyone understands.","Given what you noticed today, what is one thing you will do differently before next Sunday?","Today, do one thing just because YOU love it — not because anyone told you to.",Show a grown-up your 'My Own Picture' drawing. Tell them one thing about yourself they might not know.,Bring your 'My Own Picture' back and add something new you discovered about yourself this week!,,,Who I am is already here. I get to discover it — and it belongs to me.,The blank page exercise is deliberately unstructured — resist the urge to add prompts or templates. The blankness is the point. Celebrate every drawing as completely valid. This session plants a seed about intrinsic identity that will deepen throughout the year.,,,,,Red: A Crayon's Story,Michael Hall,Has anyone ever expected you to be something you're not?,,,,,,A crayon labelled red who is actually blue. Everyone tries to fix him.,,"Costume Swap — A pile of dress-ups. Children are told to dress as what other people expect them to be, walk the hall, then swap into what they'd actually pick. Two laps, two feelings. WHY IT FITS: Wearing what's expected, then choosing.","Dress-up box, hats, scarves",Under-5s just do the second lap — dress as whatever they like and parade. Skip the first lap entirely.,
16,2,Unlearn,Unlearn,Child,The Forgiveness Loop,Putting Down the Hot Rock,Staying cross with someone,Who are you still cross with?,Forgiveness,1 of 3,"17, 45",Standard,,,"In old stories, the characters who could forgive — not forget, but forgive — were always the strongest ones. Because letting go of a heavy thing takes more courage than holding on to it.","In old stories, the characters who could forgive — not forget, but forgive — were always the strongest ones.",,,Resentment is gripping a hot coal to throw at someone — you're the one getting burned. Today: name one grudge and picture opening your hand and setting the coal down.,Resentment is gripping a hot coal to throw at someone — you're the one getting burned.,,,"DRAFT — rewrite from the video transcript once the video is chosen.

Sometimes people hurt our feelings or do things that aren't fair — and it can be really hard to stop feeling angry or sad about it. Today we talk about something called forgiveness — what it really means, and how it can help US feel better.",Has anyone ever felt really angry or sad about something someone did — and kept thinking about it even when you didn't want to? What does that feel like?,"Sometimes people hurt our feelings or do things that aren't fair — and it can be really hard to stop feeling angry or sad about it. Today we talk about something called forgiveness — what it really means, and how it can help US feel better.",https://www.youtube.com/watch?v=7H2pBdLnmGs,YouTube: 'Each Kindness' by Jacqueline Woodson read-aloud — about the weight of things left unresolved and the power of choosing differently. Runtime ~8 min. Companion book: 'Enemy Pie' by Derek Munson — about releasing a grievance and discovering friendship.,,,,Who are you still cross with?,THE HOT ROCK ACTIVITY: Each child gets a smooth stone. On it they write (or the facilitator helps write) something that happened that hurt them — a time someone was unkind. Then: hold the stone tight in your fist. Feel how heavy it is. How it doesn't feel nice to keep squeezing it. Now slowly open your hand and just... rest it there. You're not throwing it away. You're just stopping squeezing. Discuss: what's the difference between holding tight and just resting it in your open hand?,"Draw a picture of you holding the hot rock. Then draw a picture of you with your hand open, the rock resting in it. What's different about your face?","Given what you noticed today, what is one thing you will do differently before next Sunday?","When you think about something that hurt you today, try opening your fist instead of squeezing it tighter.",Tell a trusted grown-up about something you're still feeling hurt about. Ask them to help you think about it.,Bring back: did you try opening your hand this week? What happened?,,,I can put down heavy things. Letting go is one of the bravest things I can do.,"The hot rock exercise is highly physical and effective for this age. Ensure children understand clearly: forgiveness is not saying the hurt was okay, and it doesn't mean having to be friends with the person. Have a check-in with parents after this session if any significant hurts are disclosed.",,,YES,,Enemy Pie,Derek Munson,"Who are you cross with, and how long have you been cross?",,,,,,Staying cross takes a lot of work. Spending a day together takes less.,,"Heavy Beanbags — Each grudge is a beanbag. Children name something they're cross about (or make one up) and add a beanbag to their arms. Then they try to catch, hug or high-five while holding them all. They can put one down whenever they like. WHY IT FITS: Staying cross is heavy, and putting it down is your choice.",Beanbags,Under-5s hold two soft toys and try to clap. Let them drop them and cheer. No naming required.,
17,2,Unlearn,Unlearn,Child,Forgiving Yourself,Say Sorry and Keep Going,Being kind to yourself when you get it wrong,What did you get wrong that you're still cross with yourself about?,Forgiveness,2 of 3,"16, 45",Standard,,,"In old stories, characters who made mistakes had a choice: they could spend the whole story feeling terrible and not trying again — or they could learn, make it right, and keep going. The brave ones always chose to keep going.","In old stories, characters who made mistakes had a choice: they could spend the whole story feeling terrible and not trying again — or they could learn, make…",,,You wouldn't keep charging a friend for a debt they already paid — so stop billing yourself for the same mistake. Today: mark one thing 'paid — lesson kept' and close the account.,You wouldn't keep charging a friend for a debt they already paid — so stop billing yourself for the same mistake.,,,"DRAFT — rewrite from the video transcript once the video is chosen.

Sometimes we do things we feel really bad about — maybe we said something unkind or made a mistake that hurt someone. It's good to feel sorry. But today we learn that after we've said sorry and tried to make it right, we don't need to keep feeling bad forever.",Has anyone ever done something by accident or on purpose that they felt really bad about? What did it feel like? Did you say sorry? And did you feel better afterwards — or did the bad feeling stay for a long time?,"Sometimes we do things we feel really bad about — maybe we said something unkind or made a mistake that hurt someone. It's good to feel sorry. But today we learn that after we've said sorry and tried to make it right, we don't need to keep feeling bad forever.",https://www.youtube.com/watch?v=nDPHBzWBFBg,YouTube: 'The Invisible String' or search 'sorry steps for kids animated' — various short animations on apology and self-forgiveness for young children. Runtime ~5 min. Companion book: 'Sorry!' by Trudy Ludwig — a story about what a real apology looks and feels like.,,,,What did you get wrong that you're still cross with yourself about?,THE SORRY STEPS: Teach the four steps on a poster or card: 1. SAY WHAT HAPPENED (no excuses). 2. SAY SORRY and mean it. 3. MAKE IT RIGHT if you can (what can you do?). 4. LEARN and do better next time. Role-play scenarios together. Then: think of something you still feel bad about. Have you done all four steps? If yes — you have permission to let the bad feeling go. If not — which step is still needed?,Draw the four sorry steps as a little comic strip. When would you use them?,"Given what you noticed today, what is one thing you will do differently before next Sunday?","If you still feel bad about something today, work through the four steps. What still needs to be done?",Show a grown-up the four sorry steps. Ask them about a time they had to forgive themselves for something.,Bring back: did you use the four sorry steps this week? What happened?,,,"I can make mistakes and still be a good person. I say sorry, I make it right, and I keep going.","Ensure the four-step process is concrete and memorable — put it on a card they can take home. Distinguish clearly between guilt (healthy, processable) and shame (unhealthy, prolonged). The goal is not to minimise accountability but to show children how to complete the cycle.",,,YES,,The Girl Who Never Made Mistakes,Mark Pett & Gary Rubinstein,What happened last time you got something wrong?,,,,,,"Beatrice is terrified of getting it wrong — until she does, and the world doesn't end.",,"Do-Over Station — Skittles or a bean-bag toss. Everyone misses on purpose first. Then everyone gets a do-over and a friendly line to say to themselves: 'that's okay, go again.' Nobody keeps score. WHY IT FITS: Getting it wrong, and being kind about it.","Skittles or cones, beanbags",Under-5s get unlimited do-overs and a big cheer for every throw. Move the line closer.,
18,2,Unlearn,Unlearn,Child,Rewiring the Critic — Building the Inner Coach,Making the Kind Voice Louder,"Swapping the mean voice for a kind, honest one",What would a kind coach have said to you instead?,The inner voice,2 of 3,"7, 32",Standard,,,"In stories about heroes, there's always a wise guide — someone who believes in the hero even when the hero doesn't believe in themselves. Gandalf. Dumbledore. The cricket from Pinocchio. Today we practise becoming that wise guide for ourselves.","In stories about heroes, there's always a wise guide — someone who believes in the hero even when the hero doesn't believe in themselves. Gandalf. Dumbledore.",,,"Swap the heckler in your head for a good coach — same honesty, opposite tone. Today: rewrite one harsh line the way a great coach would say it.","Swap the heckler in your head for a good coach — same honesty, opposite tone. Today: rewrite one harsh line the way a great coach would say it.",,,"DRAFT — rewrite from the video transcript once the video is chosen.

Remember the gremlin from a few weeks ago? Today we give more power to the OTHER voice — the kind, honest, encouraging one. We're going to build our own inner coach — a voice that's on our side AND tells us the truth.","Think about a coach, teacher, or grown-up who really believed in you. What did they say? How did it feel different from when someone was just mean or critical?","Remember the gremlin from a few weeks ago? Today we give more power to the OTHER voice — the kind, honest, encouraging one. We're going to build our own inner coach — a voice that's on our side AND tells us the truth.",https://www.youtube.com/watch?v=VXez46_LZSE,YouTube: Search 'inner coach for kids animated' or 'positive self-talk for children' for short accessible animations. Runtime ~5 min. Companion book: 'The Girl Who Never Made Mistakes' by Mark Pett — about learning to be your own kind witness.,,,,What would a kind coach have said to you instead?,"THE COACH VS. GREMLIN GAME: Facilitator presents scenarios and groups decide: gremlin or coach? 'You'll never get this right' vs. 'That was tricky — let's try it a different way.' 'You're so embarrassing' vs. 'That felt awkward, but you were brave to try.' 'Nobody wants to play with you' vs. 'Making friends can be hard — who could you start with?' Then: for your own gremlin's favourite line, write or draw what YOUR coach would say instead. Share your coach line with the group.",Draw your inner coach. What do they look like? What is their name? What is their most important saying?,"Given what you noticed today, what is one thing you will do differently before next Sunday?","When the gremlin speaks today, try having your coach answer back. Even quietly.",Introduce your inner coach to a grown-up. Tell them the coach's name and what they say.,Bring your inner coach drawing back! Did they help you this week?,,,"My inner coach is kind AND honest. The more I listen, the louder they get.",Children love creating and naming their inner coach — it becomes a long-running character they can reference throughout the year. Display coach drawings alongside gremlin drawings from Week 7 — the visual comparison is powerful. Coordinate with parents so they can reinforce the coach language at home.,,,,,I Am Enough,Grace Byers,What would a kind coach say to you?,,,,,,"The kind, honest voice — what it sounds like when you're on your own side.",,"Coach in Your Ear — One child does a simple challenge (balance on a line, bounce a ball ten times). One partner plays the mean voice quietly, one plays the honest kind coach. Swap. Which one helped? WHY IT FITS: You can choose which voice coaches you.","Balls, floor tape","For under-5s, only the coach role exists. An adult cheers them along a balance line. Never let a small child be the mean voice.",
19,2,Unlearn,Unlearn,Child,Breaking the People-Pleasing Pattern,Kind vs. People-Pleasing,Saying yes when you meant no,When did you say yes when you wanted to say no?,Choice and response,2 of 3,"3, 43",Standard,,,"In old stories, the characters who tried to make everyone happy all the time usually ended up in trouble — because they kept saying yes when they meant no, until everything got very confusing. The characters who were honest — even when it was uncomfortable — those were usually the ones things worked out for.","In old stories, the characters who tried to make everyone happy all the time usually ended up in trouble — because they kept saying yes when they meant…",,,Saying yes to everything is never closing any apps — your battery hits 1% by noon; a boundary is low-power mode on purpose. Today: turn one fear-'yes' into an honest 'no'.,Saying yes to everything is never closing any apps — your battery hits 1% by noon; a boundary is low-power mode on purpose.,,,"DRAFT — rewrite from the video transcript once the video is chosen.

Sometimes we do things we don't really want to do, or say we're okay when we're not, just so other people feel happy. That's called people-pleasing — and while it feels kind, it can actually stop us from being honest and taking care of ourselves. Today we learn the difference between being kind and trying to make everyone happy all the time.",Has anyone ever done something they didn't really want to do just so someone else wouldn't be upset? What did that feel like?,"Sometimes we do things we don't really want to do, or say we're okay when we're not, just so other people feel happy. That's called people-pleasing — and while it feels kind, it can actually stop us from being honest and taking care of ourselves. Today we learn the difference between being kind and trying to make everyone happy all the time.",https://www.youtube.com/watch?v=IRVxOCKxDyI,YouTube: Search 'saying no for kids read aloud' or 'personal boundaries for children' for short accessible animations. Runtime ~5 min. Companion book: 'My Body Belongs to Me' by Jill Starishevsky — extends into body boundaries and personal authority.,,,,When did you say yes when you wanted to say no?,"KIND or PEOPLE-PLEASING? Play through scenarios: 'Your friend wants to play a game you find boring. You play anyway because you love them and it will make them happy.' (KIND — genuine choice.) 'Someone asks if you like their drawing. You say yes even though you don't, because you're scared they'll be upset.' (PEOPLE-PLEASING.) 'You don't want to go to the party but say you do because you're worried everyone will be mad at you.' (PEOPLE-PLEASING.) Discuss: what's the difference? How can you tell from the inside? What does each one feel like in your body?",Draw a picture showing the difference between being kind (from the heart) and people-pleasing (from fear).,"Given what you noticed today, what is one thing you will do differently before next Sunday?","Today, notice if you do something just to make someone happy rather than because you genuinely want to. You don't have to change it — just notice.",Tell a grown-up about the difference between being kind and people-pleasing. Ask them if they ever do it too.,Bring back: did you notice a people-pleasing moment this week? What happened?,,,I can be kind AND honest. I don't need to pretend to take care of myself.,"Keep this session warm and non-shame-based — many children are actively taught to prioritise others' feelings above their own. The goal is discernment, not selfishness. Involve parents by sending home a note about the session so they can reinforce the language.",,,,,Don't Hug Doug,Carrie Finison,When did you say yes when you wanted to say no?,,,,,,"Doug doesn't like hugs, and that's allowed. Ask first, and no is a real answer.",,"Yes/No Islands — Two hoops: YES and NO. Facilitator calls out things ('want to be first?', 'want a hug from someone you don't know?', 'want to share your snack?'). Children jump to their honest answer. No one is allowed to comment on anyone else's island. WHY IT FITS: Your answer is allowed to be no.",Two hoops or floor tape,"Under-5s answer with thumbs up or down while sitting. Use only easy, safe questions.",
20,2,Unlearn,Unlearn,Child,Unlearning Scarcity — There Is Enough,The Things That Don't Run Out,Worrying there isn't enough to go around,"What do you not want to share, and why?",Enough,2 of 3,"6, 46",Standard,,,"In old stories, there's often a magic pot or a well that never runs out — no matter how much you take, there's always more. That sounds like a fairy tale. But there ARE things in your life that don't run out when you share them. Love. Kindness. Ideas. Laughter. Today we find them.","In old stories, there's often a magic pot or a well that never runs out — no matter how much you take, there's always more.",,,"Kindness isn't a biscuit tin that empties — it's a candle that lights other candles and loses nothing. Today: give something away as if it multiplies, because it does.",Kindness isn't a biscuit tin that empties — it's a candle that lights other candles and loses nothing.,,,"DRAFT — rewrite from the video transcript once the video is chosen.

Sometimes we worry that there isn't enough — enough time, enough love, enough things that are good. Today we practise noticing all the things there actually ARE enough of — and how our brains can sometimes trick us into thinking things are scarcer than they are.","Has anyone ever worried that there wasn't enough of something — like that they didn't have enough friends, or that someone didn't love them enough? What was that like?","Sometimes we worry that there isn't enough — enough time, enough love, enough things that are good. Today we practise noticing all the things there actually ARE enough of — and how our brains can sometimes trick us into thinking things are scarcer than they are.",https://www.youtube.com/watch?v=rrkrvAUbU9Y,YouTube: Search 'The Giving Tree read aloud Shel Silverstein' — a classic story about generosity and what replenishes vs. what depletes. Runtime ~8 min. Also: 'Have You Filled a Bucket Today?' read-aloud — about how kindness replenishes rather than depletes.,,,,"What do you not want to share, and why?","ENOUGH TREASURE HUNT: Children have 5 minutes to write or draw as many things as they can think of in their life that are 'enough' or 'plentiful': 'I have enough...' — people who love me, fun things to do, things I'm good at, ways I'm kind, good memories. Share the lists. Then: facilitator points out that sharing kindness or ideas never made them smaller. Discuss: what happens to love when you give some away? Does it get smaller — or bigger?",Draw a picture of all the things in your life that there is ENOUGH of. Make it as full as you can!,"Given what you noticed today, what is one thing you will do differently before next Sunday?","Today, share one kind thing with someone — and notice if it made your kindness smaller or bigger.",Tell a grown-up about one thing in your life that you have plenty of. Ask them what they feel they have plenty of too.,Bring back your 'enough' drawing and add three more things you noticed this week!,,,"I have enough love, enough kindness, and enough good things in my life. And sharing them makes more.","The concept of non-depletable resources (love, kindness, ideas) vs. depletable resources (biscuits, time) is a wonderful distinction for this age. Make it concrete and playful. The 'bucket filling' concept from the book is a year-round reference tool — consider making it a classroom/programme resource.",,,,,Stone Soup,Jon J Muth,What could you bring that would help everyone?,,,,,,"Everyone thinks there isn't enough, until everyone brings one thing.",,"The Never-Ending Cheer — One child is cheered by the room. Then two. Then everyone at once. The room notices that the cheering did not run out — unlike a bag of sweets, which is passed around alongside it and does. WHY IT FITS: Some things run out. Kindness doesn't.",A small bag of something shareable,Under-5s get cheered first and loudest. Keep it to one round each.,
21,2,Unlearn,Unlearn,Child,The Relationships That Shaped You,The Gifts People Give Us,What you learn from the people who look after you,What have the grown-ups who look after you taught you about being kind?,Old hurt,2 of 3,"9, 23",Standard,,,In old stories there are always the wise elders — people whose influence stays with the hero long after they've parted. The hero carries what was good and leaves behind what wasn't theirs to carry. Today we think about who has been our wise elder — and what they gave us.,In old stories there are always the wise elders — people whose influence stays with the hero long after they've parted.,,,"You inherited relationship 'settings' the way a phone ships with defaults — some are great, some need updating. Today: spot one default about love you want to change.","You inherited relationship 'settings' the way a phone ships with defaults — some are great, some need updating. Today: spot one default about love you want to change.",,,"DRAFT — rewrite from the video transcript once the video is chosen.

All the people in our lives — family, friends, teachers — teach us things about what being close to someone feels like. Some of those things are wonderful. Some might be a little confusing or hard. Today we think about the people who have shaped us most — and what we want to carry with us.",Who is one person in your life (or who WAS in your life) who made you feel really safe and loved? What did they teach you about what it feels like to be cared for?,"All the people in our lives — family, friends, teachers — teach us things about what being close to someone feels like. Some of those things are wonderful. Some might be a little confusing or hard. Today we think about the people who have shaped us most — and what we want to carry with us.",https://www.youtube.com/watch?v=9_1Rt1R4xbM,YouTube: 'Wonder' read-aloud clips or 'Wilfred Gordon McDonald Partridge' read-aloud — a beautiful story about what we carry from relationships and what we give to others. Runtime ~8 min.,,,,What have the grown-ups who look after you taught you about being kind?,"THE RELATIONSHIP GIFTS BOX: Each child draws a gift box. Inside the box, they draw or write gifts from important relationships — 'from [name] I learned...' Keep it positive focus: what good things did they learn? Around the outside of the box, draw or write: 'I also want to learn more about...' (i.e. things they wish their relationships had taught them). Share: one gift from inside your box.",Draw a person who has shaped you and write three things you learned from being in a relationship with them.,"Given what you noticed today, what is one thing you will do differently before next Sunday?","Today, thank someone (in person, in a letter, or in your heart) for something they gave you.",Tell a grown-up about one thing they've taught you that you want to carry with you. Watch their face.,Bring back your gift box drawing and tell us about the best gift inside it!,,,The people who love me teach me things I carry forever. I choose the gifts I keep.,"Keep this session positive and boundaried — focus on what was given rather than what was withheld or damaged. Children who have experienced significant relational harm need professional support, not a group session. If something concerning is disclosed, follow your duty of care protocol and refer to appropriate support.",,,YES,,Wilfrid Gordon McDonald Partridge,Mem Fox,What have the grown-ups who look after you taught you?,,,,,,"What we carry from the people who care for us, and what we give back.",,"Follow the Leader Chain — A leader starts a movement, the line copies. Every 30 seconds the leader goes to the back and a new one starts. At the end: which move did you keep doing even after that leader was gone? WHY IT FITS: We keep doing what the people ahead of us did.",Speaker,Under-5s go near the front where the movement is clearest. Give them a turn as leader and copy them enthusiastically.,
22,2,Unlearn,Unlearn,Child,Setting Down the Armour,The Shield With a Door,The walls we put up to feel safe,When do you go quiet so nobody can see you're upset?,Masks and being seen,2 of 3,"10, 42",Standard,,,"In old stories, the heroes always had a shield — but the wisest ones knew when to use it and when to set it aside. A shield you never put down stops being protection and starts being a wall. And walls keep out friends as well as danger.","In old stories, the heroes always had a shield — but the wisest ones knew when to use it and when to set it aside.",,,"The armour that got you through school now sets off the metal detector at the hug. Today: lower one piece of armour — sarcasm, busyness, control — with one safe person.",The armour that got you through school now sets off the metal detector at the hug.,,,"DRAFT — rewrite from the video transcript once the video is chosen.

Sometimes when we've been hurt before, we build a little protective wall around our heart — we might not share our real feelings, or we might try to look like nothing bothers us. Today we talk about why those walls go up, what they do, and when it might be safe to put a door in them.",Has anyone ever tried to look like something doesn't bother them when it actually does? Or acted tougher than you felt? What's that like?,"Sometimes when we've been hurt before, we build a little protective wall around our heart — we might not share our real feelings, or we might try to look like nothing bothers us. Today we talk about why those walls go up, what they do, and when it might be safe to put a door in them.",https://www.youtube.com/watch?v=4eSBQFoVCJc,YouTube: Search 'The Invisible String read aloud' or 'Last Stop on Market Street read aloud' — stories about trust and connection after difficulty. Runtime ~8 min. Book: 'The Rabbit Listened' by Cori Doerrfeld — about allowing someone to be with you in difficulty.,,,,When do you go quiet so nobody can see you're upset?,"THE SHIELD WITH A DOOR: Each child draws a shield. On the shield they draw or write what it protects them from (things that feel scary or hurtful). Then they draw a door in the shield. On the door they write: 'I open this for people who...' (e.g. 'keep my secrets,' 'are kind to me,' 'make me feel safe'). Share: what your door needs before you open it.",Draw your ideal safe person — someone who would deserve to see behind your shield. What makes them trustworthy?,"Given what you noticed today, what is one thing you will do differently before next Sunday?","Today, notice if your shield goes up. Ask yourself: is this danger real? Or is the shield just being extra careful?",Show a trusted grown-up your shield drawing. Tell them who you open the door for — and why.,Bring back your shield drawing! Has anything changed about when you use it?,,,I have a shield to keep me safe — and it has a door I can open when I trust someone.,The shield/door metaphor is beautifully concrete for this age. The key message is agency — they control the door. Never push children to lower defences in a group setting. Coordinate with families so they can continue the conversation at home.,,,,,Ruby Finds a Worry,Tom Percival,What do you keep to yourself that's getting heavy?,Aroha's Way,Rebekah Lipp & Craig Phillips,"Worry, nervousness and apprehension — and tools to set them down.",Confirmed,,Ruby's worry grows because she keeps it to herself. It shrinks when she says it out loud.,,"Fortress — Children build a wall around themselves from soft blocks or cushions, then try to pass a ball to a friend through it. Then they take one block out. Then another. How much wall do you actually need? WHY IT FITS: Walls keep things out, including the good things.","Soft blocks, cushions, soft ball","Under-5s build a small wall and knock it down, which is the whole game for them. Cheer the knocking down.",
23,2,Unlearn,Unlearn,Child,Grief and Growth — What Endings Make Possible,The Autumn Before Spring,When something ends,What have you lost that you still miss?,Old hurt,3 of 3,"9, 21",Standard,,,"In old stories, even the saddest moments always led somewhere. Not immediately. Not easily. But the saddest chapter was never the last chapter. Today we learn to trust that — even when it doesn't feel true yet.","In old stories, even the saddest moments always led somewhere. Not immediately. Not easily. But the saddest chapter was never the last chapter.",,,"Winter looks like the tree died, but it's just clearing the branches for spring. Today: name what an ending has quietly made room for.","Winter looks like the tree died, but it's just clearing the branches for spring. Today: name what an ending has quietly made room for.",,,"DRAFT — rewrite from the video transcript once the video is chosen.

Sometimes things end or change — friends move away, pets die, families change, things we loved go away. It's completely normal and okay to feel really sad about those things. Today we learn that it's important to let ourselves feel sad — and that after the sadness, something new always becomes possible.",Has anyone ever lost something or someone that made them really sad? A friend who moved away? A pet who died? Something that changed and you miss? It's okay to talk about those feelings today.,"Sometimes things end or change — friends move away, pets die, families change, things we loved go away. It's completely normal and okay to feel really sad about those things. Today we learn that it's important to let ourselves feel sad — and that after the sadness, something new always becomes possible.",https://www.youtube.com/watch?v=7H2pBdLnmGs,"YouTube: 'The Invisible String' read-aloud — a beautiful, gentle story about connection that continues even through endings and loss. Runtime ~8 min. Book: 'The Goodbye Book' by Todd Parr — simple, reassuring, and age-appropriate for all types of loss.",,,,What have you lost that you still miss?,THE FEELINGS TREE: Each child draws a tree with four sections representing the four seasons. In the autumn section: what is something that has ended or changed that makes you sad? In the winter section: what does that sadness feel like? In the spring section: what small new thing has grown or could grow because of the change? In the summer section: what do you hope the future will bring? Share: your spring section — something small that has grown.,Draw how you feel when something ends. Then draw how you might feel after some time has passed.,"Given what you noticed today, what is one thing you will do differently before next Sunday?","If you're feeling sad about something today, find a safe person to tell. You don't have to fix the sadness — just share it.","Tell a grown-up about something you've felt sad about. Ask them to just listen — you don't need advice, just company.",Bring back your feelings tree! Has anything changed in your spring or summer sections?,,,It's okay to feel sad when things end. Sadness moves through when we let it. And something new always comes.,This is a sensitive session that may bring up significant losses for some children. Ensure pre-communication with parents/caregivers — particularly if any children in the group have recently experienced bereavement. The seasons metaphor is gentle and non-prescriptive. Maintain access to a pastoral support person.,,,YES,,The Memory Tree,Britta Teckentrup,What ended that you still think about?,Finding Monkey Moon,"Elizabeth Pulford, ill. Kate Wilkinson","Losing something loved, and the search for it.",Confirmed,,"Fox's friends gather to remember him, and a tree grows from the remembering.",,Autumn Leaves — Everyone holds a paper leaf with something that ended written or drawn on it. On a signal they let them fall. Then the leaves are swept into a pile and seeds or paper flowers are planted in it. WHY IT FITS: When something ends it makes space.,"Paper leaves, markers, paper flowers",Under-5s draw on their leaf and drop it. Let them do the sweeping — they will want to.,
24,2,Unlearn,Unlearn,Child,Rewiring Fear — From Threat to Signal,The Toast Alarm vs. The Real Fire,"Being scared, and what fear is telling you",What are you scared of that has never actually happened?,The body,2 of 3,"4, 30",Standard,,,"In old stories, the bravest heroes weren't the ones who were never scared. They were the ones who felt scared AND kept going anyway. Because they learned that most scary things, once you face them, turn out to be much more manageable than they looked from far away.","In old stories, the bravest heroes weren't the ones who were never scared. They were the ones who felt scared AND kept going anyway.",,,"Most alarms in your head are burnt toast, not a house fire — the smoke detector just can't tell the difference. Today: label one fear 'burnt toast' and open a window instead of running.","Most alarms in your head are burnt toast, not a house fire — the smoke detector just can't tell the difference.",,,"DRAFT — rewrite from the video transcript once the video is chosen.

Everyone feels scared sometimes — and that's completely okay. Fear is actually really useful when it warns us about real danger. But sometimes our fear alarm goes off when things are just new or a bit uncomfortable — not actually dangerous. Today we learn to tell the difference!","Can anyone name something that feels scary but isn't actually dangerous? Like talking in front of the class, or trying something new, or meeting someone you don't know? What does scary-but-safe feel like?",Everyone feels scared sometimes — and that's completely okay. Fear is actually really useful when it warns us about real danger. But sometimes our fear alarm goes off when things are just new or a bit uncomfortable — not actually dangerous. Today we learn to tell the difference!,https://www.youtube.com/watch?v=BVAaomgzFCM,YouTube: Search 'brave for kids animated fear YouTube' or 'facing fears children animated' for short accessible animations on being courageous about non-dangerous fears. Runtime ~5 min. Book: 'Jabari Jumps' by Gaia Cornwall — a child who is scared to jump off the diving board and works up the courage to try.,,,,What are you scared of that has never actually happened?,"REAL FIRE or BURNT TOAST? Play through scenarios together: 'A stranger asks you to go somewhere alone' — REAL FIRE (tell a trusted adult). 'You have to do a speech in front of the class' — BURNT TOAST (scary but safe, take a breath). 'Your friends are about to jump off something really high' — REAL FIRE. 'You want to try a new sport but feel nervous' — BURNT TOAST. Then: think of something that feels scary in your life. Real fire or burnt toast? How do you know?",Draw a burnt toast fear and a real fire fear. How are they different? What do you do for each one?,"Given what you noticed today, what is one thing you will do differently before next Sunday?","When you feel your fear alarm today, ask: real fire or burnt toast? Then decide what to do.",Tell a grown-up about something that's burnt toast for you — scary but safe. Ask them about one of theirs!,Bring back: did you have a burnt toast moment this week? What happened when you were brave about it?,,,My fear alarm helps keep me safe. And I'm learning when to listen — and when to be brave.,The real fire/burnt toast distinction is brilliantly concrete and memorable for this age. Physical breathing practice can be integrated directly into the role-play. This language can become a year-round reference: 'is that a real fire?' Coordinate with parents to use the same language at home.,,,YES,,Jabari Jumps,Gaia Cornwall,What are you scared of that you'd like to try?,Lucy and the Dark,"Melinda Szymanik, ill. Vasanti Unka","Fear of the dark, met rather than avoided.",Confirmed,,"Jabari is scared of the diving board and jumps anyway. Fear is information, not an instruction.",,"Burnt Toast Alarm — A loud alarm goes off at random. Children freeze, then check: is it a fire, or is it burnt toast? A card is revealed each time — most say burnt toast. They practise the check before reacting. WHY IT FITS: Not every alarm is an emergency.","Bell or buzzer, picture cards","Under-5s just freeze and do a big breath when the bell rings. Skip the cards; use a gentle bell, not a buzzer.",
25,2,Unlearn,Unlearn,Child,The Stories That No Longer Serve,Updating the Photo Album,An old story about yourself that isn't true any more,What did you used to believe about yourself that isn't true now?,Stories and identity,3 of 5,"2, 5, 27, 49",Standard,,,"In old stories, the characters who grew the most were always the ones who were brave enough to see themselves differently — to say 'I am not just the same as I was. I have grown. I have changed. I am more than the old story.' Today we practise that bravery.","In old stories, the characters who grew the most were always the ones who were brave enough to see themselves differently — to say 'I am not just…",,,An old story is a saved route on your maps app that no longer goes where you live. Today: delete one outdated 'I always…' and set a new destination.,An old story is a saved route on your maps app that no longer goes where you live.,,,"DRAFT — rewrite from the video transcript once the video is chosen.

Sometimes the things we believe about ourselves are a bit out of date — like a picture of you from when you were really little. The picture might have been true then, but it's not the whole picture of you now. Today we look at old stories and think about whether it's time to update them.",Think of something you used to believe about yourself that might not be as true anymore. Maybe you used to think you couldn't do something — and now you can. What has changed about you?,"Sometimes the things we believe about ourselves are a bit out of date — like a picture of you from when you were really little. The picture might have been true then, but it's not the whole picture of you now. Today we look at old stories and think about whether it's time to update them.",https://www.youtube.com/watch?v=0ZcfX2862XE,YouTube: 'The Dot' by Peter Reynolds read-aloud — about being willing to see yourself differently and discovering new capacities. Runtime ~8 min. Companion book: 'Beautiful Oops' by Barney Saltzberg — about reinterpreting old 'mistakes' as the beginning of something new.,,,,What did you used to believe about yourself that isn't true now?,THE UPDATED PHOTO ALBUM: Each child gets a four-page 'photo album' template. Page 1: 'An old story I had about myself' (draw or write). Page 2: 'What has changed or grown since then' (draw or write). Page 3: 'Something I can do now that I couldn't do before' (draw or write). Page 4: 'The new updated picture of me' (draw or write — as full and complete as possible). Share: Page 4 — the new updated picture.,Draw 'old you' vs. 'new you' — what has grown and changed? Celebrate every difference!,"Given what you noticed today, what is one thing you will do differently before next Sunday?","Today, notice one way you are more than your old story. Tell someone about it.",Show a grown-up your updated photo album. Ask them to tell you one way they have seen you grow.,Bring your photo album back with a new entry — something that grew this week!,,,"My story is growing, just like me. I add new pages all the time.","The photo album exercise is deeply affirming — let children spend real time on Page 4 (the new, updated picture of themselves). Display them in the room if children are happy to. Celebrate growth explicitly and specifically. This is one of the most joyful sessions of Phase 2.",,,,,Not Quite Narwhal,Jessie Sima,What did you used to believe about yourself that isn't true now?,,,,,,Kelp has always been told what he is — and finds out the old story isn't the whole one.,,Old Coat — Children put on a coat several sizes too small (or a tiny hat) and try to move. It fitted once. Then they swap for one that fits now. WHY IT FITS: Some stories about you don't fit any more.,"Assorted dress-up coats and hats, all sizes",Under-5s find the hat that fits from a pile. Turn it into a hat parade.,
26,2,Unlearn,Unlearn,Child,Integration — What We Have Released,Putting Down the Heavy Things,Looking back at what we've put down,What have you let go of this term?,Integration,2 of 4,"13, 39, 52",Integration,,,"In old adventure stories, there's always a moment between battles — a camp, a rest, a celebration. The heroes look at each other and say 'we made it through.' Not because the adventure is over — but because this part is done. And they're stronger for it. Today is that moment.","In old adventure stories, there's always a moment between battles — a camp, a rest, a celebration.",,,"You've cleared a pile of old apps clogging the phone — permission-seeking, resentment, armour. Today: notice how much lighter and faster you run without them.","You've cleared a pile of old apps clogging the phone — permission-seeking, resentment, armour. Today: notice how much lighter and faster you run without them.",,,"DRAFT — rewrite from the video transcript once the video is chosen.

We've been on the second part of our big adventure — learning how to put down some heavy things, say sorry properly, be brave about our fears, and start telling new stories about ourselves. Today we celebrate everything we've let go — and get excited for the next part of the journey: building!",What is one heavy thing you've put down or made lighter during Phase 2? Maybe something you stopped worrying about as much. Something you said sorry for and felt better. A fear you were brave about. A story you started telling differently.,"We've been on the second part of our big adventure — learning how to put down some heavy things, say sorry properly, be brave about our fears, and start telling new stories about ourselves. Today we celebrate everything we've let go — and get excited for the next part of the journey: building!",https://www.youtube.com/watch?v=VWOgrMXBE4U,YouTube: Search 'growth and change kids celebration animated' for an uplifting short about completing a challenging journey. Runtime ~3–5 min. Book: 'The Journey' by Francesca Sanna — a beautiful book about carrying what matters and leaving behind what doesn't.,,,,What have you let go of this term?,"PHASE 2 CELEBRATION: Each child gets a paper 'heavy stone' and a paper 'feather.' On the stone, they write one heavy thing they've worked on putting down. On the feather, they write one thing that feels lighter now. Create a class display: all the stones in a pile, all the feathers flying around it. Read out the feathers together (keeping stones private). Celebrate every single one. Then: give each child a fresh blank page for Phase 3. 'Now we build.'",Draw a picture of yourself lighter — after putting down something heavy. What does your face look like? How do you stand?,"Given what you noticed today, what is one thing you will do differently before next Sunday?",Celebrate one thing you're proud of from Phase 2. Tell someone about it!,Show a grown-up your stone and feather. Tell them about the heavy thing you've been working on and the lighter thing you feel now.,Come to the first Phase 3 session ready to tell us the most exciting thing you're going to BUILD!,,,I put down some heavy things. And now my hands are free to build something new.,"Make this session genuinely celebratory — balloons, music, something special. Children have done profound work in Phase 2. The stone/feather display is beautiful — photograph it and share with families. The transition to Phase 3 should feel like a genuine adventure beginning. Pure excitement.",,,,,The Heart and the Bottle,Oliver Jeffers,What have you put down this term?,,,,,,"A girl puts her heart in a bottle to keep it safe, and has to work out how to get it back.",,"Backpack Empty-Out — Children carry a heavy-ish backpack around a course. Then they name one thing to take out, remove a weight, and do the course again. And again. Notice the difference each time. WHY IT FITS: We have put things down this term.","Backpacks, soft weights or cushions","Under-5s carry one item, take it out, and run the short course. Two laps maximum.",
27,3,Rebuild,Rebuild,Child,Who Are You Now? — Rebuilding Identity,Who Are You Building?,Choosing who you want to be,Who do you want to be?,Stories and identity,4 of 5,"2, 5, 25, 49",Movement opener,,,"In building stories, the best heroes are always the ones who discover who they truly are — not because someone told them, but because they chose it. Chose their values, chose their courage, chose their kindness. Today we start choosing.","In building stories, the best heroes are always the ones who discover who they truly are — not because someone told them, but because they chose it.",,,"Instead of the labels stuck on you like airport baggage tags, you get to pack your own bag. Today: choose the three qualities you're building yourself from.","Instead of the labels stuck on you like airport baggage tags, you get to pack your own bag. Today: choose the three qualities you're building yourself from.",,,"DRAFT — rewrite from the video transcript once the video is chosen.

We've been on a huge adventure learning about ourselves — now comes the most exciting part: BUILDING! Today we start thinking about who we are CHOOSING to be — the qualities and values that make us most us — and how to grow more of them.","If you could choose the most important qualities about yourself — things like kindness, courage, creativity, honesty, curiosity — what would you choose? What matters most to you?",We've been on a huge adventure learning about ourselves — now comes the most exciting part: BUILDING! Today we start thinking about who we are CHOOSING to be — the qualities and values that make us most us — and how to grow more of them.,https://www.youtube.com/watch?v=H14bBuluwB8,YouTube: 'What Do You Do With an Idea?' read-aloud by Kobi Yamada — about nurturing what you are building from the inside out. Runtime ~8 min. Book: 'Beautiful Me' by Kimberly and James Dean — affirming exploration of who you choose to be.,,,,Who do you want to be?,"THE QUALITY BUILDER: Each child gets a brick-wall template (8–10 bricks). In each brick, they write or draw a quality they want to build in themselves — courage, kindness, creativity, perseverance, honesty, curiosity, etc. Then: circle the three most important ones. These are the foundations of their personal rebuild. Share: their three foundation bricks. Facilitator writes a class collective wall — all the bricks together.",Draw a picture of 'Future Me' — the version of you with all the qualities you're building. What does that person look like?,"Given what you noticed today, what is one thing you will do differently before next Sunday?","Today, practise one of your foundation qualities in one real situation. Notice how it feels.",Tell a grown-up about your three foundation bricks. Ask them what theirs would be.,Bring back your brick wall and add new bricks you've discovered this week!,,,I am choosing who I am building. My qualities are mine to grow.,The building metaphor is enormously energising at this age — make it as physical and visual as possible. The collective class wall of qualities displayed in the room is a powerful image of community values. Keep the energy high — this is the most fun phase of the year.,,,,,Elmer,David McKee,Who do you want to be?,Paku Manu Ariki Whakatakapōkai,"Michaela Keeble, ill. Tokerau Brown","A young Māori boy overflowing with questions about identity, culture and belonging.",Confirmed,,"Elmer tries to be like the other elephants, and everything goes grey.",,"Build-a-Me Statue — In pairs, one child sculpts the other into a statue of 'who I want to be' — brave, calm, kind. Photograph nothing; just walk the gallery and guess. Then everyone strikes their own chosen pose at once. WHY IT FITS: You get to choose the shape you take.",None,"Sculpting means posing themselves, not being moved by someone else. Under-5s copy an adult's pose. No hands-on posing of any child, by anyone.",
28,3,Rebuild,Rebuild,Child,What Do You Actually Value?,Your Inner Compass,What matters most to you,What's the most important thing to you?,Permission and values,3 of 4,"14, 15, 43",Standard,,,"In old stories, the bravest heroes always had a strong inner compass — they knew what mattered, and they stuck to it even when things got hard. That compass was their values. Today we discover ours.","In old stories, the bravest heroes always had a strong inner compass — they knew what mattered, and they stuck to it even when things got hard.",,,Values are your GPS 'home' setting — every turn is easier once it's locked in. Today: name your true-north value and check one recent decision against it.,Values are your GPS 'home' setting — every turn is easier once it's locked in. Today: name your true-north value and check one recent decision against it.,,,"DRAFT — rewrite from the video transcript once the video is chosen.

Values are like the most important rules you make for yourself — not rules from other people, but the things YOU decide are most important about how you live and treat others. Today we find out what YOUR most important values are.",What is the most important rule YOU have made for yourself — something you believe about how to treat people or how to live? Not a rule from school or home — something that feels most like yours.,"Values are like the most important rules you make for yourself — not rules from other people, but the things YOU decide are most important about how you live and treat others. Today we find out what YOUR most important values are.",https://www.youtube.com/watch?v=IRVxOCKxDyI,YouTube: Search 'values for kids animated' or 'what are values children' for short accessible content. Runtime ~5 min. Book: 'Those Shoes' by Maribeth Boelts — a beautiful story about knowing what you truly value versus what you want because others have it.,,,,What's the most important thing to you?,"THE VALUES COMPASS: Each child gets a large compass drawn on paper (pointing N, S, E, W). In the four directions, they write or draw their four most important values. Facilitator shares examples and helps with vocabulary. Then: present dilemmas and ask children to use their compass: 'Your friend asks you to keep a secret that worries you — which value guides you?' / 'Someone is being left out — which value helps you decide what to do?' Share: your compass and your most important direction.",Draw your inner compass. Write your four most important values in the four directions. Decorate it so it looks like YOU.,"Given what you noticed today, what is one thing you will do differently before next Sunday?","When you face a choice today, use your compass: 'Which of my values guides me here?' Tell someone about it.",Show your compass to a grown-up. Tell them about the values you chose. Ask them what their compass points to.,Bring your compass back! Did you use it this week? What happened?,,,My values are my compass. They help me know who I am and how to treat others.,The compass is a brilliant physical metaphor — make it beautiful and keep it as a year-round tool. Present the dilemmas with warmth and humour. The discovery that values-based decisions feel better than approval-seeking decisions is a genuine revelation for this age.,,,,,The Three Questions,Jon J Muth,What's the most important thing to you?,,,,,,"What matters most, who matters most, and when is the right time.",,"Rescue the Treasures — Ten objects scattered in the hall, a rope 'river' across the middle. Teams may only carry three across. They must decide together which three matter most, and say why. WHY IT FITS: When you can't have everything, what do you choose?","Assorted objects, rope",Under-5s rescue one object each and say why they picked it. Skip the group decision.,
29,3,Rebuild,Rebuild,Child,The Habits That Build You,Watering Your Garden,Small things you do every day,What do you do every day that makes you a bit better at something?,Habits and structure,2 of 4,"12, 33, 47",Standard,,,"In old stories about people who became truly great — kind, wise, brave, skilled — it was never from one magic moment. It was always from small, consistent practice. Every single day. A little bit. That's how greatness actually grows.","In old stories about people who became truly great — kind, wise, brave, skilled — it was never from one magic moment.",,,You don't get fit from one epic gym session — you get fit from showing up small and often; identity works the same. Today: pick the 1% habit you'll repeat like brushing your teeth.,You don't get fit from one epic gym session — you get fit from showing up small and often; identity works the same.,,,"DRAFT — rewrite from the video transcript once the video is chosen.

Habits are things we practise so often they become automatic — we do them without even thinking. Today we think about the habits that GROW us — the small things we do every day that make us more of who we want to be.","What is something you already do every day that has made you better at something or made you feel good about yourself? (Reading, practising a sport, being kind, helping someone.) How did that habit start?",Habits are things we practise so often they become automatic — we do them without even thinking. Today we think about the habits that GROW us — the small things we do every day that make us more of who we want to be.,https://www.youtube.com/watch?v=hpnI3MCTJSA,"YouTube: 'The Power of Yet' animated — Carol Dweck for kids, about the habit of persisting. Runtime ~5 min. Book: 'Little Acorn Becomes a Tree' or 'What a Seed Knows' for the growth metaphor. Also: 'Dreamers' by Yuyi Morales — about slow, persistent building.",,,,What do you do every day that makes you a bit better at something?,"THE HABIT GARDEN: Each child gets a garden template with 3 plant pots. In each pot, they draw or write a small daily habit they want to grow — something that will help them build one of their quality-bricks from Week 27. Then they write: what's the SMALLEST daily version? (E.g. 'I will read for 5 minutes before bed' / 'I will say one kind thing to someone every day' / 'I will draw something for 3 minutes.'). Share: their three habit seeds and the smallest daily version of each.","Draw your habit garden in full — name the plants, draw how they might look when they've grown!","Given what you noticed today, what is one thing you will do differently before next Sunday?",Start ONE of your habit plants today — the tiniest version. Just begin. Tell someone about it tonight.,Show a grown-up your habit garden. Ask them what habit they wish they had started when they were your age.,Bring back: how many days did you water your habit plant? What happened?,,,Small daily habits grow into big wonderful things. I water my garden every day.,The garden metaphor is perfect for this age — consider having small actual seed packets as a physical take-home that mirrors the metaphor. The minimum habit concept ('just the tiniest version') dramatically reduces the activation energy. Send a habit tracking sheet home for family engagement.,,,,,The Most Magnificent Thing,Ashley Spires,"What do you practise, even when it's hard?",,,,,,Making it again and again — the small repeated attempt is the whole thing.,,"One Brick at a Time — Every child adds one block to a shared tower each time they complete a small action — ten star jumps, one kind word, tying a lace. Fast building is not allowed. One brick, one action. WHY IT FITS: Small things done again and again build something.",Building blocks or cups,"Under-5s add a block for every star jump. Big blocks, low tower, lots of cheering.",
30,3,Rebuild,Rebuild,Child,Your Body as Foundation,Charging Your Superhero Suit,"Sleep, food, moving, resting",What does your body need more of?,The body,3 of 3,"4, 24",Standard,,,"Ancient peoples knew something important: a well-rested, well-moved, well-nourished body thinks more clearly, feels more balanced, and has more courage. They were right — and now science confirms it. Today we learn the four things that charge our superhero suit.","Ancient peoples knew something important: a well-rested, well-moved, well-nourished body thinks more clearly, feels more balanced, and has more courage.",,,"Your body is the phone the whole day runs on, and sleep, movement, food and calm are the four charging cables. Today: plug in the one that's most drained.","Your body is the phone the whole day runs on, and sleep, movement, food and calm are the four charging cables.",,,"DRAFT — rewrite from the video transcript once the video is chosen.

Our bodies are the most amazing machines — they need certain things to work really well: good sleep, movement, healthy food, and ways to calm down when we feel stressed. Today we learn how to take care of our bodies so they can help us feel and be our best.",Can you tell when your body needs more sleep? How do you feel? What about when you haven't moved around enough — how does that feel? What about when you've eaten mostly sugary things all day? Your body sends signals — let's learn to read them.,"Our bodies are the most amazing machines — they need certain things to work really well: good sleep, movement, healthy food, and ways to calm down when we feel stressed. Today we learn how to take care of our bodies so they can help us feel and be our best.",https://www.youtube.com/watch?v=BVAaomgzFCM,YouTube: 'Sesame Street Belly Breathe' or search 'kids movement and sleep importance animated' for fun accessible content on body care for children. Runtime ~3–5 min. Book: 'I Am Yoga' by Susan Verde — a beautiful mindful body awareness book.,,,,What does your body need more of?,"SUPERHERO SUIT CHECK: Each child rates their four areas with a simple traffic light (red/orange/green): Sleep, Movement, Food, Calm-Down Skills. Then for their most orange or red area: 'What is ONE small thing I could do to give this area a bit more green?' Facilitator works through examples: sleep (same bedtime every night, dark room), movement (playing outside, dancing, walking), food (one more piece of fruit, water before lunch), calm (three deep breaths, a favourite calming activity). Share: one upgrade they're committing to.",Draw your superhero suit charged up and ready. Label the four charging stations around it.,"Given what you noticed today, what is one thing you will do differently before next Sunday?",Try ONE of your charging habits today — and notice how it affects how you feel.,Tell a grown-up about the four charging areas. Ask them which one they find hardest to keep charged. Compare answers!,Bring back your superhero suit drawing — has anything changed in your charging levels?,,,"When I take care of my body, I can be the best version of me. Sleep, movement, food, and calm — my four superchargers.",The superhero charging metaphor is endlessly engaging for this age. Make the breathing practice a regular feature of every session from this point forward — 3 breaths to open each session. Involve families in the four charging areas — send a visual home they can put on the fridge.,,,,,I Am Yoga,Susan Verde,What does your body need more of?,Aroha Knows,Rebekah Lipp & Craig Phillips,The places and spaces that make us feel safe and well.,Confirmed,,The body as the place you come back to when everything is too much.,,"Foundation Wobble — Teams build the tallest tower they can on a wobbly base (a cushion). Then rebuild on a firm one. Same blocks, different base. WHY IT FITS: What you build sits on how you sleep, eat and move.","Blocks, cushions, firm boards",Under-5s build on the cushion and knock it over. Then build on the floor. Compare heights with them.,
31,3,Rebuild,Rebuild,Child,The People You Choose,Growing Friends,The people you spend time with,Who makes you feel like yourself?,Belonging,1 of 3,"38, 48",Standard,,,"In old stories the best companions were always the ones who brought out the best in the hero — who believed in them, told them the truth, and stood by them through hard times. That kind of friendship is worth finding AND worth being. Today we think about both.","In old stories the best companions were always the ones who brought out the best in the hero — who believed in them, told them the truth, and…",,,"You become the average of your five most-opened contacts. Today: pick one relationship to open more, and one notification to turn down.","You become the average of your five most-opened contacts. Today: pick one relationship to open more, and one notification to turn down.",,,"DRAFT — rewrite from the video transcript once the video is chosen.

The people we spend time with help shape who we become — because we learn from them, we pick up their habits and feelings, and we become more ourselves (or less ourselves) depending on who we're around. Today we think about the people in our lives who help us grow — and how to be that kind of person for others.","Think of a friend or person who makes you feel really good — more yourself, happier, braver. What is it about them that makes you feel that way? What do they do that helps you grow?","The people we spend time with help shape who we become — because we learn from them, we pick up their habits and feelings, and we become more ourselves (or less ourselves) depending on who we're around. Today we think about the people in our lives who help us grow — and how to be that kind of person for others.",https://www.youtube.com/watch?v=9_1Rt1R4xbM,YouTube: 'Charlotte's Web' book read-aloud clips or search 'friendship for kids animated' for short content on what makes a good friend. Runtime ~5–8 min. Book: 'The Invisible String' by Patrice Karst — about the connections that matter most.,,,,Who makes you feel like yourself?,"THE GROWING FRIEND GARDEN: Each child gets a garden template with space for 3–4 friends. For each friend: draw or write their name, one thing they do that helps you grow, and one thing you do that helps THEM grow. Then: draw yourself in the garden too. What do you bring to your friendships? Share: one growing friend and one thing they bring to you.",Draw a picture showing you and a growing friend doing something together. What makes this friendship a growing one?,"Given what you noticed today, what is one thing you will do differently before next Sunday?",Do something kind or encouraging for a growing friend today — and notice how it feels to give as well as receive.,Tell a grown-up about one of your growing friends and why they matter to you. Ask them about their growing friends.,Bring back a story about something a growing friend did for you this week — or something you did for them!,,,I choose friends who help me grow — and I am a growing friend for others.,The growing friend concept should be kept warm and affirmative — this is not about judging friendships but about celebrating the ones that genuinely nourish. Acknowledge that all friendships have ups and downs. The seed activity (doing one kind thing for a growing friend) should have a real follow-through plan.,,,,,Stick and Stone,Beth Ferry,Who makes you feel most like yourself?,,,,,,Who you become depends a lot on who's standing next to you.,,"Garden Circle — Children plant themselves as 'seeds' around the hall. Some spots are near the music and cheering, some near a grumpy corner. Everyone tries to grow (stretch up) in their spot. Then they choose a new one. WHY IT FITS: You grow differently depending on where you plant yourself.","Speaker, cones",Under-5s go straight to the cheering corner and grow. Skip the grumpy corner entirely for them.,
32,3,Rebuild,Rebuild,Child,How You Speak to Yourself,Finding Your Power Phrases,How you talk to yourself,What would you say to a friend who was where you are?,The inner voice,3 of 3,"7, 18",Standard,,,"In old stories, the bravest characters would say something to themselves before a challenge — a promise to themselves, a reminder of who they were. Those words became their power. Today we find ours.","In old stories, the bravest characters would say something to themselves before a challenge — a promise to themselves, a reminder of who they were.",,,Talk to yourself like you'd text a friend having a hard day — not like an anonymous troll in the comments. Today: keep one kind phrase in your pocket for the next hard moment.,Talk to yourself like you'd text a friend having a hard day — not like an anonymous troll in the comments.,,,"DRAFT — rewrite from the video transcript once the video is chosen.

We've been building our inner coach — the kind, honest voice inside us. This week we practise using that voice every day. Today we design our personal 'power phrases' — the things we say to ourselves that help us feel brave, kind, and capable.",What is the most helpful thing a kind voice could say to you when you're having a hard day? When you've made a mistake? When you're about to try something scary? What do you most need to hear?,"We've been building our inner coach — the kind, honest voice inside us. This week we practise using that voice every day. Today we design our personal 'power phrases' — the things we say to ourselves that help us feel brave, kind, and capable.",https://www.youtube.com/watch?v=VXez46_LZSE,"YouTube: Search 'positive self-talk for kids animated' or 'affirmations for children YouTube' for short, accessible animations. Runtime ~5 min. Book: 'I Am Enough' by Grace Byers — a beautiful collection of affirmations in picture book form.",,,,What would you say to a friend who was where you are?,"POWER PHRASE CREATOR: Guide children through three types of power phrase: 1. BRAVE phrase (for when something feels scary): e.g. 'I can be scared AND brave at the same time.' 2. KIND phrase (for when you've made a mistake): e.g. 'I made a mistake. That doesn't make me bad. I can try again.' 3. STRONG phrase (for hard days): e.g. 'I am doing my best, and that is enough.' Each child writes their own version of each type — in their own words. Share: their brave phrase with the group.",Write or decorate your three power phrases on a card to keep. Make it beautiful — it's important!,"Given what you noticed today, what is one thing you will do differently before next Sunday?","Use your brave phrase today — even if nothing scary happens, just practise saying it.",Teach a grown-up your three power phrases. Ask them what THEIR power phrases are.,Bring back your power phrase card! Which one did you use most this week?,,,I have words that help me. I say them to myself with kindness and truth.,"Create beautiful, laminated power phrase cards for children to take home — make them special objects, not just worksheets. Involve parents: send a note explaining power phrases and asking them to use the same language at home. The three-category structure (brave, kind, strong) covers the most important emotional situations.",,,,,I Can Do Hard Things,Gabi Garcia,What would you say to a friend who was where you are?,,,,,,"Self-talk you can actually hear yourself saying — not slogans, sentences.",,Echo Hall — One child says something to the far wall; the room echoes it back. Say something harsh — the room echoes it harshly. Say something kind — same. The room only gives back what was sent. WHY IT FITS: What you say to yourself comes back.,None,Under-5s shout a happy word and hear it echoed. Only kind words for this age group.,
33,3,Rebuild,Rebuild,Child,Creating Structure That Serves You,Your Personal Rhythm,Having a rhythm to your week,What part of your week do you look forward to?,Habits and structure,3 of 4,"12, 29, 47",Standard,,,"In old stories, the wisest people always had a rhythm to their days — they knew when to work, when to rest, when to play, and when to think. That rhythm didn't make their days boring. It made everything else possible.","In old stories, the wisest people always had a rhythm to their days — they knew when to work, when to rest, when to play, and when to…",,,"Routine isn't a cage — it's the trellis a plant climbs to reach the light. Today: add one small anchor (same wake time, one blocked hour) and let freedom grow on it.",Routine isn't a cage — it's the trellis a plant climbs to reach the light.,,,"DRAFT — rewrite from the video transcript once the video is chosen.

Having a routine — a regular order for how we do things — actually helps us feel safer, calmer, and more able to enjoy the fun parts of our day. Today we think about the routines that help us the most — and maybe design some new ones.","What's a routine you have that really helps you? Maybe a bedtime routine, or how you get ready in the morning, or something you do after school? Why does it help?","Having a routine — a regular order for how we do things — actually helps us feel safer, calmer, and more able to enjoy the fun parts of our day. Today we think about the routines that help us the most — and maybe design some new ones.",https://www.youtube.com/watch?v=nj2ofrX7jAk,"YouTube: Search 'daily routine for kids animated' for short, engaging content about healthy daily rhythms. Runtime ~5 min. Book: 'Bedtime for Frances' by Russell Hoban — gently illustrates the importance of routine and what happens when it's disrupted.",,,,What part of your week do you look forward to?,"MY DAILY RHYTHM: Give each child a simple clock/timeline template for a day. Together, fill in the key anchors: wake time, breakfast, school or activity, movement time, connection time (family/friends), quiet or creative time, bedtime. Then: 'Is there one part of your day that feels chaotic or hard? Could a small routine help?' Design one new mini-routine for that part. Share: their new mini-routine.",Draw your ideal daily rhythm as a clock or timeline. What are the most important parts?,"Given what you noticed today, what is one thing you will do differently before next Sunday?",Try your new mini-routine today. Notice how it feels to have that part of your day feel more settled.,Tell a grown-up about your new mini-routine. Ask them to help you stick to it this week.,Bring back: how did your mini-routine go? Did it help?,,,"A good daily rhythm helps me feel calm, settled, and ready for anything.","Coordinate with parents for this session — family buy-in on routine changes is essential for children. Focus on one small, achievable routine improvement rather than a whole-day redesign. Sleep routine is the highest-leverage area for most primary-age children. Send home a simple routine template families can use together.",,,,,The Very Hungry Caterpillar,Eric Carle,What part of your week do you look forward to?,,,,,,"Days with a rhythm, and what the rhythm builds toward.",,"Rhythm Course — An obstacle course is run in a random order first — chaotic, tiring. Then it's run in a set rhythm with a drumbeat. Same course, different feeling. WHY IT FITS: A rhythm makes the same work easier.","Cones, hoops, drum or speaker","Under-5s only do the rhythm version, holding a partner's hand. Four obstacles maximum.",
34,3,Rebuild,Rebuild,Child,"Rest as a Practice, Not a Reward",Rest Is a Superpower,Resting without having to earn it,When do you feel properly rested?,Signal and attention,2 of 4,"1, 50, 51",Standard,,,"In old stories, even the greatest heroes had to rest before the big challenge. Not because they were weak — but because they were wise enough to know that the body and mind need recovery time to do their best. Rest is a superpower, not a sign of being lazy.","In old stories, even the greatest heroes had to rest before the big challenge.",,,"You plug your phone in before it dies, not after — do the same for yourself. Today: schedule one real rest block before you're down to 1%.","You plug your phone in before it dies, not after — do the same for yourself. Today: schedule one real rest block before you're down to 1%.",,,"DRAFT — rewrite from the video transcript once the video is chosen.

Rest is not just sleep — it's also the quiet, gentle times when our brain and body get to recover and refuel. Today we learn about the importance of rest, what real rest looks and feels like, and how to give our brain the recovery time it needs.",What do you do when you want to relax and feel better? What makes you feel most refreshed and restored? Is it different to what you do when you're bored?,"Rest is not just sleep — it's also the quiet, gentle times when our brain and body get to recover and refuel. Today we learn about the importance of rest, what real rest looks and feels like, and how to give our brain the recovery time it needs.",https://www.youtube.com/watch?v=nj2ofrX7jAk,YouTube: Search 'rest for kids why it matters animated' or 'why do we need rest children YouTube' for short accessible content. Runtime ~5 min. Book: 'The Rabbit Listened' by Cori Doerrfeld — about the kind of quiet presence that genuinely restores.,,,,When do you feel properly rested?,"REST vs. BUSY BREAK: Show children two lists and sort together: REST (quiet reading, outdoor play, drawing, daydreaming, calm music, gentle movement) vs. BUSY BREAK (lots of screens, fast-paced games, scrolling, loud noise). Discuss: how does each feel in your body? How do you feel after each? Then: design your personal 'rest menu' — three go-to genuine rest activities that work for YOU. Share: their top rest activity.",Draw your 'rest menu' — three activities that give your brain real rest. Make it beautiful!,"Given what you noticed today, what is one thing you will do differently before next Sunday?",Take a genuine rest break today — from your rest menu. Notice how you feel before and after.,Show a grown-up your rest menu. Ask them what rest looks like for them. Plan a rest time together this week.,Bring back: which rest activity did you try? How did it feel?,,,Real rest is when my brain gets to breathe. It makes everything else better.,"The rest menu is a lovely, practical take-home from this session. The 2-minute rest practice in the session is worth doing slowly and genuinely — model it yourself. Coordinate with parents to support genuine rest practices at home, distinct from screen time. The rest/busy-break distinction is a powerful concept for both children and parents.",,,,,I Am Peace,Susan Verde,When do you feel properly rested?,At the Bach,"Joy Cowley, ill. Hilary Jean Tapper","Unhurried time, and what rest actually looks like.",Confirmed,,"Rest and stillness as something you practise, not something you earn.",,"The Rest Station — A relay where every third lap you must lie down on a mat for 30 seconds. Teams that skip the rest get slower. Teams that rest properly get faster. WHY IT FITS: Rest is part of the game, not a reward at the end.","Mats or towels, cones","Under-5s do the resting station only — lying down, being counted down from ten. They will treat it as the best part.",
35,3,Rebuild,Rebuild,Child,Creativity and Expression,The Joy of Making,Making things just because you like it,What do you love making?,Creativity and expression,1 of 3,"41, 42",Standard,,,"The most creative people in history — inventors, artists, storytellers — all had one thing in common: they were willing to make things that weren't perfect. In fact, most of their greatest creations came out of lots of imperfect attempts. Today we celebrate the imperfect making.","The most creative people in history — inventors, artists, storytellers — all had one thing in common: they were willing to make things that weren't perfect.",,,Making something is like cooking for yourself — it doesn't need a Michelin star to feed you. Today: make one small thing no one will grade.,Making something is like cooking for yourself — it doesn't need a Michelin star to feed you. Today: make one small thing no one will grade.,,,"DRAFT — rewrite from the video transcript once the video is chosen.

Making things — drawing, building, writing, singing, dancing, inventing — is one of the most wonderful things human beings can do. And everyone can do it! Today we celebrate creativity, remember what we love to make, and give ourselves permission to create without worrying about whether it's perfect.",What is your absolute favourite thing to make or create? Drawing? Building? Writing? Dancing? Making music? Something else? What does it feel like when you're deep in making something you love?,"Making things — drawing, building, writing, singing, dancing, inventing — is one of the most wonderful things human beings can do. And everyone can do it! Today we celebrate creativity, remember what we love to make, and give ourselves permission to create without worrying about whether it's perfect.",YouTube: 'The Dot' by Peter Reynolds read-aloud — the perfect celebration of making something just because it matters to you. Runtime ~8 min. Companion book: 'Beautiful Oops' by Barney Saltzberg — a joyful celebration of imperfect making.,Search: 'The Dot read aloud Peter Reynolds YouTube' if unavailable. Alternative: 'What To Do With a Box' by Jane Yolen — a poem-book celebrating the creativity of children.,,,,What do you love making?,"THE MAKING PARTY: Facilitate a free-choice creative session — provide a range of materials (drawing supplies, building blocks, collage materials, writing paper, musical instruments if available). For 15 minutes, everyone makes something — anything they want, however they want. No instructions. No right answer. No evaluation. Then: share what you made — not for judgment but for celebration. Each share receives: 'Tell us about your making — what did you enjoy about it?' NOT 'That's so good!' (evaluation). Just genuine curiosity.","Make something today just for the joy of it — not to show anyone, not to get it right. Just because making things is wonderful.","Given what you noticed today, what is one thing you will do differently before next Sunday?",Show a grown-up something you've made recently. Tell them about what you ENJOYED about making it — not whether you think it's good.,Bring something you've made this week to share — just to celebrate the making!,I am creative. Making things is part of how I am most alive. I make for joy.,,,https://www.youtube.com/watch?v=0ZcfX2862XE,,,,,,The Dot,Peter H. Reynolds,What do you love making?,Dazzlehands,"Sacha Cotter, ill. Josh Morgan",Making things with your own two hands.,Check theme at library,,"Vashti makes one mark, and then keeps going because she wanted to.",,"Junk Orchestra — A pile of random objects. In small groups, children have five minutes to make an instrument and a sound. Then a two-minute performance. Nobody is judged and there is no winner. WHY IT FITS: Making something because you want to.","Containers, rice, elastic bands, boxes, spoons",Under-5s shake a filled bottle. Make the bottles in advance and seal them properly.,
36,3,Rebuild,Rebuild,Child,Purpose — What You're Here For,Your Special Puzzle Piece,What you're good at and what people need,What are you doing when you forget about time?,Purpose,1 of 3,"40, 49",Standard,,,"In old stories about heroes and great people, they always had something special — a gift that was uniquely theirs. Not perfect. Not magical. Just genuinely theirs. And they used it to make things better. Today we find yours.","In old stories about heroes and great people, they always had something special — a gift that was uniquely theirs. Not perfect. Not magical. Just genuinely theirs.",,,Purpose is where your skills and the world's needs overlap — the sweet spot of the Venn diagram. Today: name one small place that overlap already exists.,Purpose is where your skills and the world's needs overlap — the sweet spot of the Venn diagram. Today: name one small place that overlap already exists.,,,"DRAFT — rewrite from the video transcript once the video is chosen.

Every person has gifts — things they're naturally good at, things they love, and ways they can help others. When we use our gifts to help and contribute, that's called purpose. Today we start discovering what our gifts are and how we can share them.",What is something you love doing AND you're good at AND it helps other people? It might be something you haven't thought of as a gift before.,"Every person has gifts — things they're naturally good at, things they love, and ways they can help others. When we use our gifts to help and contribute, that's called purpose. Today we start discovering what our gifts are and how we can share them.",https://www.youtube.com/watch?v=9_1Rt1R4xbM,YouTube: 'Wonder' read-aloud clips or search 'purpose for kids animated gifts' for short accessible content on contribution and gifts. Runtime ~5–8 min. Book: 'The Jelly That Wouldn't Wiggle' by Alexandra Parry — about each person's unique contribution to something bigger.,,,,What are you doing when you forget about time?,"GIFT EXPLORER: Three prompts for each child to write or draw: 1. 'Something I love and I'm good at is...' 2. 'Something I do that seems to help or matter to others is...' 3. 'If I could change one thing about the world, I would...' Then: where do these overlap? That's the beginning of your purpose. Share: one gift they have that they want to use more.",Draw your 'YOU-shaped puzzle piece' — write your gifts inside it and draw how it connects to the people and world around you.,"Given what you noticed today, what is one thing you will do differently before next Sunday?",Use one of your gifts to help someone today. Notice how it feels.,Tell a grown-up about one of your gifts. Ask them what gift they think you have that you might not have noticed yet.,Bring back your puzzle piece drawing — and a story about using one of your gifts this week!,,,I have gifts that are uniquely mine. Using them to help others is my purpose.,"Keep purpose concrete and immediately actionable for this age — not about the future, but about what they can contribute today. Celebrate every 'gift' that is shared generously and specifically. The puzzle metaphor reinforces both uniqueness AND interdependence — both are important values to embed.",,,,,Maybe,Kobi Yamada,What are you doing when you forget about time?,,,,,,"What you have, meeting what the world needs — without needing to know the plan.",,"The Missing Piece — Each child is given one puzzle piece or one job (holder, counter, cheerer, fetcher). The task can only be completed if everyone does their bit. Then one job is removed and they try again. WHY IT FITS: What you're good at is needed by someone.",Large floor puzzle or a group task,"Under-5s get the cheering job, which is real and visible. Make sure someone notices them doing it.",
37,3,Rebuild,Rebuild,Child,"Money, Abundance and Your Relationship With Resources",What We Have and What We Share,What money is for,"What would you do with ten dollars, and why?",Resources,2 of 3,"20, 46",Standard,,,"In old stories, the happiest and wisest characters were never the ones who had the most things. They were the ones who valued what they had, shared generously, and knew the difference between what they needed and what they just wanted. Today we learn that wisdom.","In old stories, the happiest and wisest characters were never the ones who had the most things.",,,Your money 'scripts' are inherited apps running in the background of every purchase. Today: sort one thing into need / want / could-share and notice which script ran.,Your money 'scripts' are inherited apps running in the background of every purchase. Today: sort one thing into need / want / could-share and notice which script ran.,,,"DRAFT — rewrite from the video transcript once the video is chosen.

Money is something that grown-ups think about a lot — and most children hear messages about it without fully understanding them. Today we think about what we've been taught about money and resources, and what a healthy, kind relationship with what we have looks like.",What is something you have — that doesn't cost any money — that you're really grateful for? And what is something you own that you love sharing with others?,"Money is something that grown-ups think about a lot — and most children hear messages about it without fully understanding them. Today we think about what we've been taught about money and resources, and what a healthy, kind relationship with what we have looks like.",https://www.youtube.com/watch?v=rrkrvAUbU9Y,YouTube: Search 'generosity for kids animated' or 'gratitude and giving children YouTube' for short accessible content. Runtime ~5 min. Book: 'Those Shoes' by Maribeth Boelts — a beautiful story about needs vs. wants and the joy of generosity.,,,,"What would you do with ten dollars, and why?","NEED vs. WANT vs. SHARE: Facilitate a sorting activity with picture cards or drawn items: sort into NEED (food, shelter, warmth, healthcare), WANT (toys, treats, gadgets), and COULD SHARE (time, kindness, skills, some possessions). Discuss: 'Is it possible to share something that doesn't cost money? What can you share that isn't a thing?' Then: each child identifies one thing they're grateful for, and one non-money thing they can share this week. Share: their chosen gratitude and their generous act.",Draw or write about three things you have that money can't buy — and three things you can share with others.,"Given what you noticed today, what is one thing you will do differently before next Sunday?",Do one generous act this week — something you give that doesn't cost money.,Ask a grown-up: 'What's something you have that you're really grateful for that money can't buy?' Share your answer with them too.,Bring back: what generous act did you do this week? How did it feel?,,,I am grateful for what I have. And I am generous with what I can share.,"Be sensitive to varying financial circumstances among children — never compare or highlight differences. Focus on non-material forms of abundance (time, kindness, skills, imagination) which are genuinely available to all. The need/want/share activity is one of the most practically valuable financial literacy exercises for this age.",,,,,A Chair for My Mother,Vera B. Williams,What would you save up for?,,,,,,Saving coins in a jar for something the whole family needs.,,"Ten Buttons — Every child gets ten buttons. Around the hall are stations: things you need (water, food), things you want (toy, treat), and a giving jar. They spend their ten and then talk about it. WHY IT FITS: Money is choices, and some of them are for other people.","Buttons or counters, station cards, a jar","Under-5s get three buttons and two stations: something for me, something for someone else. Watch for choking hazards — use large counters.",
38,3,Rebuild,Rebuild,Child,The Community You Build,Being Part of Something Bigger,Being part of something together,What do you bring to a group?,Belonging,2 of 3,"31, 48",Standard,,,"In old stories, the strongest characters were always the ones who had good communities around them — people who cared, who helped, who showed up. And the strongest characters were also the ones who gave back — who contributed something that made their community better. Today we think about both.","In old stories, the strongest characters were always the ones who had good communities around them — people who cared, who helped, who showed up.",,,A community is a beehive — it works because everyone brings something back. Today: name the one thing you'll bring to a room you want to belong to.,A community is a beehive — it works because everyone brings something back. Today: name the one thing you'll bring to a room you want to belong to.,,,"DRAFT — rewrite from the video transcript once the video is chosen.

We all belong to communities — our family, our class, our sports team, our neighbourhood. A good community is one where people care for each other, help each other, and make each other feel like they belong. Today we think about the communities we're part of — and how to make them better.","What communities are you part of? Name as many as you can — family, class, sports team, neighbourhood, this group. What makes each one special?","We all belong to communities — our family, our class, our sports team, our neighbourhood. A good community is one where people care for each other, help each other, and make each other feel like they belong. Today we think about the communities we're part of — and how to make them better.",https://www.youtube.com/watch?v=YRaVl-VjF2g,YouTube: Search 'community and belonging for kids animated' or 'teamwork children YouTube' for accessible short content. Runtime ~5 min. Book: 'Last Stop on Market Street' by Matt de la Pena — a beautiful story about noticing and contributing to the community around you.,,,,What do you bring to a group?,COMMUNITY BUILDER: Each child identifies two or three communities they belong to. For each: 'What does this community give me?' and 'What do I give to this community?' Then: 'Is there someone in one of my communities who might feel left out or could use more belonging? What is one thing I could do to include them or make them feel more part of things?' Share: one community they love and one thing they contribute to it.,Draw your favourite community. Write or draw what everyone in it contributes — including yourself.,"Given what you noticed today, what is one thing you will do differently before next Sunday?","Do one thing today that makes one of your communities a tiny bit better — include someone, help someone, contribute something.",Tell a grown-up about one of your communities and what you love about belonging to it. Ask them about their favourite community.,Bring back: what did you do to make your community better this week? What happened?,,,I belong to communities that matter. And I make them better by contributing who I am.,"The beehive metaphor is wonderful for group dynamics — every child can see themselves as essential. The 'someone who might need more belonging' prompt is powerful and should be handled with sensitivity — make it about outward reaching, not inward inventory of who is and isn't included.",,,,,The Big Umbrella,Amy June Bates,What do you bring to a group?,,,,,,The umbrella always stretches. There is always room for one more.,,"The Hive — The room has to move a pile of beanbags from one end to the other, but each child may only use one specific action (roll, pass, carry, throw, catch). Nobody can do the whole job alone. WHY IT FITS: We each bring one thing, and together it works.","Beanbags, cones",Under-5s get the carrying job with a partner. Shorten the distance.,
39,3,Rebuild,Rebuild,Child,Integration — Who You Are Becoming,Look What We've Built!,Looking back at who you're becoming,What's different about you now?,Integration,3 of 4,"13, 26, 52",Integration,,,"In adventure stories, there always comes the moment when the hero has done the training, learned the skills, found their team — and it's time to go. Not because they're perfect. Because they're ready enough, and the world needs what they have. Today is that moment.","In adventure stories, there always comes the moment when the hero has done the training, learned the skills, found their team — and it's time to go.",,,"The building site is now a home you can live in — identity, values, habits, people. Today: name who you've become, and step through the door into living it.","The building site is now a home you can live in — identity, values, habits, people.",,,"DRAFT — rewrite from the video transcript once the video is chosen.

We've been building for 13 weeks! Today we celebrate everything we've grown and built — and get ready for the most exciting phase yet: going out into the world and USING everything we've built to make things better.","Let's go on a memory adventure through Phase 3! What are all the things we've built and grown in the last 13 weeks? (Identity, values compass, habit garden, superhero suit, growing friends, inner coach voice, daily rhythm, rest, creativity, purpose puzzle piece, community...)",We've been building for 13 weeks! Today we celebrate everything we've grown and built — and get ready for the most exciting phase yet: going out into the world and USING everything we've built to make things better.,https://www.youtube.com/watch?v=VWOgrMXBE4U,"YouTube: 'Oh, the Places You'll Go!' read-aloud by Dr Seuss — the perfect send-off from building to living. Runtime ~8 min. Also: search 'children growth celebration animated YouTube' for uplifting content.",,,,What's different about you now?,PHASE 3 CELEBRATION TOWER: Each child gets a series of 'brick' cards (one per Phase 3 theme). They write one thing they built in each brick. Stack the bricks into a tower. Display all the towers together — the visual of everything built. Then: add one 'door' brick at the top of each tower: 'Phase 4 — what I'm bringing into the world.' Share: their most important brick and what's written on their door.,"Draw your building tower from Phase 3 — full, colourful, yours. What's written on the door at the top?","Given what you noticed today, what is one thing you will do differently before next Sunday?",Celebrate one thing you built in Phase 3 today — use one of your Phase 3 tools in the real world.,Show a grown-up your tower. Tell them everything that's in it. Let them be genuinely amazed.,Come to the first Phase 4 session ready to tell us: what are you going to DO with everything you've built?,,,I built something real and strong. Now I get to take it into the world. Phase 4 — here I come!,"Make this session genuinely spectacular — this is the three-phase arc completing and Phase 4 beginning. Balloons, music, a visual display of all three phases' work together. Children should leave feeling genuinely proud, genuinely capable, and genuinely excited. The tower display is a beautiful artefact — photograph it and share with families.",,,,,Ish,Peter H. Reynolds,What's different about you now?,,,,,,"Not finished, not perfect — becoming. Ramon draws vase-ish and it's better.",,Then and Now — Children re-run one game from earlier in the year — week 3's freeze game works well — and notice what's different about how they play it now. WHY IT FITS: You are not the same as you were.,Whatever the chosen game needs,Under-5s repeat week 3's stop-and-go. Ask them if it feels easier.,
40,4,Live It,Live It,Child,From Self-Development to Service,Sharing the Treasure,Using what you've learned to help someone,Who could you help this week?,Purpose,2 of 3,"36, 49",Movement opener,,,"In old stories, the hero's journey always ended the same way — not with the hero keeping all the treasure for themselves, but with them returning home and sharing it. The return and the sharing is the most important part. Today we begin our return.","In old stories, the hero's journey always ended the same way — not with the hero keeping all the treasure for themselves, but with them returning home and…",,,You don't hoard the wifi password once you're connected — you share it; inner work is the same. Today: give one thing you've healed enough to offer someone else.,You don't hoard the wifi password once you're connected — you share it; inner work is the same.,,,"DRAFT — rewrite from the video transcript once the video is chosen.

We've spent all year learning about ourselves — our feelings, our habits, our strengths, and our values. Now comes the most exciting part: using everything we've learned to make things better for the people around us! Today we think about how to share our superpowers with the world.",What is the most important thing you've learned about yourself this year? And who is one person in your life who could use that learning — who is going through something you've already learned about?,"We've spent all year learning about ourselves — our feelings, our habits, our strengths, and our values. Now comes the most exciting part: using everything we've learned to make things better for the people around us! Today we think about how to share our superpowers with the world.",https://www.youtube.com/watch?v=rrkrvAUbU9Y,YouTube: Search 'kindness for kids animated service' or read-aloud of 'Each Kindness' by Jacqueline Woodson — about the treasure of kindness and what it does when you share it. Runtime ~8 min.,,,,Who could you help this week?,"TREASURE MAP: Each child gets a treasure map template. They mark three 'treasures' they've gathered this year — the most important things they've learned or built. Then they draw a path from the treasure to someone who could benefit from it. For each treasure: who would benefit? What specifically would you give them — a kindness, a conversation, a skill, an example? Share: their most important treasure and who they want to give it to.",Draw yourself giving one of your treasures to someone who needs it. What are you giving? What happens when they receive it?,"Given what you noticed today, what is one thing you will do differently before next Sunday?",Do one act of genuine service today — give one of your treasures to someone who needs it.,Tell a grown-up about one treasure you want to share and who you want to give it to. Ask them to help you do it.,Bring back: what treasure did you share this week? What happened?,,,I have treasures to share. Giving them to others is one of the best things I can do.,This session should feel genuinely joyful — the year's arc completing in outward giving. The treasure map activity is beautiful and can be displayed. Keep the service concrete and age-appropriate. Celebrate every act of giving that is shared back.,,,,,Have You Filled a Bucket Today?,Carol McCloud,Who could you help this week?,,,,,,What you've grown is for other people. Filling someone's bucket fills yours.,,"Helping Hands Relay — A course that cannot be completed alone — one child is 'stuck' at each station and must be helped past by the next runner. The runner who helps most is the point, not the fastest. WHY IT FITS: What you've learned is for other people too.","Cones, hoops","Under-5s are the ones helped, paired with an older buddy. Then swap so they get to help too.",
41,4,Live It,Live It,Child,Teaching What You've Learned,Becoming a Teacher,Teaching someone what you know,What could you teach someone younger than you?,Creativity and expression,2 of 3,"35, 42",Standard,,,"In old stories, wisdom was always passed on — from elder to young, from those who'd learned to those just beginning. Today we practise that. You have wisdom to pass on. More than you know.","In old stories, wisdom was always passed on — from elder to young, from those who'd learned to those just beginning. Today we practise that.",,,Explaining something to a ten-year-old is how you find out you actually understand it. Today: put one lesson into one plain sentence and pass it on.,Explaining something to a ten-year-old is how you find out you actually understand it. Today: put one lesson into one plain sentence and pass it on.,,,"DRAFT — rewrite from the video transcript once the video is chosen.

One of the best ways to really know something is to teach it to someone else. Today we practise sharing the things we've learned this year — with our families, our friends, and our community. When we teach, we learn even more deeply!",What is one thing you've learned this year that you could teach to a younger child — or to a grown-up who had never heard of it? What would you say?,"One of the best ways to really know something is to teach it to someone else. Today we practise sharing the things we've learned this year — with our families, our friends, and our community. When we teach, we learn even more deeply!",https://www.youtube.com/watch?v=0ZcfX2862XE,YouTube: Search 'kids teaching each other learning animated' or 'peer learning children YouTube' for accessible short content. Runtime ~5 min. Book: 'The One and Only Ivan' — about passing on what you know to those who come after.,,,,What could you teach someone younger than you?,MINI TEACHER: Each child prepares a 2-minute 'lesson' to share with the group. They choose one thing they've learned this year — any concept from any session — and explain it in their own words with an example. Facilitator gives 5 minutes to prepare. Then each child shares their lesson. Group responses: 'What I understood from that was...' and 'One question I have is...' Celebrate every share generously.,Write or draw your 'lesson' from today in a simple way that someone younger could understand. Give it a title!,"Given what you noticed today, what is one thing you will do differently before next Sunday?","Teach one thing from this year to someone at home today — a parent, sibling, or anyone who'll listen. Notice how it feels.",Ask a grown-up: 'Can I teach you something I learned this year?' Then teach them. Watch their face.,Bring back: who did you teach? What happened? Did you learn anything new by teaching it?,,,"I have things worth teaching. When I share what I know, I learn it even more deeply.","The mini-teacher activity is one of the most joyful sessions of Phase 4 — children are genuinely proud of their knowledge. Give ample preparation time and make the sharing feel like a celebration, not a performance. Video the sessions with parental consent — children love watching themselves teach.",,,,,"Mango, Abuela, and Me",Meg Medina,What could you teach someone younger than you?,,,,,,"Two people teaching each other, both learning.",,"Teach Me That — Every child teaches one thing they can do — a clap pattern, a stretch, a knot, a joke — to two other people. Then those two teach it on. Count how far one skill travels around the hall. WHY IT FITS: You know it better once you've taught it.",None,Under-5s teach a clap or a silly face. Adults learn it from them with obvious enthusiasm.,
42,4,Live It,Live It,Child,The Courage to Be Seen,"The Real You, All the Way",Letting people see the real you,What's something true about you that you keep hidden?,Masks and being seen,3 of 3,"10, 22",Standard,,,"The bravest thing in old stories was never fighting a dragon. It was being honest — truly honest — about who you are, even when that felt scary. Because the truest connections happen when people see the real you and choose to be close to you anyway.","The bravest thing in old stories was never fighting a dragon. It was being honest — truly honest — about who you are, even when that felt scary.",,,Turning your camera on in the meeting is scary for two seconds and connecting for the rest. Today: show up 'camera-on' in one place you usually hide.,Turning your camera on in the meeting is scary for two seconds and connecting for the rest. Today: show up 'camera-on' in one place you usually hide.,,,"DRAFT — rewrite from the video transcript once the video is chosen.

Being seen means letting people know who you really are — not just the brave face or the happy face, but the real you, with all your feelings and ideas and wonderfulness. Today we practise the courage of being genuinely, fully ourselves in front of the people we care about.","Think of a time when you showed up completely as yourself — no pretending, no performing — and something really good happened because of it. What was that like?","Being seen means letting people know who you really are — not just the brave face or the happy face, but the real you, with all your feelings and ideas and wonderfulness. Today we practise the courage of being genuinely, fully ourselves in front of the people we care about.",https://www.youtube.com/watch?v=YRaVl-VjF2g,YouTube: Search 'being yourself courage kids animated' or 'The Name Jar read aloud YouTube' — about the courage to claim and show your real self. Runtime ~8 min.,,,,What's something true about you that you keep hidden?,"THE REAL ME GALLERY: Each child creates a small 'gallery card' about themselves — their real self. Sections: My real name and one thing about it, One thing I love that people might not know, One thing I find hard that I'm working on, One thing I'm really proud of about myself, One way I want people to know me. Cards are displayed in a 'Real Me Gallery' around the room. Gallery walk — everyone reads each other's cards. Share: one thing from someone else's card that surprised or delighted you.",Make a small card showing the real you — something genuine that you're ready to share with someone new.,"Given what you noticed today, what is one thing you will do differently before next Sunday?",Show your real self in one interaction today — let someone see something genuine about you that you usually keep to yourself.,Give your 'Real Me' gallery card to a grown-up who loves you. Tell them you made it in your programme today.,Bring back: what happened when you showed your real self to someone this week?,,,The real me is wonderful. And the world gets better when I show up as exactly who I am.,"Reference the mask craft from Phase 1 explicitly — this is a beautiful callback that shows the full arc of the year. The gallery walk is one of the most moving activities of the year — protect the time for it. Keep the emotional tone warm and celebratory, not earnest or heavy.",,,YES,,Say Something!,Peter H. Reynolds,What's true about you that you keep hidden?,,,,,,Being seen and heard — in whatever way is yours.,,"Spotlight, One Step — A torch spotlight on the floor. Children step into it for as long as they want — one second is fine — and the room gives a warm cheer. Nobody has to speak. Nobody may be pushed in. WHY IT FITS: Being seen is nicer than it is scary.",Torch or lamp,Under-5s go in pairs holding hands. Cheer even harder. Never coax a child who says no.,
43,4,Live It,Live It,Child,Living Your Values Under Pressure,Compass in the Storm,Doing the right thing when it's hard,When is it hardest to do the right thing?,Emotions as data,3 of 3,"8, 24",Standard,,,"In old stories, the characters who were truly brave were never the ones who did the right thing only when it was easy. They were the ones who did the right thing even when it was hard. That's real courage. Today we practise it.","In old stories, the characters who were truly brave were never the ones who did the right thing only when it was easy.",,,"Your values are only real in the storm, not the sunshine — like a compass that has to work when the sky goes dark. Today: name one value you'll hold even when it costs you.","Your values are only real in the storm, not the sunshine — like a compass that has to work when the sky goes dark.",,,"DRAFT — rewrite from the video transcript once the video is chosen.

Sometimes it's hard to do the right thing — especially when other people want us to do something different. Today we practise staying true to our values compass even when it's challenging. Because that's when our compass matters most.","Can you think of a time when it was hard to do what you knew was right? Maybe your friends wanted you to do something that didn't feel right, or you had to be honest when it was easier to stay quiet. What happened?",Sometimes it's hard to do the right thing — especially when other people want us to do something different. Today we practise staying true to our values compass even when it's challenging. Because that's when our compass matters most.,https://www.youtube.com/watch?v=IRVxOCKxDyI,YouTube: Search 'standing up for what's right kids animated' or 'moral courage children stories YouTube' for accessible content. Runtime ~5–8 min. Book: 'Each Kindness' by Jacqueline Woodson — about the moment when you have the chance to do the right thing and what happens when you do and when you don't.,,,,When is it hardest to do the right thing?,STORM PRACTICE: Present 3–4 age-appropriate scenarios where a value is under pressure (e.g. 'Your friends are laughing at another child. Your kindness compass says something different. What do you do?' / 'You broke something by accident. Your honesty compass is pointing at telling the truth. But you're scared. What do you do?'). For each scenario: What does your compass say? What makes it hard to follow it? What could you say or do? Role-play one scenario with a partner. Share: what was hardest about following the compass in the role-play?,Draw a scene where you follow your compass in a stormy moment — what are you doing? What does your face look like?,"Given what you noticed today, what is one thing you will do differently before next Sunday?","Today, notice once when your values compass gives you a direction that might be uncomfortable. Try to follow it — even a little bit.",Tell a grown-up about one time you followed your values compass even when it was hard. What happened?,Bring back: did you follow your compass this week when it was hard? What happened?,,,My values compass works in storms too. Especially in storms.,"Role-play is essential for this session — children need to practise the uncomfortable scenario, not just discuss it. Keep the scenarios age-appropriate and non-threatening. Celebrate every imperfect attempt as much as the successful ones — the practice matters more than the outcome at this stage.",,,,,One,Kathryn Otoshi,When is it hardest to do the right thing?,,,,,,"Standing up when it costs something, and how one voice changes a room.",,"The Hard Right — A simple relay with a shortcut clearly available. Nobody is watching that lane. Afterwards, hands up honestly — who took it? No consequences, just the conversation. WHY IT FITS: Doing the right thing when nobody would know.","Cones, floor tape",Under-5s run the course with an adult. Skip the shortcut and the discussion; just run and cheer.,
44,4,Live It,Live It,Child,Conflict as a Growth Practice,The Gentle Untangle,Sorting out a fight instead of walking away,What argument do you need to sort out?,Seeing others,2 of 3,"11, 48",Standard,,,"In old stories, the wisest characters were always the ones who could find a way through a conflict without destroying what mattered. Not by giving up what they needed — but by finding out what the other person needed too. Today we practise that wisdom.","In old stories, the wisest characters were always the ones who could find a way through a conflict without destroying what mattered.",,,'You always…' starts a fight; 'I feel… I need…' starts a conversation. Today: rewrite one hard message in the second language.,'You always…' starts a fight; 'I feel… I need…' starts a conversation. Today: rewrite one hard message in the second language.,,,"DRAFT — rewrite from the video transcript once the video is chosen.

Sometimes we disagree with people — friends, family, classmates. That's completely normal! Today we learn that disagreements don't have to break friendships. We can learn how to talk about what we need and listen to what others need — and often find a way that works for everyone.",Can you think of a time when you had a disagreement with someone and you worked it out — and the friendship or relationship was actually okay or even stronger afterwards? What made that possible?,"Sometimes we disagree with people — friends, family, classmates. That's completely normal! Today we learn that disagreements don't have to break friendships. We can learn how to talk about what we need and listen to what others need — and often find a way that works for everyone.",https://www.youtube.com/watch?v=9_1Rt1R4xbM,"YouTube: Search 'conflict resolution for kids animated' or 'problem solving disagreements children YouTube' for accessible short content. Runtime ~5 min. Book: 'Enemy Pie' by Derek Munson — a classic story about conflict, assumptions, and unexpected friendship.",,,,What argument do you need to sort out?,"THE THREE STEPS PRACTICE: Teach the three steps with a physical poster: FEEL (I feel...), NEED (What I need is...), LISTEN (Can I hear what you feel and need?). Then role-play a gentle conflict scenario in pairs: e.g. 'Two friends both want to play different games. How do they work it out using the three steps?' Practice 2–3 scenarios. Debrief: what made it easier to sort out? What made it harder? Share: one thing they noticed about themselves during the role-play.",Draw the three steps as a comic strip — two characters having a disagreement and working through it with the three steps.,"Given what you noticed today, what is one thing you will do differently before next Sunday?",Try the three steps in a real disagreement this week — even a small one. Notice what happens.,Teach the three steps to a grown-up. Role-play it with them. Ask them if they've ever used something like this.,Bring back: did you use the three steps this week? What happened?,,,I can work through disagreements kindly. I share my feelings and needs — and I listen to others' too.,"Physical role-play is essential for this age. The three steps need to be practised in the room, not just taught. Have the poster displayed throughout the rest of the year. Coordinate with parents to use the same framework at home — family conflicts are the richest practice ground.",,,,,The Sandwich Swap,Queen Rania Al Abdullah & Kelly DiPucchio,What argument do you need to sort out?,,,,,,"Two best friends fall out over lunch, and staying in it makes them closer.",,"Knot Untie — A group holds hands in a tangle and has to untangle without letting go. Requires talking, patience and not walking off. Facilitator names the moment someone nearly gives up. WHY IT FITS: Staying in the tangle is how it gets sorted.",None,"Under-5s do a three-person tangle with an adult. Fifteen seconds, then untangle and cheer. Hand-holding only with peers or a rostered adult.",
45,4,Live It,Live It,Child,Generosity as a Way of Being,Gifts That Grow,Giving in a way that feels good,What can you give that doesn't cost anything?,Forgiveness,3 of 3,"16, 17",Standard,,,"In old stories, the most beloved characters were never the ones with the most treasures. They were the ones who shared freely — their time, their kindness, their help. Because those gifts grow when you give them away.","In old stories, the most beloved characters were never the ones with the most treasures.",,,"Some gifts — encouragement, time, attention — cost nothing and still glow in your own hands after you give them. Today: give one non-money gift by Sunday.","Some gifts — encouragement, time, attention — cost nothing and still glow in your own hands after you give them. Today: give one non-money gift by Sunday.",,,"DRAFT — rewrite from the video transcript once the video is chosen.

Generosity means giving something to others — and it doesn't have to be something you buy! Time, kindness, attention, encouragement, help — these are some of the most powerful gifts there are. And here's the amazing thing: the more you give these things, the happier YOU feel too!","What is one gift you have that doesn't cost any money — a skill, a quality, a way of making people feel good — that you could give more of? Think about it honestly.","Generosity means giving something to others — and it doesn't have to be something you buy! Time, kindness, attention, encouragement, help — these are some of the most powerful gifts there are. And here's the amazing thing: the more you give these things, the happier YOU feel too!",https://www.youtube.com/watch?v=rrkrvAUbU9Y,YouTube: Search 'generosity for kids animated YouTube' or 'Have You Filled a Bucket Today read aloud' — the bucket-filling concept is perfect for this session. Runtime ~8 min.,,,,What can you give that doesn't cost anything?,"GIFTS THAT GROW: Create a class 'gift economy.' Each child identifies three non-money gifts they have: a skill, a quality, a kind of help. Write them on gift card templates. Then: a 'gift exchange' — children can offer their gifts to anyone in the group. 'I offer you my patience when you're frustrated' / 'I offer you my help with maths' / 'I offer you my honest encouragement.' No obligation to accept — just offer. Debrief: what did it feel like to offer? What did it feel like to receive? Share: one gift they offered and one they received.",Write or draw your three non-money gifts. Decorate them like real gift cards!,"Given what you noticed today, what is one thing you will do differently before next Sunday?","Give one of your non-money gifts today — genuinely, freely, without expecting anything back.",Tell a grown-up about your three non-money gifts. Ask them what their non-money gifts are. Compare notes!,Bring back: what non-money gift did you give this week? What happened?,,,My gifts grow when I give them away. I am generous with what I have.,"The gift economy activity is genuinely moving and can be one of the highlights of Phase 4. Make the gift cards beautiful and keep them as mementos. The distinction between bought gifts and character gifts is important to make clearly and warmly — both matter, but character gifts are inexhaustible.",,,,,Last Stop on Market Street,Matt de la Peña,What can you give that doesn't cost anything?,,,,,,CJ's nana gives without it costing her — and shows him how to see.,,"Give-Away Relay — Each child starts with five beanbags and must finish with none — but they can only give them away, never drop them. Some children end up with piles. Then everyone gives again. WHY IT FITS: Giving is more fun than holding.",Beanbags,Under-5s give one beanbag to someone and get a thank you. That's the whole game.,
46,4,Live It,Live It,Child,Enough — Living From Sufficiency,Noticing the Garden,Noticing what's already good,What's already good that you'd stopped noticing?,Enough,3 of 3,"6, 20",Standard,,,"There's an old story about a child who spent so long looking at the horizon for something they were waiting for, they missed the beautiful garden they were standing in. Today we notice our garden.","There's an old story about a child who spent so long looking at the horizon for something they were waiting for, they missed the beautiful garden they were…",,,The 'add to cart' feeling is a treadmill — one more thing never becomes enough. Today: name three things you already have that are genuinely enough.,The 'add to cart' feeling is a treadmill — one more thing never becomes enough. Today: name three things you already have that are genuinely enough.,,,"DRAFT — rewrite from the video transcript once the video is chosen.

Today we practise something really important: being happy with what we have, right now — not because we stop wanting to grow and get better, but because we stop being so focused on what we don't have that we miss all the wonderful things that ARE here.",What is something wonderful in your life right now that you sometimes forget to notice because you're thinking about something you want or something that's worrying you?,"Today we practise something really important: being happy with what we have, right now — not because we stop wanting to grow and get better, but because we stop being so focused on what we don't have that we miss all the wonderful things that ARE here.",https://www.youtube.com/watch?v=rrkrvAUbU9Y,"YouTube: Search 'gratitude for kids animated YouTube' or 'counting your blessings children story' for accessible content. Runtime ~5 min. Book: 'The Grateful Ninja' by Mary Nhin — a fun, accessible exploration of gratitude practice for children.",,,,What's already good that you'd stopped noticing?,"THE ENOUGH GARDEN: Each child gets a garden template. In the garden, they draw or write things they already have that are genuinely good: relationships, abilities, experiences, qualities, everyday things they love. Facilitator primes with: 'Think about the people who love you, things you can do, things you enjoy, places that feel good, qualities you have.' Take 5 minutes to fill the garden as full as possible. Share: the most surprising thing they put in their garden — something they'd forgotten to notice.",Draw your enough garden at home — add things you noticed there that aren't in the one you drew today.,"Given what you noticed today, what is one thing you will do differently before next Sunday?","Today, tell three people one thing you're grateful for about them — something specific and genuine.",Show a grown-up your enough garden. Tell them what surprised you most about how much was already there.,Bring back your home garden drawing — what new things did you notice to add?,,,I have a beautiful garden. I notice it. I am grateful for it. And it keeps growing.,The garden metaphor is wonderfully concrete for this age. Give generous time for the garden-filling exercise — children often discover far more than they expected to put in it. The sharing of 'the most surprising thing' often produces genuinely moving moments. Send the garden home as a regular practice template.,,,,,Those Shoes,Maribeth Boelts,What's already good that you'd stopped noticing?,,,,,,"Jeremy wants the shoes badly, and works out what he already has.",,Full Cup — Each child fills a cup with water to where 'enough' feels right. Then they try to carry it across the hall. The over-fillers spill. Then they try again with less. WHY IT FITS: Enough is easier to carry than more.,"Cups, water, towels, mats","Under-5s use rice or beads instead of water. Same lesson, no mopping.",
47,4,Live It,Live It,Child,The Long Game — Patience and Persistence,Keep Watering the Plant,Keeping going when nothing looks different yet,What are you practising that's still hard?,Habits and structure,4 of 4,"12, 29, 33",Standard,,,"In old stories, the heroes who achieved the most extraordinary things were never the ones who gave up when it was hard. They were the ones who kept going — day after day — even when they couldn't see the progress. Today we celebrate that kind of perseverance.","In old stories, the heroes who achieved the most extraordinary things were never the ones who gave up when it was hard.",,,"A seed spends weeks looking like nothing while it grows roots — don't dig it up to check. Today: recommit to one slow, unglamorous thing that's still growing underground.",A seed spends weeks looking like nothing while it grows roots — don't dig it up to check.,,,"DRAFT — rewrite from the video transcript once the video is chosen.

Some of the most important things take a long time to grow — like trees, like friendships, like becoming really good at something. Today we learn about patience, persistence, and why showing up every day — even when things are hard — is one of the most powerful things you can do.",What is something you've gotten genuinely good at through practice — something that was hard at first but got easier because you kept trying? How does it feel now when you do it?,"Some of the most important things take a long time to grow — like trees, like friendships, like becoming really good at something. Today we learn about patience, persistence, and why showing up every day — even when things are hard — is one of the most powerful things you can do.",https://www.youtube.com/watch?v=hpnI3MCTJSA,YouTube: Search 'persistence and patience kids animated' or 'The Little Engine That Could read aloud YouTube' — the classic perseverance story. Runtime ~5–8 min. Book: 'Beautiful Oops' or 'Rosie Revere Engineer' by Andrea Beaty — about the habit of persisting through failure.,,,,What are you practising that's still hard?,"THE LONG GAME GARDEN: Each child draws a garden with plants at different stages — seed underground, seedling just emerging, growing plant, fully bloomed flower. In each stage, they draw or write something in their life that matches: something they're just beginning (seed), something starting to show (seedling), something growing (plant), something fully developed (flower). Discuss: how does it feel when something is still underground and you can't see it? What helps you keep watering it? Share: their seed — something they're just beginning that they're committed to keep watering.","Draw your long game plant — draw where it is now, and draw where you hope it will be in two years!","Given what you noticed today, what is one thing you will do differently before next Sunday?","Today, show up for one long-game practice — even if it's just a tiny bit, even if you can't see progress. Water the plant.",Tell a grown-up about your long-game plant — what it is and how you're going to keep watering it.,Bring back: did you water your long-game plant this week? What did it feel like?,,,"I keep showing up. I keep watering. The plant is growing, even when I can't see it yet.",The underground growth metaphor is perfect for children who are experiencing discouragement about habits that haven't yet produced visible results. The garden stages activity gives a beautiful visual of where different things are in their growth cycle. Have children take home their long game drawings as commitments.,,,,,The Curious Garden,Peter Brown,What are you practising that's still hard?,First to the Top: Sir Edmund Hillary's Amazing Everest Adventure,"David Hill, ill. Phoebe Morris",Years of unseen preparation before the summit.,Confirmed,,Liam tends something that takes years to show. Roots before shoots.,,"Sprouting Seeds — Beans planted in cotton wool at week 47, checked every week to week 52. The game is a relay to plant and water them. Nothing visible happens for days. WHY IT FITS: Roots come before the shoot.","Beans, cotton wool, cups, water","Under-5s do the planting and the watering, which is the good part. Give them their own labelled cup.",
48,4,Live It,Live It,Child,Leaving People Better Than You Found Them,Being a Sunshine Person,Leaving people happier than you found them,"Who made you feel good this week, and how?",Seeing others,3 of 3,"11, 44",Standard,,,"In old stories, the most beloved characters were never the ones who did the most dramatic things. They were the ones who made every person they met feel seen, valued, and cared for. Today we practise that.","In old stories, the most beloved characters were never the ones who did the most dramatic things.",,,"You leave a 'tip' in every interaction — a little brighter or a little dimmer. Today: leave one person brighter, on purpose.","You leave a 'tip' in every interaction — a little brighter or a little dimmer. Today: leave one person brighter, on purpose.",,,"DRAFT — rewrite from the video transcript once the video is chosen.

One of the most wonderful things you can do is make people feel better just by being with them. Not by saying the perfect thing or doing something big — just by being kind, paying attention, and making people feel like they matter. Today we practise being that kind of person.",Who is someone in your life who makes you feel really good just by being around them — like sunshine? What do they do that makes you feel that way?,"One of the most wonderful things you can do is make people feel better just by being with them. Not by saying the perfect thing or doing something big — just by being kind, paying attention, and making people feel like they matter. Today we practise being that kind of person.",https://www.youtube.com/watch?v=9_1Rt1R4xbM,YouTube: Search 'kindness ripple effect kids animated' or 'Ordinary Mary's Extraordinary Deed read aloud YouTube' — a beautiful story about one act of kindness that ripples outward. Runtime ~8 min.,,,,"Who made you feel good this week, and how?","THE SUNSHINE PRACTICE: Teach three specific sunshine acts: 1. NOTICE something genuine about a person and tell them (not a compliment about looks — something real: 'I noticed how brave you were in class today'). 2. REMEMBER something someone told you and ask about it ('How did that thing with your dog go?'). 3. SHOW UP when someone needs company — just being there, present, not fixing anything. Practise each in pairs in the room. Then: design your personal sunshine practice for this week. Share: which sunshine act feels most natural for them and why.",Draw a sunshine person — you! — with rays of light going out to all the people you could make feel better this week.,"Given what you noticed today, what is one thing you will do differently before next Sunday?","Today, try at least one sunshine act for someone — notice something real and genuine about them and tell them.",Tell a grown-up about the sunshine person idea. Ask them who the 'sunshine people' in their life are.,Bring back: what sunshine acts did you do this week? What happened?,,,I am a sunshine person. I leave people brighter just from being around me.,"The sunshine metaphor is wonderful and joyful for this age. The three specific sunshine acts give children practical, concrete behaviours rather than vague kindness prompts. Practise in the room before sending them out to do it. The sunshine drawing can be displayed and taken home.",,,,,Each Kindness,Jacqueline Woodson,"Who made you feel good this week, and how?",,,,,,"Chloe doesn't take the chance, and it stays with her. Small moments ripple.",,"Ripple Tag — A calm tag where being tagged means receiving a compliment, not being out. The tagged child then goes and compliments two others. Watch how fast the whole hall is tagged. WHY IT FITS: Small good moments spread further than you think.",None,Under-5s are tagged first so they get to do the spreading. Keep the compliments simple: 'you're fun'.,
49,4,Live It,Live It,Child,Your Legacy — What You're Building Beyond Yourself,Your Ripples,The good you leave behind you,What do you want people to remember about you?,Stories and identity,5 of 5,"2, 5, 25, 27",Standard,,,"In old stories, the characters who were remembered most fondly were never the ones who were most powerful or most famous. They were the ones who made others feel most loved, most seen, most capable. Today we think about that kind of mark.","In old stories, the characters who were remembered most fondly were never the ones who were most powerful or most famous.",,,Drop a stone in a pond and the ripples reach edges you'll never see. Today: name one mark you want rippling out from how you live.,Drop a stone in a pond and the ripples reach edges you'll never see. Today: name one mark you want rippling out from how you live.,,,"DRAFT — rewrite from the video transcript once the video is chosen.

Even at your age, you are leaving something in the world — in how you treat your friends, how you show kindness, what you teach younger children, the ripples of what you do every day. Today we think about the mark you want to leave on the world around you.",Think about someone who has made a difference in your life — someone whose kindness or care has stayed with you. What did they do? How does it still affect you now?,"Even at your age, you are leaving something in the world — in how you treat your friends, how you show kindness, what you teach younger children, the ripples of what you do every day. Today we think about the mark you want to leave on the world around you.",https://www.youtube.com/watch?v=7H2pBdLnmGs,YouTube: Search 'kindness ripple effect kids animated' or 'Ordinary Mary's Extraordinary Deed read aloud YouTube' — perfect for the ripple concept. Runtime ~8 min.,,,,What do you want people to remember about you?,"THE RIPPLE MAP: Each child gets a pond template with concentric circles — like ripples. In the centre: them. In the first ripple: the immediate people they affect (family, close friends). In the second ripple: wider community (classmates, neighbours, teachers). In the outer ripple: the world beyond. In each circle, they write or draw one way they want to leave a positive mark. Share: their most important ripple and how they want to create it.",Draw your pond and your ripples — all the ways you're making a positive mark on the world around you.,"Given what you noticed today, what is one thing you will do differently before next Sunday?","Today, make one deliberate positive ripple — one kind, honest, caring act. Notice how far it goes.",Tell a grown-up about your ripple map. Ask them about the ripples they're trying to create.,Bring back: what ripple did you make this week? Did you see it go further than you expected?,,,"My actions create ripples. I choose kind, honest, caring ripples — and they go further than I know.","The ripple metaphor is visually beautiful and completely age-appropriate. The ripple map activity can become a physical piece of art — display the class collection. The concept that legacy is present-tense and available to everyone, regardless of age, is genuinely empowering for children.",,,,,Miss Rumphius,Barbara Cooney,What do you want people to remember about you?,Hero of the Sea: Sir Peter Blake's Mighty Ocean Quests,"David Hill, ill. Phoebe Morris",A life whose effect carried on past it.,Confirmed,,Make the world more beautiful. The lupins outlast her.,,"Sand Handprints — Each child presses a handprint into a shared tray of sand or dough, then adds one word for what they want to leave behind. The tray goes on the wall. WHY IT FITS: You leave a mark on people.","Air-dry clay or a sand tray, board",Under-5s do the handprint and say their word out loud for an adult to write. Supervise dough closely.,
50,4,Live It,Live It,Child,"Gratitude as a Practice, Not a Feeling",Training the Gratitude Camera,Noticing good things on purpose,What three good things happened today?,Signal and attention,3 of 4,"1, 34, 51",Standard,,,"In old traditions, wise people always had a practice of thankfulness — every morning, every evening — not because life was always wonderful, but because noticing the good things kept their hearts open and their spirits strong. Today we build that practice.","In old traditions, wise people always had a practice of thankfulness — every morning, every evening — not because life was always wonderful, but because noticing the good…",,,"Gratitude is a camera — the more you practise pointing it, the more good it finds in frame. Today: capture three specific good moments in words, not generic ones.","Gratitude is a camera — the more you practise pointing it, the more good it finds in frame.",,,"DRAFT — rewrite from the video transcript once the video is chosen.

Gratitude means really noticing and appreciating the good things in your life. Not just saying 'thank you' — actually stopping and feeling genuinely thankful. Today we learn a special gratitude superpower: when you practise noticing good things, you actually start to notice MORE good things — and that makes life feel much richer.","What is something that happened today — even something small — that you're genuinely happy about? Not a big thing. A small, real thing. Let yourself actually feel happy about it for a moment.","Gratitude means really noticing and appreciating the good things in your life. Not just saying 'thank you' — actually stopping and feeling genuinely thankful. Today we learn a special gratitude superpower: when you practise noticing good things, you actually start to notice MORE good things — and that makes life feel much richer.",https://www.youtube.com/watch?v=WPPPFqsECz0,YouTube: Search 'gratitude practice for kids animated' or 'thankfulness children story YouTube' for accessible content. Runtime ~5 min. Book: 'Grateful' by Debbie Wagenbach — a beautiful children's book about the practice of noticing what is already present and good.,,,,What three good things happened today?,THE GRATITUDE CAMERA: Each child gets a paper 'camera' template. They take three 'photos' today — drawing or writing three specific things they're genuinely grateful for. Each photo must be specific enough that it couldn't have been taken yesterday. After completing: share one photo with the group. Then discuss: what's the difference between a specific gratitude and a general one? Why does specific feel better?,"Make a gratitude journal for the rest of the year — every day, three specific things you're genuinely glad about. Decorate it to make it beautiful!","Given what you noticed today, what is one thing you will do differently before next Sunday?","Take three gratitude photos today — specific, genuine, real. Share one with someone.",Teach a grown-up the three-specific-things gratitude practice. Do it with them before bed tonight.,Bring back your gratitude journal! What have you noticed building up over the week?,,,"I notice and appreciate the good things in my life. The more I practise, the more I find.",Make the gratitude journal beautiful — have children decorate it in the session as a take-home keepsake for the rest of the year. The camera metaphor is perfect for this age. The specificity principle should be practised in the room with clear examples. This is one of the most joyful sessions of Phase 4.,,,,,Thankful,Eileen Spinelli,What three good things happened today?,,,,,,"Noticing specific, ordinary good things on purpose.",,"Ten Good Things Scavenger Hunt — Teams find ten specific good things in the hall or in each other — someone's laugh, a good pass, a kind word, a warm coat. Not objects. Noticings. WHY IT FITS: The more you look, the more you find.","Checklist cards, pencils","Under-5s find three things with a buddy, using pictures rather than words on the card.",
51,4,Live It,Live It,Child,The Ongoing Practice — There Is No Arrival,The Adventure Continues,You never finish growing,What will you keep practising?,Signal and attention,4 of 4,"1, 34, 50",Standard,,,"In old stories, the hero's journey doesn't end when they return home. It becomes the rest of their life — richer, deeper, more alive because of everything they've been through. Today we begin the rest of our story.","In old stories, the hero's journey doesn't end when they return home.",,,"There's no 'finish line' notification for growth — the walk is the point. Today: name the one practice you'll keep for life, arrival or not.","There's no 'finish line' notification for growth — the walk is the point. Today: name the one practice you'll keep for life, arrival or not.",,,"DRAFT — rewrite from the video transcript once the video is chosen.

Growing up is not something you finish. Every day there are new things to discover, new ways to be kind and brave and curious, new things to learn about yourself and the world. Today we celebrate the fact that the adventure doesn't end — it just keeps getting richer.",What is one thing you want to keep practising from this year — something that has become genuinely yours? Something that feels like part of who you are now?,"Growing up is not something you finish. Every day there are new things to discover, new ways to be kind and brave and curious, new things to learn about yourself and the world. Today we celebrate the fact that the adventure doesn't end — it just keeps getting richer.",https://www.youtube.com/watch?v=VWOgrMXBE4U,"YouTube: Search 'Oh, the Places You'll Go Dr Seuss read aloud YouTube' — the perfect send-off into the ongoing adventure. Runtime ~8 min.",,,,What will you keep practising?,"THE ADVENTURE CONTINUES: Each child gets a 'next chapter' page — like a blank first page of a new book. They write or draw: one thing they will keep practising, one quality they are taking forward, one adventure they want to go on, and a title for their next chapter. Share: the title of their next chapter.",Write your next chapter title and the first line of what happens in it!,"Given what you noticed today, what is one thing you will do differently before next Sunday?","Choose one practice to keep doing every day — make it yours, not because you have to, but because it's become part of who you are.",Tell a grown-up about your next chapter title and what you're going to keep practising. Ask them about their next chapter.,Bring back your next chapter page! What happened in the first week of your next chapter?,,,"My adventure continues. Every day I keep growing, keep practising, keep becoming more of who I truly am.",This should be genuinely exciting and celebratory — not bittersweet. The 'next chapter' activity gives children a sense of agency and ownership. Display the next chapter pages alongside all the other Phase 4 work. This session connects beautifully back to the opening 'signal and noise' metaphor from Week 1.,,,,,Everyone Can Learn to Ride a Bicycle,Chris Raschka,What will you keep practising?,,,,,,"Falling off and getting back on, again and again. There is no finish line.",,"The Never-Finished Tower — Build a tower. When it gets tall, add one more block. Then one more. It falls, and you start again. The game has no end and no winner. Play until time runs out. WHY IT FITS: There's no finish line. That's the good bit.",Blocks,"Under-5s knock it down and rebuild endlessly, which is exactly the point. Do not stop them.",
52,4,Live It,Live It,Child,Integration — A Year of Becoming,The Best Kind of Ending,Looking back at the whole year,What can you do now that you couldn't a year ago?,Integration,4 of 4,"13, 26, 39",Integration,,,"In all the best stories, the end is really the beginning — the hero returns home changed, ready for the real adventure. Today we arrive at that moment together. Changed. Ready. Beginning.","In all the best stories, the end is really the beginning — the hero returns home changed, ready for the real adventure.",,,"You're not closing a book, you're turning to a blank page with a full backpack and a compass. Today: write the first line of next year's chapter.","You're not closing a book, you're turning to a blank page with a full backpack and a compass. Today: write the first line of next year's chapter.",,,"DRAFT — rewrite from the video transcript once the video is chosen.

We've been on an adventure together for a whole year! Today we celebrate everything we've seen, learned, let go of, built, and shared. And then we look forward — because this adventure doesn't end. It just becomes the rest of your beautiful, growing life.",If you could go back and tell Week 1 you one thing that would help them most — what would it be?,"We've been on an adventure together for a whole year! Today we celebrate everything we've seen, learned, let go of, built, and shared. And then we look forward — because this adventure doesn't end. It just becomes the rest of your beautiful, growing life.",https://www.youtube.com/watch?v=VWOgrMXBE4U,"YouTube: 'Oh, the Places You'll Go!' by Dr Seuss read-aloud — the perfect year-end celebration of the ongoing journey. Runtime ~8 min.",,,,What can you do now that you couldn't a year ago?,"THE YEAR CELEBRATION: Create a full year celebration — three parts: 1. LOOK BACK: Each child names one thing from each phase (Phase 1: something I learned to see, Phase 2: something I let go, Phase 3: something I built, Phase 4: something I gave). 2. LOOK AROUND: Each child says one genuine, specific thing they appreciate about one other person in the group. 3. LOOK FORWARD: Each child states one commitment for the ongoing practice. The facilitator witnesses each with genuine acknowledgment. End with the whole group together: hands in the middle, one collective phrase: 'We did the work. We keep going.'",Write a letter to yourself from Week 1 — what do you want them to know?,"Given what you noticed today, what is one thing you will do differently before next Sunday?",Celebrate with one act of genuine service or kindness today — a gift from everything you've built this year.,Share your letter with a grown-up who has been part of your journey. Read it to them if you can.,Bring your letter back. The whole group will witness it together at the final ceremony.,,,I did the work. I am growing. The adventure continues — and I am ready for it.,"THIS IS THE FINAL SESSION OF THE YEAR. Make it everything. Ceremony, celebration, witnessed acknowledgment, genuine joy. Every child deserves to have their year of courage honoured. The letters read aloud. The collective phrase. The community celebrated. This is what it was all building toward. Make it unforgettable.",,,,,"Oh, the Places You'll Go!",Dr. Seuss,What can you do now that you couldn't a year ago?,,,,,,"A whole year, and the road carrying on past it.",,"The Whole Year Trail — Fifty-two stations is too many — pick thirteen, one per month-ish, each with an object from that session. Children walk the trail and say one thing at any station they choose. Ends with the whole room in a circle. WHY IT FITS: Looking back at all of it.","Objects from the year, station cards",Under-5s walk the trail with an adult and pick up the objects. Six stations. Let them carry something home.,
