Week,Phase,Phase Name,Movement Theme,Audience,Weekly Theme,Session Title,The Territory,Opening Question,Spiral Thread,Spiral Depth,Revisits Weeks,Week Type,S1 Welcome Wall Note,S2 Voices Callback Intro,S3 Ancient Wisdom (full text),"S3 Ancient Wisdom VO Script (10s, <=28 words)",S3 Video URL,S3 Captions URL,S4 In Today's World (full text),"S4 In Today's World VO Script (10s, <=28 words)",S4 Video URL,S4 Captions URL,S5 Today's Theme (write from transcript),S5 Source: Opening Hook (legacy),S5 Source: Core Concept (legacy),S6 Video URL,S6 Video Title/Description,S6 Video Transcript,S6 Reflective Question 1,S6 Reflective Question 2,S7 Private Write Prompt (90 sec),S7 Experiential Exercise,S8 Reflection Prompt,S9 Intention Prompt,S9 Practice (Mon),S9 Practice (Wed),S9 Practice (Sun),S10 Closing Quote,S10 Quote Attribution,S10 Core Affirmation,S11 Facilitator Prep Notes,S11 Watch For,S11 First Time Note,S11 Heavy Week Flag,S11 Post-Session Evaluation
1,1,See Clearly,See Clearly,Teen,The Signal and the Noise,Who's Actually Talking?,"The noise in your head, and the quieter thing underneath it",What are you carrying that nobody around you knows about?,Signal and attention,1 of 4,"34, 50, 51",Movement opener,,,"Old navigators used stars when everything else was uncertain — not because the stars told them what to do, but because they were reliable. You have something like that too. Most people just never learn to look for it.","Old navigators used stars when everything else was uncertain — not because the stars told them what to do, but because they were reliable.",,,"Your mind is a phone with 47 tabs open and notifications firing — the signal is the one tab you opened on purpose. Today: close the tabs (one breath, one thing) and hear the quiet channel underneath the noise.",Your mind is a phone with 47 tabs open and notifications firing — the signal is the one tab you opened on purpose.,,,"DRAFT — rewrite from the video transcript once the video is chosen.

You're surrounded by other people's opinions, social media, and expectations — so much that most of us don't know what we actually think or feel anymore. This session is about starting to notice the difference between what's genuinely yours and what you've absorbed.","Quick show of hands — no judgment: Who's ever said something or made a choice, then later thought — 'wait, that wasn't actually what I wanted'? That's the gap we're exploring today.","You're surrounded by other people's opinions, social media, and expectations — so much that most of us don't know what we actually think or feel anymore. This session is about starting to notice the difference between what's genuinely yours and what you've absorbed.",https://www.youtube.com/watch?v=Thlbqg2sKEM,"7 Hard Truths for Teens — a no-sugarcoating talk on ownership, time, habits, friendship, and the regret of wasted time. Runtime ~10 min.",,,,What are you carrying that nobody around you knows about?,"SEVEN TRUTHS, ONE SIGNAL: The video names seven hard truths. Write down as many as you remember. Next to each, mark SIGNAL (something calling you to see clearly and act) or NOISE (something you've been tuning out, dodging, or hoping isn't real). Now circle the one that stung the most. Underneath it write: 'What is this truth trying to get me to see — and what one small choice would I make today if I took it seriously?' Share the number you circled — not the full answer, unless you want to.",Which of the seven truths hit you hardest — and what is it asking you to see about your life that you've been avoiding?,"Given what you noticed today, what is one thing you will do differently before next Sunday?",Catch a waiting moment. One time today you catch yourself waiting for something to happen TO you instead of making it happen. Name it out loud.,"Run a phone audit. Check your screen time, multiply it by 365, and look at the number. Then set one boundary for today — one app deleted, or notifications off except for real people.","Take one small risk this week — something you'd regret NOT doing. Try it, fail, look silly. Then write down the story. That's the signal you lived.",,,"I stop waiting for rescue. I am the main character, and today counts.","Teens need psychological safety first. Don't push sharing. Make it clear that honesty with yourself is the point — not performance. Keep it real and slightly light in tone, but let the content be genuine.",,,,
2,1,See Clearly,See Clearly,Teen,The Stories We Carry,The Playlist You Didn't Choose,The things you've been told about yourself so often you stopped checking,What's something you've always been told you are — and is it actually true?,Stories and identity,1 of 5,"5, 25, 27, 49",Standard,,,"There's an old idea: 'The fish doesn't know it's wet.' When you've been swimming in a story your whole life, it feels like reality. The practice is climbing out of the water long enough to see it for what it is.","There's an old idea: 'The fish doesn't know it's wet.' When you've been swimming in a story your whole life, it feels like reality.",,,"The stories you tell about yourself run like an app in the background, quietly draining the battery. Today: catch one 'I'm the kind of person who…' and ask — did I write this, or did it just install itself?","The stories you tell about yourself run like an app in the background, quietly draining the battery.",,,"DRAFT — rewrite from the video transcript once the video is chosen.

A lot of the beliefs we have about ourselves — about our abilities, our worth, what's possible for us — weren't decided by us. They were handed to us. Today we figure out which stories are actually true versus which ones we've just been repeating.","Finish this sentence silently, no sharing yet: 'I'm just not the kind of person who...' Notice how quickly that answer came. That speed? That's a story on autopilot.","A lot of the beliefs we have about ourselves — about our abilities, our worth, what's possible for us — weren't decided by us. They were handed to us. Today we figure out which stories are actually true versus which ones we've just been repeating.",https://www.youtube.com/watch?v=pN34FNbOKXc,YouTube: 'Growth Mindset vs Fixed Mindset' — animated RSA-style explanation of Carol Dweck's research on how beliefs about ability shape outcomes. Runtime ~10 min.,,,,What's something you've always been told you are — and is it actually true?,"TRACK LISTING: Write down 3 beliefs you seem to carry about yourself — about your ability, your worth, what you're allowed to want. For each one: How old do you think you were when you started believing this? Was there a moment that 'installed' it? Circle the one that feels most like it's been running your life without your permission. Share: was it easy or hard to find them?","If your best friend had the same belief about themselves that you have about yourself, what would you tell them?","Given what you noticed today, what is one thing you will do differently before next Sunday?",Notice once today when a story seems to be making a choice for you before you even think about it.,"Tell one person one story you're examining — not to explain or justify it, just to name it out loud.",Bring back one moment where you caught a story running. What happened when you noticed it?,,,I can see where my stories came from. That means I'm bigger than them.,Some teens may become emotional accessing early memories. Normalise it: 'noticing is brave.' Never ask anyone to share traumatic content publicly. Written exercise keeps it private and safe.,,,,
3,1,See Clearly,See Clearly,Teen,The Pattern Interrupt,The Chat You're Not Reading,The tiny gap between something happening and you reacting,When did you last snap at someone and wish you hadn't?,Choice and response,1 of 3,"19, 43",Standard,,,"There's an idea: the obstacle is the path — the thing that trips you up shows you exactly where you need to grow. Your patterns aren't your enemies. They're messengers. Loud, sometimes destructive messengers. But still.",There's an idea: the obstacle is the path — the thing that trips you up shows you exactly where you need to grow. Your patterns aren't your enemies.,,,Between the notification buzzing and your hand grabbing the phone there's a half-second gap — that gap is a superpower. Today: find the buzz-to-grab gap in one habit and slot a single breath into it.,Between the notification buzzing and your hand grabbing the phone there's a half-second gap — that gap is a superpower.,,,"DRAFT — rewrite from the video transcript once the video is chosen.

You know those moments where you react to something and immediately think 'why did I do that'? That's the pattern. Today we figure out what's actually triggering your automatic reactions — and whether you can find the gap.","Raise your hand if you've ever sent a text, said something, or walked away from a situation and immediately thought 'I shouldn't have done that.' What does that feel like?",You know those moments where you react to something and immediately think 'why did I do that'? That's the pattern. Today we figure out what's actually triggering your automatic reactions — and whether you can find the gap.,https://www.youtube.com/watch?v=RcGyVTAoXEU,"YouTube: Search 'Simon Sinek How to Control Your Emotions' for a practical, accessible take on the pause between stimulus and response. Runtime ~8–12 min.",,,,When did you last snap at someone and wish you hadn't?,"MY TRIGGER INVENTORY: Think of a pattern you want to interrupt. Trace it back: what usually sets it off (person, feeling, situation, time of day)? What does the reaction give you right now in the moment? What does it cost you later? Smallest possible interrupt: when you notice the trigger, what's one word you could say to yourself before the reaction runs? Share your trigger word (not the pattern) with one other person.",What's one automatic reaction you have that you'd like to pause before it runs? What do you think it's actually protecting?,"Given what you noticed today, what is one thing you will do differently before next Sunday?",Use your trigger word once today — even if the pattern still runs. The noticing is enough for now.,Tell one person about the pattern you're working with. Not the details — just that you're working on something.,"Bring one moment from the week where you tried to interrupt a pattern — what happened, even if it didn't go perfectly?",,,I'm not my reactions. I'm the one who notices them — and that means I have a choice.,Naming amygdala hijack de-shames the reaction. Keep the trigger inventory light — don't push into trauma territory. The trigger word should be chosen privately by each teen.,,,,
4,1,See Clearly,See Clearly,Teen,What Your Body Is Telling You,Reading the Data Your Body Collects,What your body notices before your brain catches up,Where do you feel it in your body when you're nervous?,The body,1 of 3,"24, 30",Standard,,,"Ancient practices like yoga, martial arts, and dance were never just physical. They were ways of developing body intelligence — the ability to feel what the body knows before the mind catches up. Modern science confirms what these traditions knew: the gut has as many neurons as a cat's brain. Your body is thinking, even when you're not.","Ancient practices like yoga, martial arts, and dance were never just physical.",,,"Your body is the check-engine light your dashboard mind keeps ignoring — tight shoulders and a clenched jaw are data, not noise. Today: do a ten-second body scan before you fire back the stressful message.","Your body is the check-engine light your dashboard mind keeps ignoring — tight shoulders and a clenched jaw are data, not noise.",,,"DRAFT — rewrite from the video transcript once the video is chosen.

Your body is constantly sending you signals — about safety, stress, excitement, dread. Most of us learned to ignore them or push through. This week we learn to actually read what the body is saying.",Without thinking about it: where in your body do you feel nervous? Point to it. Where do you feel excitement? How do you know when you're actually hungry vs. just bored? Most people have never been asked these questions.,"Your body is constantly sending you signals — about safety, stress, excitement, dread. Most of us learned to ignore them or push through. This week we learn to actually read what the body is saying.",https://www.youtube.com/watch?v=Ks-_Mh1QhMc,TED Talk: 'Your Body Language May Shape Who You Are' by Amy Cuddy — evidence-based exploration of how physical state influences mental and emotional state. Runtime ~21 min.,,,,Where do you feel it in your body when you're nervous?,SENSATION MAPPING: Facilitator names a scenario and teens put their hand on where they feel it in their body: 'The moment before you walk into a room full of people you don't know.' / 'Getting a really good text from someone you like.' / 'Sunday night before a hard week starts.' / 'That moment when everything just clicks.' Discuss: are these signals or just nerves? What might each one be telling you?,Think of a time your body gave you a strong signal that you ignored. What happened? What do you wish you'd listened to?,"Given what you noticed today, what is one thing you will do differently before next Sunday?",Do a 1-minute body scan at three different times today. Write one word for what you notice each time.,Tell someone one thing your body has been trying to tell you that you've been ignoring.,Bring back one observation from your body scan practice this week.,,,My body and my mind are the same team. I'm learning to let them work together.,"Keep this entirely positive and non-aesthetic — this is about intelligence and signals, NOT appearance or fitness standards. Watch for any content that might touch on body image issues.",,,,
5,1,See Clearly,See Clearly,Teen,The Mirror — How We See Ourselves,The Comparison Trap and the Real Mirror,"Seeing yourself honestly, without being harsh about it","If you had to describe yourself with no filter and no put-downs, what would you say?",Stories and identity,2 of 5,"2, 25, 27, 49",Standard,,,"There's an old story about a young warrior who keeps losing battles because he's fighting the wrong enemy — his own reflection, which he mistakes for an opponent. The battles with ourselves, the harsh self-judgments, the impossible standards — most of the time, we're fighting a distorted image, not reality.","There's an old story about a young warrior who keeps losing battles because he's fighting the wrong enemy — his own reflection, which he mistakes for an opponent.",,,The front camera shows every flaw; a good friend's photo catches you laughing — self-awareness is choosing the friend's lens. Today: describe yourself the way someone who loves you would.,The front camera shows every flaw; a good friend's photo catches you laughing — self-awareness is choosing the friend's lens.,,,"DRAFT — rewrite from the video transcript once the video is chosen.

How we see ourselves shapes literally everything — the choices we make, the risks we take, the people we let in. Most teens have a self-image built from comparison, other people's opinions, and their worst moments. This week we build a more honest one.","Quick question — no right answer: When you scroll through social media, do you feel better or worse about yourself afterwards? And does the image you project online match who you actually are?","How we see ourselves shapes literally everything — the choices we make, the risks we take, the people we let in. Most teens have a self-image built from comparison, other people's opinions, and their worst moments. This week we build a more honest one.",https://www.youtube.com/watch?v=Lp7E973zozc,"YouTube: Jonathan Haidt on social media and teen mental health — widely available, evidence-based, highly relevant. Runtime ~15–20 min depending on version.",,,,"If you had to describe yourself with no filter and no put-downs, what would you say?","REAL MIRROR vs. COMPARE MIRROR: Two columns. Column A: 'What I actually see when I look honestly at myself' — strengths, limitations, things I'm still figuring out. Column B: 'What I think I look like compared to others' — who do you compare yourself to, in what areas, and is that comparison fair? Key question: Which mirror are you living by? And which do you actually want to use? Share: 'One thing I'm ready to stop comparing' — anonymously if preferred.",If your social media profile showed who you actually are — not who you want to be seen as — what would it include that you currently leave out?,"Given what you noticed today, what is one thing you will do differently before next Sunday?","Do a social media audit: after 20 minutes of scrolling, check in with your body. How do you feel? Make a note.",Ask someone who knows you well: 'What do you see in me that I don't seem to see in myself?',Bring back your social media audit observation and the answer from Wednesday's question.,,,"I am building my self-image on honest ground — not comparison, not performance, not other people's opinions.","Highly relevant session for teens. Avoid moralising about social media — stay evidence-based and curious. The social media audit is practical and powerful. Goal is self-awareness, not guilt.",,,,
6,1,See Clearly,See Clearly,Teen,The Comparison Loop,The Race With the Moving Finish Line,Comparing your real life to someone else's highlights,"Who do you compare yourself to, and what do you think they've got?",Enough,1 of 3,"20, 46",Standard,,,There's an old idea: 'The candle that burns next to the sun looks dim — but light up a dark room and it's extraordinary.' Your life is not measured against the sun. It is measured against the darkness you chose to show up for.,There's an old idea: 'The candle that burns next to the sun looks dim — but light up a dark room and it's extraordinary.' Your life is not…,,,Scrolling compares your behind-the-scenes to everyone's highlight reel — a treadmill where you sweat and never move. Today: name one 'race' you're quitting and mute the feed that runs it.,Scrolling compares your behind-the-scenes to everyone's highlight reel — a treadmill where you sweat and never move.,,,"DRAFT — rewrite from the video transcript once the video is chosen.

Comparison is the background noise of teen life — and social media has turned the volume up to maximum. But here's what most people don't know: the comparison loop literally never pays off. Not once. This week we find the exit.","Be honest: in the last week, how many times did you feel worse about yourself after looking at someone else's social media? How many times better? What's the ratio?",Comparison is the background noise of teen life — and social media has turned the volume up to maximum. But here's what most people don't know: the comparison loop literally never pays off. Not once. This week we find the exit.,https://www.youtube.com/watch?v=P6FORpg0KVo,"TED Talk: 'Quit Social Media' by Cal Newport — practical, evidence-based case for intentionality over comparison culture. Runtime ~13 min. Note: not anti-technology, pro-intentionality.",,,,"Who do you compare yourself to, and what do you think they've got?",THE EXIT INTERVIEW: Imagine you are interviewing the Comparison Loop for a job. Write its job description: What does it promise to deliver? What does it actually deliver? What are its side effects? Would you rehire it? Now write the job description for what you WANT instead — what would a healthy inner metric look like? What would it measure? How would you know it was working? Share: what would you measure yourself by if social media didn't exist?,Write three things you've done or overcome in the past year that nobody necessarily saw. Things that were for you. Are they in your self-story?,"Given what you noticed today, what is one thing you will do differently before next Sunday?","For one day, do a conscious comparison fast — notice every comparison thought and redirect to: 'How am I measuring up to my own values today?'",Tell one person about something you're proud of that you rarely talk about. Watch what happens when you claim it.,Bring back what happened on your comparison fast day — what did you notice?,,,"My story is mine. I measure it by my values, my growth, and my own honest effort.",The comparison fast is highly practical and can be genuinely transformative. Avoid shaming social media use — frame as intentionality. The 'things nobody saw' exercise is powerful for teens who feel unseen.,,,,
7,1,See Clearly,See Clearly,Teen,The Inner Critic,Introducing the Heckler,The voice in your head that talks to you worse than anyone else does,"If that voice was a person in your group chat, would you keep them in it?",The inner voice,1 of 3,"18, 32",Standard,,,In martial arts there's a principle: you don't fight your shadow. You can't. The shadow isn't an enemy — it's just the shape of the light you're blocking. The inner critic is similar. Fighting it directly makes it stronger. What works is shining more light.,In martial arts there's a principle: you don't fight your shadow. You can't. The shadow isn't an enemy — it's just the shape of the light you're blocking.,,,"The inner critic is a group chat in your head that only ever roasts you — you can mute it and add a coach who's honest but kind. Today: when the roast fires, ask 'would I say this to my best mate?'",The inner critic is a group chat in your head that only ever roasts you — you can mute it and add a coach who's honest but kind.,,,"DRAFT — rewrite from the video transcript once the video is chosen.

That voice in your head that says 'you're not good enough,' 'everyone can see how awkward you are,' 'you'll fail' — we all have one. Today we find out where it came from, why it does what it does, and why listening to it is optional.",Honest question: would you talk to your best friend the way you talk to yourself? If someone said to your best friend what your inner voice says to you on a bad day — would you call that friendship?,"That voice in your head that says 'you're not good enough,' 'everyone can see how awkward you are,' 'you'll fail' — we all have one. Today we find out where it came from, why it does what it does, and why listening to it is optional.",https://www.youtube.com/watch?v=IvtZBUSplr4,"YouTube: Kristin Neff TED Talk on self-compassion — same resource as adults, completely accessible for teens. Alternatively search 'how to silence your inner critic animated' for shorter versions. Runtime ~10–20 min.",,,,"If that voice was a person in your group chat, would you keep them in it?","THE HECKLER vs. THE COACH: Write your inner critic's three favourite lines about you. For each one write: 'A good coach who wanted me to actually improve would say...' Notice the difference — the critic shuts down, the coach opens up. Now: what would you need to believe about yourself to replace the critic with the coach? Write that as a statement. Share: the most common thing the heckler says.","Write a text message from your inner critic. Then write the reply you'd send it as your wiser, more honest self.","Given what you noticed today, what is one thing you will do differently before next Sunday?",Notice today how often the critic fires. Don't fight it. Just count. Awareness without judgment — for now.,Tell one person something you've been hard on yourself about. Notice what it feels like to say it out loud to someone who's on your side.,Bring back: how many times did the critic fire this week? And did noticing change anything?,,,I hear the critic. It's not me. I choose the voice of someone who's actually on my side.,Teen inner critics are often ferocious and normalised — many don't realise how harsh their self-talk is until they compare it to what they'd say to a friend. The 'text message from the critic' exercise is effective and often funny enough to defuse shame.,,,,
8,1,See Clearly,See Clearly,Teen,Beneath the Surface — Emotions as Data,Optimising the Notification System,The feeling that was there before the one you noticed,What were you actually feeling right before you got angry?,Emotions as data,1 of 3,"24, 43",Standard,,,"The samurai tradition had a concept called zanshin — a state of total awareness, including of one's own emotional state. Not the absence of emotion — full awareness of it. The warrior disconnected from their own emotional state is the most dangerous — not because they feel nothing, but because they act without knowing what they're feeling. Emotional intelligence was never considered weakness. It was considered mastery.","The samurai tradition had a concept called zanshin — a state of total awareness, including of one's own emotional state.",,,"Anger is just the app icon; tap it and the real feeling opens underneath — fear, hurt, tiredness. Today: next time you're 'grumpy', open the icon and read what's actually inside.","Anger is just the app icon; tap it and the real feeling opens underneath — fear, hurt, tiredness.",,,"DRAFT — rewrite from the video transcript once the video is chosen.

Feelings aren't weakness. They're not drama. They're data. Every emotion is trying to tell you something — about what you value, what you need, what your limits are. This week we learn to actually read them instead of either ignoring them or getting wrecked by them.",Raise your hand if you've ever reacted to something emotionally and genuinely had no idea WHY you reacted that way. That gap — between the emotion and the meaning — is what we're working on today.,"Feelings aren't weakness. They're not drama. They're data. Every emotion is trying to tell you something — about what you value, what you need, what your limits are. This week we learn to actually read them instead of either ignoring them or getting wrecked by them.",https://www.youtube.com/watch?v=tGdsOXZpyWE,YouTube: Marc Brackett on emotional intelligence — search 'Marc Brackett emotion scientist' or his talk on the RULER framework. Alternatively: search 'permission to feel Marc Brackett' for interviews. Runtime ~15–20 min.,,,,What were you actually feeling right before you got angry?,EMOTION ARCHAEOLOGY: Think of a recent strong emotional reaction — particularly one that felt disproportionate or confusing. Dig down: What emotion did I express or act from? (Level 1). What emotion was I actually feeling underneath that? (Level 2). And underneath that? (Level 3 — often the most true). Example: Snapped at a friend → anger (L1) → felt ignored (L2) → fear that I don't matter (L3). Share your Level 1 emotion. You don't have to share Levels 2 or 3 if you don't want to.,Write about an emotion you don't let yourself feel very often. What do you think you're protecting yourself from by keeping it away?,"Given what you noticed today, what is one thing you will do differently before next Sunday?","When you notice a strong feeling today, try to name it with more precision than 'good' or 'bad.' What is it actually?",Tell one person about a feeling you usually hide or dismiss. Not the story — just the feeling and what you think it's actually pointing at.,Bring back one time you practised emotion archaeology this week. What did you find underneath?,,,My emotions are information. They point at what matters. I'm learning to read them.,The emotion archaeology exercise is powerful but can surface unexpected material. Have a 'parking lot' option — teens can write things down to process later rather than in the group. The concept of emotional layers is a foundational tool they will use throughout the year.,,,,
9,1,See Clearly,See Clearly,Teen,The Wounds We Carry,The Update Nobody Installed on Purpose,"Things that hurt, and what happens when you never say them out loud",What happened to you that you've never really talked about?,Old hurt,1 of 3,"21, 23",Standard,,,"There's an idea held in many cultures: that the greatest strength doesn't come from having no wounds. It comes from knowing your wounds — their shape, their history, what they've made of you — and continuing anyway. The mark of wisdom is not invulnerability. It is honest, courageous self-knowledge.",There's an idea held in many cultures: that the greatest strength doesn't come from having no wounds.,,,"Old hurts are a heavy backpack you've worn so long you forgot it's on — naming them in a safe room is setting it down for a minute. Today: name one thing you've been carrying, just to feel the weight lift.",Old hurts are a heavy backpack you've worn so long you forgot it's on — naming them in a safe room is setting it down for a minute.,,,"DRAFT — rewrite from the video transcript once the video is chosen.

All of us have been hurt — by experiences, relationships, or things that happened that we didn't fully understand. And some of those hurts are still shaping how we act today, even if we've never talked about them. This week we acknowledge what we carry — not to relive it, but to start understanding it.","Honest question — you don't have to answer out loud: is there something that happened in your past — something that hurt — that you think is still affecting how you act today? How you treat people, or how you let people treat you?","All of us have been hurt — by experiences, relationships, or things that happened that we didn't fully understand. And some of those hurts are still shaping how we act today, even if we've never talked about them. This week we acknowledge what we carry — not to relive it, but to start understanding it.",https://www.youtube.com/watch?v=95ovIJ3dsNk,TED Talk: 'How Childhood Trauma Affects Health Across a Lifetime' by Nadine Burke Harris — fully accessible for teens and deeply relevant. Runtime ~16 min.,,,,What happened to you that you've never really talked about?,"PRIVATE REFLECTION — NOT FOR SHARING: In your journal (private — nobody reads this): write about one thing that hurt you — past or recently — that you think is still with you. How does it show up today? What does it make you do or avoid? If someone who really cared about you knew about this wound, what would they want you to know? Fold your journal closed when done. After writing: take a slow breath. Look around the room. You're here. You're okay.",Write privately: what is one coping strategy I use that I think came from being hurt? Is it still helping me — or costing me more than it gives?,"Given what you noticed today, what is one thing you will do differently before next Sunday?",Notice once today when something small triggers a big feeling — and ask yourself: 'Does this feel older than now?',If there's one person in your life you trust — just one — consider telling them one small true thing about what you carry. Notice what happens.,Bring back: did anything shift this week after the journalling exercise? You don't have to share what — just whether the awareness felt different.,,,What happened to me does not define me. I see it. I carry it honestly. And I decide what happens next.,"CRITICAL: Ensure journalling is explicitly PRIVATE and cannot be read by facilitators or peers without consent. Have a wellbeing resource card available (counsellor contacts, helpline numbers) for anyone who needs support. Follow mandatory reporting requirements if any disclosures indicate current safety risks.",,,YES,
10,1,See Clearly,See Clearly,Teen,The Masks We Wear,Which One Is Actually You?,"The version of you online and at school, and the one nobody sees",Is there something about you that you've never let anyone see?,Masks and being seen,1 of 3,"22, 42",Standard,,,"There's an old concept from theatre: the mask was always meant to serve the story — and when the play is over, it comes off. The problem we're exploring today is what happens when the play never ends, and you start to forget you're even wearing a mask.","There's an old concept from theatre: the mask was always meant to serve the story — and when the play is over, it comes off.",,,"Your profile is the filtered photo; the real you is the whole camera roll — and the right people want the camera roll. Today: show one true, unfiltered thing to someone safe.",Your profile is the filtered photo; the real you is the whole camera roll — and the right people want the camera roll.,,,"DRAFT — rewrite from the video transcript once the video is chosen.

Pretty much everyone your age is performing — performing toughness, coolness, confidence, happiness, not-caring. Some of it is genuinely useful social navigation. But when you can't remember who you are underneath the performance, that's when it starts costing you. Today we look at the masks.","Quick and honest: rate yourself 1–10 on how authentic you are in these contexts — with parents, with close friends, at school, on social media, when alone. What does the range tell you?","Pretty much everyone your age is performing — performing toughness, coolness, confidence, happiness, not-caring. Some of it is genuinely useful social navigation. But when you can't remember who you are underneath the performance, that's when it starts costing you. Today we look at the masks.",https://www.youtube.com/watch?v=IVlU-2OBdts,"YouTube: 'To This Day' — Shane Koyczan spoken word animation about identity, performance, and the cost of hiding. Intensely moving, highly relevant to teens. Runtime ~8 min.",,,,Is there something about you that you've never let anyone see?,"AUTHENTICITY MAP: Draw yourself in the middle of a page. Around you draw the different contexts of your life (friend groups, home, school, online). For each context: draw how much of 'you' actually shows up there — you could use percentages. Now: where do you feel most like yourself? Why? Where do you feel most masked? What are you protecting there — and from what? Share: one context where you feel most real, and one where you feel most masked.",Write a letter from your authentic self to your most performative self. What does the real you want the performed version to know?,"Given what you noticed today, what is one thing you will do differently before next Sunday?",Notice once today when you shift into performance mode. Ask yourself: is this genuinely necessary — or just habit?,Show one person — even a little — something real about you that you usually manage or hide. Watch what happens.,Bring back: what happened when you tried showing something real? What did it feel like?,,,I know who I am underneath the performance. And that person is worth knowing.,Let teens make the authenticity map as creative as they want. Honour the developmental complexity — trying on identities is appropriate at this stage. Avoid implying that being 'themselves' is simple or that they should know exactly who that is yet.,,,,
11,1,See Clearly,See Clearly,Teen,Seeing Others Clearly,Turning Down the Projector,What might be going on for someone before they were rude to you,Think of someone who annoys you. What might be going on for them?,Seeing others,1 of 3,"44, 48",Standard,,,"There's an old practice in many traditions of deep listening — so complete that for a moment, you put your own perspective fully aside and inhabit someone else's. It's one of the rarest and most valuable skills a person can develop. And it starts with noticing how much you're not currently doing it.","There's an old practice in many traditions of deep listening — so complete that for a moment, you put your own perspective fully aside and inhabit someone else's.",,,Everyone's driving with a dashcam you can't see — the person who cut you off might be racing to a hospital. Today: give one person the benefit of their unseen story.,Everyone's driving with a dashcam you can't see — the person who cut you off might be racing to a hospital.,,,"DRAFT — rewrite from the video transcript once the video is chosen.

Most of the drama in relationships — with friends, family, partners — isn't really about the other person. It's about what we're bringing to them from our own history. Today we develop the skill of actually seeing people — instead of just seeing our story about them.","Think of someone who really irritates you. What specifically do they do? Now, honestly: does any version of that quality exist in you? Even a little?","Most of the drama in relationships — with friends, family, partners — isn't really about the other person. It's about what we're bringing to them from our own history. Today we develop the skill of actually seeing people — instead of just seeing our story about them.",https://www.youtube.com/watch?v=cDDWvj_q-o8,"YouTube: 'Empathy: The Human Connection to Patient Care' — Cleveland Clinic short film. While medical in context, it's a universally moving illustration of the invisible experiences everyone is carrying. Runtime ~4 min.",,,,Think of someone who annoys you. What might be going on for them?,THEIR SIDE: Think of a current or recent conflict with someone. Write a 2-paragraph 'defence brief' FOR THEM — arguing their side as generously and specifically as possible. What might they be experiencing? What might they be afraid of? What might your behaviour look like from their perspective? This is not about deciding they were right. It's about seeing them clearly. Share: one thing you discovered when you tried to argue their side.,Write about the last significant conflict you were part of: what was your role? What did you bring to it from your own history that might have made it more charged?,"Given what you noticed today, what is one thing you will do differently before next Sunday?","Once today in a conversation, try to listen with 100% focus — no preparing what you'll say, no half-attention. Just listen. Notice what that's like.",Tell someone about a relationship where you've realised you might have been seeing your story more than the person.,Bring back: what happened when you tried the deep listening practice this week?,,,I see the people in my life as clearly as I can — knowing my own lens is always in the way a little.,The 'defence brief' exercise can be revelatory — some teens will discover they've been part of a dynamic they weren't fully owning. Keep it non-shaming: 'This isn't about who was right. It's about developing the capacity to see.',,,,
12,1,See Clearly,See Clearly,Teen,The Habit Loop — How We Got Here,Understanding Autopilot,The stuff you do automatically without ever choosing it,"What do you always do when you're stressed, without even deciding to?",Habits and structure,1 of 4,"29, 33, 47",Standard,,,"Water always flows downhill — not because it's lazy, but because that's its nature. Trying to make water go uphill by force is exhausting and temporary. Understanding the terrain and working with it is how you get the water where you want it. Habits work the same way.","Water always flows downhill — not because it's lazy, but because that's its nature. Trying to make water go uphill by force is exhausting and temporary.",,,A habit is an autoplay playlist — one trigger and the next track just starts. Today: spot the trigger track for one habit and swap the next song on purpose.,A habit is an autoplay playlist — one trigger and the next track just starts.,,,"DRAFT — rewrite from the video transcript once the video is chosen.

About half of what you do every day isn't a decision — it's a habit running on autopilot. That's not bad. But it means if you want your life to look different, you need to understand how habits actually work — because 'trying harder' is the least effective strategy that exists.","Quick: name one thing you do every day without really thinking about it. Now — when did that start? Did you decide to do it, or did it just develop?","About half of what you do every day isn't a decision — it's a habit running on autopilot. That's not bad. But it means if you want your life to look different, you need to understand how habits actually work — because 'trying harder' is the least effective strategy that exists.",https://www.youtube.com/watch?v=W1eYrhGeffc,"YouTube: 'The Power of Habit' animated book summary of Charles Duhigg's work. Clear, engaging, and directly relevant. Runtime ~10 min.",,,,"What do you always do when you're stressed, without even deciding to?","MY HABIT LOOP: Pick one habit — a behaviour pattern you repeat regularly. Map it: What triggers it? (Time, place, feeling, person, situation?) What do you do? (The habit.) What do you get from it in the moment? (Be honest.) What does the reward actually represent? (Stress relief? Escape? Connection?) Is there something else that could meet the same underlying need more helpfully? Share: your trigger and your reward — not necessarily the habit itself.",Write about a habit and trace it back: when did it start? What was happening? What was it originally solving?,"Given what you noticed today, what is one thing you will do differently before next Sunday?","Today, catch one habit in the act of running. Note the cue. You don't have to change anything — just see it.","Tell someone about the underlying need a habit is meeting — not the habit itself, just the need. See if they recognise something similar in themselves.","Bring back your complete habit map — cue, routine, reward, underlying need, and one alternative idea.",,,I understand my patterns. Understanding them is power — not judgment.,The brain science explanation de-shames the pattern and gives teens agency. The identity reframe ('I am someone who...') is worth spending extra time on — it's one of the most practically powerful concepts of the year.,,,,
13,1,See Clearly,See Clearly,Teen,Integration — What We Now See,The Diagnostic Is Complete,Pulling the last thirteen weeks together,What have you worked out about yourself this term?,Integration,1 of 4,"26, 39, 52",Integration,,,"In many traditions a period of learning is marked by a rite of passage — not because you're now 'done,' but because something real has changed and it deserves to be acknowledged. You've looked at things most people spend their whole lives avoiding. That matters.","In many traditions a period of learning is marked by a rite of passage — not because you're now 'done,' but because something real has changed and it…",,,"You've been handed a toolkit — a pause button, a feelings-iceberg, a mirror, a mute button for the critic. Today: pick the one tool you'll actually keep in your pocket.","You've been handed a toolkit — a pause button, a feelings-iceberg, a mirror, a mute button for the critic.",,,"DRAFT — rewrite from the video transcript once the video is chosen.

You've done 13 weeks of genuinely hard looking. Not perfectly — nobody does it perfectly. But you've looked. Today we take stock of what's actually shifted, what you now see, and what you're taking into the next chapter. This is a threshold, not a finish line.","What is one thing — about yourself, your patterns, or how you see — that you now know that you genuinely didn't know (or wouldn't look at) 13 weeks ago?","You've done 13 weeks of genuinely hard looking. Not perfectly — nobody does it perfectly. But you've looked. Today we take stock of what's actually shifted, what you now see, and what you're taking into the next chapter. This is a threshold, not a finish line.",https://www.youtube.com/watch?v=jqONINYF17M,YouTube: 'The Power of Believing That You Can Improve' by Carol Dweck — affirms the transformation that comes from genuine self-examination and the growth mindset that makes Phase 2 possible. Runtime ~10 min.,,,,What have you worked out about yourself this term?,"PHASE 1 LETTER: Write a letter to yourself at the start of this journey. What do you want them to know? What would you tell them about what's coming? What do you know now that would have helped them then? You are not the same person who walked in to Week 1. Even if you can't exactly articulate how — something has opened. Share, if you choose: one line from your letter.","Write three things you now see that you couldn't (or wouldn't) see at Week 1 — one about yourself, one about your patterns, one about how you relate to others.","Given what you noticed today, what is one thing you will do differently before next Sunday?",Revisit Week 1 journal entries if you kept them. What do you notice about the gap between then and now?,Tell one person who isn't in this group something genuinely honest about what you've learned about yourself in the past 13 weeks.,Come back to the final session ready to share one line from your letter — if you want to.,,,"I see more clearly than I did. That clarity is mine, and it's the foundation of what comes next.","Create ritual and ceremony — teenagers respond powerfully to being genuinely seen and acknowledged. If letters are shared, do it with real reverence. Ensure the transition to Phase 2 is framed with excitement: 'what you've seen is the gift. What you do with it is the adventure.'",,,,
14,2,Unlearn,Unlearn,Teen,The Permission You're Still Waiting For,Admin Access Granted,Waiting for someone to say it's okay,What are you waiting for permission to do?,Permission and values,1 of 4,"15, 28, 43",Movement opener,,,"There's an old story about a student who kept asking their teacher for permission to begin. The teacher kept saying 'not yet.' Eventually the student realised: the teacher wasn't the one who could give that permission. Nobody was. The moment they began without asking, that was the lesson.",There's an old story about a student who kept asking their teacher for permission to begin.,,,You keep refreshing an inbox for an approval email that's never coming — because you're the one who has to hit send. Today: give yourself the green light on one thing you've been waiting on.,You keep refreshing an inbox for an approval email that's never coming — because you're the one who has to hit send.,,,"DRAFT — rewrite from the video transcript once the video is chosen.

A lot of the things you actually want to do — the things that feel most like you — you've been putting off because you're waiting for someone to say it's okay. A parent. A friend. The right feeling. Enough confidence. This week: that permission was always yours.","What's one thing you've wanted to do — creatively, personally, socially — that you haven't started because you were waiting to feel ready, or waiting for someone to say it was okay?",A lot of the things you actually want to do — the things that feel most like you — you've been putting off because you're waiting for someone to say it's okay. A parent. A friend. The right feeling. Enough confidence. This week: that permission was always yours.,https://www.youtube.com/watch?v=8CrOL-ydFMI,YouTube: 'Do Schools Kill Creativity?' by Ken Robinson — explores how external approval systems suppress authentic expression and self-directed action. Highly engaging and directly relevant. Runtime ~19 min.,,,,What are you waiting for permission to do?,"DRAFT VS. SEND: Think of something you've been keeping in 'draft' — a project, a conversation, a direction, a version of yourself. Write: What specifically are you waiting for before you 'send' it? What's the worst realistic outcome if you do? What's the cost of keeping it in draft indefinitely? What's the smallest possible version of 'sending' it this week? Share: what's in your draft folder — without necessarily sharing what it is, just how long it's been there.",Who are you waiting to impress before you let yourself begin? What would it mean if that person never gave you the green light?,"Given what you noticed today, what is one thing you will do differently before next Sunday?","Today, do one tiny thing you've been waiting to feel ready for. Not the whole thing. Just one tiny move.",Tell one person about something you've been keeping in draft. Say it out loud. Notice what happens.,Come back with what happened when you made the tiny move. How did it feel?,,,I don't need permission to become who I actually am.,"Some teens are waiting for parental permission in a very literal sense — be sensitive to family dynamics. The framing is about inner authority, not rebellion. Distinguish between appropriate consultation and chronic approval-seeking.",,,,
15,2,Unlearn,Unlearn,Teen,Letting Go of Who You Were Supposed to Be,Default Settings,Living up to what everyone expects,Whose expectations are you living inside?,Permission and values,2 of 4,"14, 28, 43",Standard,,,"There's an old idea: 'The life that is not examined is not worth living.' But what's rarely said is the other side — the life lived entirely according to someone else's examination, someone else's conclusions, someone else's expectations — that's not really living either. Today we start examining.",There's an old idea: 'The life that is not examined is not worth living.' But what's rarely said is the other side — the life lived entirely according…,,,You've been reading lines off a teleprompter someone else wrote — but it isn't your story. Today: put down one 'should' and say the line that's actually yours.,You've been reading lines off a teleprompter someone else wrote — but it isn't your story. Today: put down one 'should' and say the line that's actually yours.,,,"DRAFT — rewrite from the video transcript once the video is chosen.

There's probably a version of you that other people have planned out — a career path, a type of success, a kind of life. And there's the version of you that actually exists. This week we figure out which parts of your future belong to you — and which parts were handed to you without asking.",Be honest: what do you think the people closest to you expect your life to look like in 10 years? Now: is that actually what you want? How much overlap is there?,"There's probably a version of you that other people have planned out — a career path, a type of success, a kind of life. And there's the version of you that actually exists. This week we figure out which parts of your future belong to you — and which parts were handed to you without asking.",https://www.youtube.com/watch?v=NiuDFBNDoSk,YouTube: 'There's More to Life Than Being Happy' by Emily Esfahani Smith — explores authentic meaning vs. inherited happiness scripts. Highly relevant for teens navigating expectation. Runtime ~12 min.,,,,Whose expectations are you living inside?,"THE EXPECTATION MAP: Draw a page with two sections. Section 1: 'The life people around me seem to expect for me' — be specific about career, values, relationships, lifestyle markers. Who specifically expects this? Section 2: 'The life I actually find myself drawn to' — even if it's unclear, even if it seems unrealistic, even if you've never said it out loud. Now: where do these maps overlap? Where do they diverge most significantly? Share: one divergence point — without necessarily resolving it.",Write about one expectation someone has of your future that you've never questioned out loud. What happens when you question it now?,"Given what you noticed today, what is one thing you will do differently before next Sunday?","Notice one moment today where a choice you're making is genuinely yours — not inherited, not performed. What does that feel like?",Tell one trusted person about one way your actual direction diverges from the expected path. Notice their response — and notice what you feel after saying it.,Bring back: what was it like to draw the expectation map? What surprised you?,,,I am not obligated to become the person someone else planned. My life is mine to define.,"This is potentially a session where teens may disclose family conflict around expectations — particularly around academic or career pressure. Keep the framing on self-discovery rather than family critique. The goal is inner clarity, not rebellion.",,,,
16,2,Unlearn,Unlearn,Teen,The Forgiveness Loop,Closing the Background Apps,"Staying angry at someone, and what it costs you","Who are you still angry at, and what does staying angry give you?",Forgiveness,1 of 3,"17, 45",Standard,,,There's an old saying: 'Holding onto anger is like drinking poison and expecting the other person to die.' Most traditions across the world arrived at the same conclusion independently: forgiveness is not for the person who wronged you. It is for you.,There's an old saying: 'Holding onto anger is like drinking poison and expecting the other person to die.' Most traditions across the world arrived at the same conclusion…,,,Resentment is gripping a hot coal to throw at someone — you're the one getting burned. Today: name one grudge and picture opening your hand and setting the coal down.,Resentment is gripping a hot coal to throw at someone — you're the one getting burned.,,,"DRAFT — rewrite from the video transcript once the video is chosen.

Holding onto anger or resentment toward someone feels powerful — like you're making them pay. But research shows the only person actually paying is you. This week we look at what forgiveness actually means — and why it's one of the most self-interested things you can do.",Think of someone you're angry at or haven't forgiven. You don't have to name them. Just notice — how much mental space does this take up? When does it show up? How often does it replay?,Holding onto anger or resentment toward someone feels powerful — like you're making them pay. But research shows the only person actually paying is you. This week we look at what forgiveness actually means — and why it's one of the most self-interested things you can do.,https://www.youtube.com/watch?v=Ik_V3UIqoQ0,YouTube: Search 'science of forgiveness teen' or 'Fred Luskin forgiveness research' for accessible content on the physiological benefits of forgiveness. Runtime ~10–15 min.,,,,"Who are you still angry at, and what does staying angry give you?","THE BACKGROUND APP AUDIT: Think of one person or situation you're carrying resentment toward. Write: What exactly happened? What did it cost you? How often do you replay it? What has holding this cost you in energy, relationships, or peace? Now write: What would 'closing this app' actually look like? Not forgetting — just stopping the replay. Share: how much mental RAM is this taking up — without naming the specific app.","Write honestly: what are you getting from holding onto this resentment? (There's usually something — a sense of justice, a protection, a way of staying connected to what happened.) Is it worth the cost?","Given what you noticed today, what is one thing you will do differently before next Sunday?","When the resentment replays today, try saying internally: 'I know this hurt. I'm choosing to stop paying for it.' Notice what happens.",Tell one person you're working on releasing something you've been carrying. Notice how it feels to say that.,Bring back: what shifted — even a little — when you tried the internal reframe this week?,,,"I release what I've been carrying — not for them, but for myself. That energy is mine now.","For teens, forgiveness of peers — social exclusion, betrayal, online harm — can be extremely raw. Never minimise the hurt. The session is entirely about their own wellbeing, not about the other person. Make that distinction very clearly and repeatedly.",,,YES,
17,2,Unlearn,Unlearn,Teen,Forgiving Yourself,Closing the 2am Replay,Being honest about a mistake without hating yourself for it,What have you done that you still haven't forgiven yourself for?,Forgiveness,2 of 3,"16, 45",Standard,,,"There's an old practice in many wisdom traditions of 'honest confession' — not to a religious authority, but to yourself. The practice wasn't about punishment. It was about seeing clearly, accepting responsibility, and then releasing the grip of the past on the present. The purpose was always freedom, not continued suffering.","There's an old practice in many wisdom traditions of 'honest confession' — not to a religious authority, but to yourself. The practice wasn't about punishment.",,,You wouldn't keep charging a friend for a debt they already paid — so stop billing yourself for the same mistake. Today: mark one thing 'paid — lesson kept' and close the account.,You wouldn't keep charging a friend for a debt they already paid — so stop billing yourself for the same mistake.,,,"DRAFT — rewrite from the video transcript once the video is chosen.

You know all those mistakes, embarrassments, and bad calls you keep replaying — especially at 2am? This week we talk about why being permanently hard on yourself isn't the same as accountability. And why the most powerful thing you can do is actually learn from something and then let it go.","What's one thing from the past — a mistake, an embarrassment, something you said or did — that you still replay? Be honest about how often it comes up.","You know all those mistakes, embarrassments, and bad calls you keep replaying — especially at 2am? This week we talk about why being permanently hard on yourself isn't the same as accountability. And why the most powerful thing you can do is actually learn from something and then let it go.",https://www.youtube.com/watch?v=IvtZBUSplr4,YouTube: Kristin Neff self-compassion talk — accessible for teens and directly addresses the difference between self-compassion and making excuses. Also search 'self-forgiveness teen psychology' for shorter accessible clips. Runtime ~15–20 min.,,,,What have you done that you still haven't forgiven yourself for?,"THE 2AM AUDIT: Think of one thing you replay — a mistake, a failure, a moment you're not proud of. Work through: What actually happened? What would genuine accountability look like (acknowledging, understanding, repairing if possible)? Have you actually done those things — or are you still just punishing yourself? If a friend told you the same story, what would you actually say to them? Write them that message — then read it back to yourself. Share: one insight from this process.","Write the honest version of the story — what happened, what you learned, what you'd do differently. Then write: 'That is enough. I release the rest.'","Given what you noticed today, what is one thing you will do differently before next Sunday?","When the replay starts today, try interrupting it with: 'I've heard this. I've learned from it. I'm closing this tab.'",Tell one person something you've been replaying — and let them respond. Notice what it feels like when someone who cares about you hears the whole thing.,Bring back: what happened when you tried closing the tab this week?,,,I am accountable and I am compassionate with myself. I learn and I move forward.,The 2am framing resonates deeply with teens — it normalises a universal experience without glamorising it. The key distinction between shame and guilt is worth spending extra time on. Be alert for anyone who seems to be carrying significant self-blame — offer professional referral resources gently.,,,YES,
18,2,Unlearn,Unlearn,Teen,Rewiring the Critic — Building the Inner Coach,Building the Track,Turning the harsh voice into an honest one,What would a good coach have said to you instead?,The inner voice,2 of 3,"7, 32",Standard,,,There's a difference between a trainer who pushes you to get better and a voice that just tells you you're not good enough. One builds capacity. The other just builds dread. The inner coach pushes — but it believes in you while it does. That combination is what makes it work.,There's a difference between a trainer who pushes you to get better and a voice that just tells you you're not good enough. One builds capacity.,,,"Swap the heckler in your head for a good coach — same honesty, opposite tone. Today: rewrite one harsh line the way a great coach would say it.","Swap the heckler in your head for a good coach — same honesty, opposite tone. Today: rewrite one harsh line the way a great coach would say it.",,,"DRAFT — rewrite from the video transcript once the video is chosen.

Last time we met the inner critic. Now we do something with it. Not silence it forever — but replace it with something way more useful: a voice that's actually honest AND on your side. Think of the best coach, mentor, or teacher you've ever had. That's the voice we're building.","Think of the best teacher, coach, or mentor you've ever had — real or from a film or book. What made their voice different from the critic's? What did they say that the critic never says?","Last time we met the inner critic. Now we do something with it. Not silence it forever — but replace it with something way more useful: a voice that's actually honest AND on your side. Think of the best coach, mentor, or teacher you've ever had. That's the voice we're building.",https://www.youtube.com/watch?v=pN34FNbOKXc,YouTube: 'Growth Mindset vs. Fixed Mindset' animated explainer — Carol Dweck's research on the language of growth vs. the language of judgment. Runtime ~10 min.,,,,What would a good coach have said to you instead?,"CRITIC vs. COACH REWRITE: Take 3 things your inner critic commonly says to you. For each, write the coach version using this structure: Acknowledge ('That was hard / didn't go as planned'). Observe specifically ('The specific thing that happened was...'). Question forward ('What could I try differently / what did I learn?'). Affirm capacity ('You've handled hard things before / you can figure this out'). Read the coach versions aloud — even quietly to yourself. Notice what it feels like in your body. Share: one coach line that you actually believe.",Write a pre-game coach briefing for yourself before something challenging this week — the kind of thing the best coach would say.,"Given what you noticed today, what is one thing you will do differently before next Sunday?","Today when the critic fires, try running just the first line of the coach script: 'That was hard. And I can work with this.' Notice the difference.","Tell one person your coach voice — what it says, how it's different. Ask them to remind you of it when you slip back into critic mode.",Bring back: when did you use the coach voice this week? What happened?,,,"My inner coach is honest and on my side. I'm building that voice, one rep at a time.","Have teens write their coach scripts on actual cards they keep — a physical reminder is more effective than a mental one. The rep-by-rep framing resonates with teens who understand athletic or skill development. Reinforce: this is brain training, not positive thinking.",,,,
19,2,Unlearn,Unlearn,Teen,Breaking the People-Pleasing Pattern,The Battery Drain,"Being nice because you're scared, versus being nice because you mean it",When did you last say yes when you really meant no?,Choice and response,2 of 3,"3, 43",Standard,,,There's an old idea: you can't pour from an empty cup. People-pleasing is the habit of pouring constantly — for everyone else — and wondering why you're always running on empty. The radical act is filling your own cup first. Not instead of caring for others. But before.,There's an old idea: you can't pour from an empty cup.,,,Saying yes to everything is never closing any apps — your battery hits 1% by noon; a boundary is low-power mode on purpose. Today: turn one fear-'yes' into an honest 'no'.,Saying yes to everything is never closing any apps — your battery hits 1% by noon; a boundary is low-power mode on purpose.,,,"DRAFT — rewrite from the video transcript once the video is chosen.

Do you ever agree to things you don't want to do just to avoid the awkwardness of saying no? Say things you don't mean to keep the peace? Pretend to be fine when you're not? That's people-pleasing — and it feels kind but it's actually one of the most exhausting and self-erasing things you can do. This week we look at where it comes from and how to start changing it.","Honest check-in: In the past week, how many times did you say yes when you meant no? Agree with something you didn't agree with? Pretend to be okay when you weren't? How much energy did that take?",Do you ever agree to things you don't want to do just to avoid the awkwardness of saying no? Say things you don't mean to keep the peace? Pretend to be fine when you're not? That's people-pleasing — and it feels kind but it's actually one of the most exhausting and self-erasing things you can do. This week we look at where it comes from and how to start changing it.,https://www.youtube.com/watch?v=MIte_1vcOqs,"YouTube: Search 'people pleasing psychology teens' or 'how to say no without guilt' for accessible, practical content. Alternatively: Patrick Teahan or Dr Ramani on people-pleasing roots. Runtime ~10–15 min.",,,,When did you last say yes when you really meant no?,"THE YES/FEAR AUDIT: Think of your last 10 significant 'yeses.' For each one, honestly ask: Did I say yes because I genuinely wanted to — or because I was afraid of what would happen if I didn't? Sort them into two columns: 'Genuine yes' and 'Fear yes.' What's the ratio? Now: pick one 'fear yes' pattern. What specifically am I afraid will happen if I say no? How realistic is that fear? Share: the ratio — without naming specific situations.",Write about the person whose approval you most shape yourself around. What would happen to your relationship if you started being more honest? What's the best realistic outcome if you did?,"Given what you noticed today, what is one thing you will do differently before next Sunday?","Try one small no today — something low-stakes. Notice what you feel before, during, and after. Record it.",Tell one person about a 'fear yes' pattern you're working on. Ask them to notice when you're doing it.,Bring back: what happened with your small no this week? Fear vs. reality?,,,I say yes when I mean yes. I say no when I need to. Both are acts of respect.,People-pleasing is deeply tied to social belonging needs in teens — acknowledge that the fear of rejection is real and the brain genuinely experiences it as dangerous. The goal is not fearlessness but gradually expanding the window of tolerance for discomfort when acting from values.,,,,
20,2,Unlearn,Unlearn,Teen,Unlearning Scarcity — There Is Enough,The Resource Monitor,The feeling that there isn't enough to go around,"What do you hold back on, just in case?",Enough,2 of 3,"6, 46",Standard,,,There's an old observation: 'The one who knows they have enough will always have enough.' This isn't about money or stuff. It's about the baseline belief you carry. If the baseline is 'there isn't enough' — you'll feel that scarcity even when you're objectively fine. If the baseline is 'there is enough' — you generate more of everything.,There's an old observation: 'The one who knows they have enough will always have enough.' This isn't about money or stuff. It's about the baseline belief you carry.,,,"Kindness isn't a biscuit tin that empties — it's a candle that lights other candles and loses nothing. Today: give something away as if it multiplies, because it does.",Kindness isn't a biscuit tin that empties — it's a candle that lights other candles and loses nothing.,,,"DRAFT — rewrite from the video transcript once the video is chosen.

There's a thought that runs constantly in the background for most people: not enough time, not enough success, not good enough. It drives comparison, competition, and the feeling that you're always slightly behind. This week we look at where that thought actually comes from — and whether it's actually true.",What do you feel like you never have enough of? Time? Friends? Success? Recognition? Attention? Pick the one that hits hardest. Where did you first learn to feel scarce about that thing?,"There's a thought that runs constantly in the background for most people: not enough time, not enough success, not good enough. It drives comparison, competition, and the feeling that you're always slightly behind. This week we look at where that thought actually comes from — and whether it's actually true.",https://www.youtube.com/watch?v=RZWf2_2L2v8,YouTube: Search 'scarcity mindset vs abundance mindset explained' for clear animated or talk-format explainers. Also: Brené Brown on 'never enough' culture is widely available. Runtime ~10–15 min.,,,,"What do you hold back on, just in case?","ENOUGH AUDIT: What are the three main areas where you feel 'not enough'? For each one: When did this start? What specific evidence are you using to decide you're not enough in this area? If your best friend had exactly your situation, would you tell them they weren't enough? What would 'genuinely enough' actually look like — not perfect, just enough? Share: one 'not enough' story you're questioning.","Write about what your life would look like if you genuinely believed you were enough — not perfect, not finished, but fundamentally, currently enough. What would you do differently?","Given what you noticed today, what is one thing you will do differently before next Sunday?",Notice one 'not enough' thought today. Ask: is this actually true? Or is it a programme running on old data?,Tell one person about an area where you're practising 'enough' thinking. Ask them to reinforce it when you slide back.,Bring back: what happened when you questioned the 'not enough' thought this week?,,,"I am enough, right now, for today. And from that place, I keep growing.",'Not enough' is the background hum of most teens' inner worlds — naming it directly often produces strong recognition. The shift is not to false positivity but to questioning whether the measure is real and whether it's theirs. This session pairs powerfully with Weeks 5 and 6 from Phase 1.,,,,
21,2,Unlearn,Unlearn,Teen,The Relationships That Shaped You,Auditing the Relationship Code,What you picked up from the people who raised you,What did you learn about love from the people who raised you?,Old hurt,2 of 3,"9, 23",Standard,,,There's an old observation: 'Show me who shaped you and I'll understand how you love.' Not as a verdict — but as a map. Understanding where your relational patterns came from is the beginning of choosing which ones to carry forward.,There's an old observation: 'Show me who shaped you and I'll understand how you love.' Not as a verdict — but as a map.,,,"You inherited relationship 'settings' the way a phone ships with defaults — some are great, some need updating. Today: spot one default about love you want to change.","You inherited relationship 'settings' the way a phone ships with defaults — some are great, some need updating. Today: spot one default about love you want to change.",,,"DRAFT — rewrite from the video transcript once the video is chosen.

You didn't choose your family, your early friendships, or the first people who taught you what love and trust look like. But those relationships installed some pretty powerful programmes about how you connect with people. Today we look at those programmes — and decide which ones to keep.","Think of the relationship — family, friend, or other — that has most shaped how you trust and connect with people. What did it teach you about what relationships feel like?","You didn't choose your family, your early friendships, or the first people who taught you what love and trust look like. But those relationships installed some pretty powerful programmes about how you connect with people. Today we look at those programmes — and decide which ones to keep.",https://www.youtube.com/watch?v=WjOowWxOXCg,YouTube: Search 'attachment styles explained teen' or 'how childhood affects adult relationships' for accessible content. Alternatively: search 'anxious avoidant secure attachment animated' for visual explainers. Runtime ~10–15 min.,,,,What did you learn about love from the people who raised you?,"MY RELATIONSHIP BLUEPRINT: Think about one significant relationship from your past — a parent, a close friend, a first romantic interest. What did that relationship teach you about: trust (is it safe to rely on others?), closeness (is intimacy safe?), and conflict (what happens when things go wrong?). Now: where do those same patterns show up in your current relationships? Which patterns are helpful? Which ones create problems? Share: one pattern you've noticed repeating across different relationships.",Write about a relationship pattern you've noticed in yourself. Where do you think it came from? Does it help you or hurt you in current relationships?,"Given what you noticed today, what is one thing you will do differently before next Sunday?",Notice once today in a friendship or family interaction when an old pattern seems to be running. Just name it silently — 'there's the template.',Tell one trusted person about a relational pattern you've noticed in yourself. Ask them if they see it too — and be willing to hear the answer.,Bring back: what did you notice about relational patterns this week?,,,I understand how I was taught to connect. I choose which patterns I carry forward — and I can build new ones.,"Some teens may recognise painful or even traumatic relational patterns for the first time in this session. Have professional referral resources available. The tone should be empowering, not pathologising — these patterns were formed for good reasons and can be changed.",,,YES,
22,2,Unlearn,Unlearn,Teen,Setting Down the Armour,Firewall Settings,The walls that kept you safe and now keep people out,"What are you protecting, and who's stuck on the outside of it?",Masks and being seen,2 of 3,"10, 42",Standard,,,"There's an old paradox: the strongest walls also keep out the light. Protecting yourself from pain often protects you from joy in the same motion. The question is not whether to have walls — but knowing where the doors are, and trusting yourself to choose when to open them.",There's an old paradox: the strongest walls also keep out the light. Protecting yourself from pain often protects you from joy in the same motion.,,,"The armour that got you through school now sets off the metal detector at the hug. Today: lower one piece of armour — sarcasm, busyness, control — with one safe person.",The armour that got you through school now sets off the metal detector at the hug.,,,"DRAFT — rewrite from the video transcript once the video is chosen.

We all develop ways of protecting ourselves when things feel unsafe — humour, sarcasm, not caring, never letting anyone get too close. Those strategies made sense once. But if the armour never comes down, you end up safe and alone. This week we look at what you're protected against — and what you're also blocking.",What's your most reliable emotional defence? Do you get funny when things are serious? Go quiet? Get sarcastic? Pretend not to care? Agree to avoid conflict? Most of us have a signature move — what's yours?,"We all develop ways of protecting ourselves when things feel unsafe — humour, sarcasm, not caring, never letting anyone get too close. Those strategies made sense once. But if the armour never comes down, you end up safe and alone. This week we look at what you're protected against — and what you're also blocking.",https://www.youtube.com/watch?v=iCvmsMzlF7o,"TED Talk: Brené Brown on vulnerability — directly addresses the armour that teens most relate to (cool detachment, irony, numbing). Runtime ~20 min. Can be shown in clips.",,,,"What are you protecting, and who's stuck on the outside of it?","FIREWALL AUDIT: Identify your top two or three emotional defences. For each: What situation most reliably triggers it? What was the original threat it was built against? What does it successfully protect you from? What does it also block that you actually want? What would it take — what conditions would need to be present — for you to safely lower it, even briefly? Share: one defence and what it costs you.",Write about the thing you most protect others from seeing in you. What would actually happen if they saw it?,"Given what you noticed today, what is one thing you will do differently before next Sunday?",Choose one low-risk moment this week to lower a small piece of your defence — let something genuine show. Notice what happens.,Tell one trusted person about a defence strategy you use. See how they respond to the honesty itself.,Bring back: what happened when you lowered the defence a little? Fear vs. reality?,,,I am strong enough to be real. Connection is worth the risk of being seen.,"The armour session is particularly potent for teens who have experienced significant social pain or betrayal. Never pressure anyone to lower their defences in a group setting — the session is about building awareness, not demanding vulnerability. Model appropriate vulnerability as a facilitator.",,,,
23,2,Unlearn,Unlearn,Teen,Grief and Growth — What Endings Make Possible,What Deserved a Ceremony,"Endings, and what they make room for",What ended that you never really got over?,Old hurt,3 of 3,"9, 21",Standard,,,"There's an old understanding across cultures: endings deserve to be witnessed. That's why there are funerals, closing ceremonies, graduation rituals. The ritual isn't for the dead — it's for the living. It marks the ending so the living can begin. Today we think about the endings in your life that deserved a ceremony and didn't get one.","There's an old understanding across cultures: endings deserve to be witnessed. That's why there are funerals, closing ceremonies, graduation rituals.",,,"Winter looks like the tree died, but it's just clearing the branches for spring. Today: name what an ending has quietly made room for.","Winter looks like the tree died, but it's just clearing the branches for spring. Today: name what an ending has quietly made room for.",,,"DRAFT — rewrite from the video transcript once the video is chosen.

Grief isn't only about death. It's also about things ending — friendships that changed, versions of yourself you had to leave behind, futures you imagined that didn't happen. Most people were never taught how to grieve properly. This week we learn what grief actually requires — and why moving through it (not around it) is where growth lives.","What's something that ended in your life — a friendship, a chapter, a version of yourself, something you hoped for — that you never fully got to grieve? That maybe you just... pushed through?","Grief isn't only about death. It's also about things ending — friendships that changed, versions of yourself you had to leave behind, futures you imagined that didn't happen. Most people were never taught how to grieve properly. This week we learn what grief actually requires — and why moving through it (not around it) is where growth lives.",https://www.youtube.com/watch?v=khkJkR-ipfw,YouTube: Search 'David Kessler grief teenager' or 'processing loss teen psychology' for accessible content. Also: search 'post-traumatic growth explained' for the growth-through-loss research. Runtime ~10–15 min.,,,,What ended that you never really got over?,"ENDINGS THAT DESERVE ACKNOWLEDGMENT: In your journal, write about one ending in your life that you never properly processed. What was lost — specifically? What did it mean to you? What did you do instead of grieving it? What would properly acknowledging it look and feel like? And: is there anything this loss has given you or made possible, even in a painful way? Share: one ending you're beginning to honour — without necessarily sharing the full detail.","Write a short goodbye to something that ended — a friendship, a chapter, a dream. Say what it meant. Thank it. Let it go.","Given what you noticed today, what is one thing you will do differently before next Sunday?","Allow yourself one quiet moment this week to acknowledge an ending you've been avoiding. Write it down, or just sit with it for five minutes.",Tell one trusted person about something you've lost that you haven't talked about. Let them simply hear it.,Bring back: what was it like to write the goodbye? What shifted — even a little?,,,I honour my losses. Moving through them is how I make space for what's next.,"Adolescent grief is often unacknowledged in adult frameworks. Make explicit that loss here includes friendship endings, relationship breakdowns, family changes, identity losses — not only death. Follow CRITICAL guidelines: have wellbeing resources available, do not push anyone to share more than they are comfortable with.",,,YES,
24,2,Unlearn,Unlearn,Teen,Rewiring Fear — From Threat to Signal,Updating the Alarm System,"Fear as information, not an instruction",What are you scared of that has never actually happened?,The body,2 of 3,"4, 30",Standard,,,"There's an old practice: the samurai meditated on death daily — not to become morbid, but to distinguish clearly between what was actually dangerous and what merely felt uncomfortable. The distinction gave them freedom. Most of our fears, when examined clearly, turn out to be discomfort wearing a danger costume.","There's an old practice: the samurai meditated on death daily — not to become morbid, but to distinguish clearly between what was actually dangerous and what merely felt…",,,"Most alarms in your head are burnt toast, not a house fire — the smoke detector just can't tell the difference. Today: label one fear 'burnt toast' and open a window instead of running.","Most alarms in your head are burnt toast, not a house fire — the smoke detector just can't tell the difference.",,,"DRAFT — rewrite from the video transcript once the video is chosen.

Fear is useful — when it's pointing at real danger. But most of the fear that shapes our decisions isn't about real danger. It's about embarrassment, failure, judgment, and uncertainty. This week we learn to tell the difference — and to stop letting discomfort run disguised as danger.",What's one fear that regularly shapes your choices? Not a scary movie fear — a real one that stops you doing things you actually want to do.,"Fear is useful — when it's pointing at real danger. But most of the fear that shapes our decisions isn't about real danger. It's about embarrassment, failure, judgment, and uncertainty. This week we learn to tell the difference — and to stop letting discomfort run disguised as danger.",https://www.youtube.com/watch?v=ZizdB0TgAVM,YouTube: Search 'how to overcome fear psychology teen' or 'exposure therapy explained animated' for accessible content on the neuroscience of rewiring fear. Runtime ~10–15 min.,,,,What are you scared of that has never actually happened?,"DANGER vs. DISCOMFORT: List 5 fears that shape your choices. For each, honestly classify: genuine danger, or discomfort disguised as danger? For your 'discomfort' fears: what specifically are you afraid will happen? How realistic is it? What have you missed by avoiding this? What's the smallest step toward it? Share: one discomfort fear — and what avoiding it has cost you.",Write about the gap between what your fear predicts will happen — and what has actually happened the times you've pushed through it anyway.,"Given what you noticed today, what is one thing you will do differently before next Sunday?",Walk toward one small discomfort fear today. Notice: prediction vs. reality.,Tell someone about a fear you're rewiring. Ask them to call it out gently when they see you avoiding it.,Bring back: what was the fear's prediction? What actually happened?,,,I feel the fear. I name what it actually is. And I move toward what matters.,The fear prediction vs. reality exercise is one of the most practically powerful of the year. Teens often discover their fear's predictions are dramatically worse than reality. Build in time for genuine reflection on past experiences of walking through fear.,,,YES,
25,2,Unlearn,Unlearn,Teen,The Stories That No Longer Serve,Writing the Update,An old story that protected you and now holds you back,What story about yourself is out of date?,Stories and identity,3 of 5,"2, 5, 27, 49",Standard,,,There's a real difference between the events of your life and the story you tell about those events. The events are fixed. The story is not. You are always the author of the meaning. Today we practise using that authorship.,There's a real difference between the events of your life and the story you tell about those events. The events are fixed. The story is not.,,,An old story is a saved route on your maps app that no longer goes where you live. Today: delete one outdated 'I always…' and set a new destination.,An old story is a saved route on your maps app that no longer goes where you live.,,,"DRAFT — rewrite from the video transcript once the video is chosen.

In Phase 1 we found the stories running in the background. Now we do something about them. Not all stories are ready to go — but some of them are. This week we write the upgrade: the same events, a more complete interpretation, a new author in charge.","Think of a story you've been carrying about yourself since Phase 1 — one that has shaped choices you've made, things you've avoided, how you see yourself. Has anything shifted in how you hold it over the past 12 weeks?","In Phase 1 we found the stories running in the background. Now we do something about them. Not all stories are ready to go — but some of them are. This week we write the upgrade: the same events, a more complete interpretation, a new author in charge.",https://www.youtube.com/watch?v=D9Ihs241zeg,YouTube: Brené Brown on stories and meaning — or search 'narrative identity teen psychology' for accessible research-based content. Runtime ~15 min.,,,,What story about yourself is out of date?,"STORY UPDATE: Choose one significant story about yourself you're carrying. Write the current version — exactly as you've been telling it. Then write the expanded version: What have you left out? What strengths emerged from the hard parts? What did you survive or learn that the current story doesn't credit you for? What would the full, honest, complete story enable that the edited version prevents? Share: the opening line of the new story.","Write the first line of a new chapter in your story — the one that starts now, from here, having come through what you've come through.","Given what you noticed today, what is one thing you will do differently before next Sunday?",Live from the new story for one day this week. Make one choice that the new story enables but the old one would have prevented.,Tell one person the new story — or just the direction of it. Notice what it feels like to own it.,Bring back: what was it like to write the new story? Did anything change?,,,I am the author of what my story means. I write from here — forward.,This is one of the most empowering sessions of the year — handle the writing exercise with care and adequate time. The shift from 'things happened to me' to 'here is what I made from what happened' is paradigm-shifting for many teens. Celebrate the new story openings that are shared.,,,,
26,2,Unlearn,Unlearn,Teen,Integration — What We Have Released,Threshold Crossing,Pulling the movement together,"What have you put down, and what are you still holding?",Integration,2 of 4,"13, 39, 52",Integration,,,"In old traditions, a period of inner work was always marked with a ceremony — a threshold crossing. Not because you're done. Because something real has happened, and it deserves to be acknowledged. That's today.","In old traditions, a period of inner work was always marked with a ceremony — a threshold crossing. Not because you're done.",,,"You've cleared a pile of old apps clogging the phone — permission-seeking, resentment, armour. Today: notice how much lighter and faster you run without them.","You've cleared a pile of old apps clogging the phone — permission-seeking, resentment, armour. Today: notice how much lighter and faster you run without them.",,,"DRAFT — rewrite from the video transcript once the video is chosen.

Thirteen weeks of unlearning. Today we close Phase 2 by taking stock of what you've actually released — not what you've fixed, but what you've set down. What's lighter. What has more space. And what you're walking into Phase 3 with that you didn't have before.",Name three things — even small ones — that feel lighter after these 13 weeks. Not fixed. Not solved. Just lighter. What has loosened its grip even a little?,"Thirteen weeks of unlearning. Today we close Phase 2 by taking stock of what you've actually released — not what you've fixed, but what you've set down. What's lighter. What has more space. And what you're walking into Phase 3 with that you didn't have before.",https://www.youtube.com/watch?v=jqONINYF17M,YouTube: Carol Dweck 'The Power of Believing That You Can Improve' — a perfect bridge between the work of unlearning and the work of rebuilding. Runtime ~10 min.,,,,"What have you put down, and what are you still holding?","RELEASE AND COMMIT: In your journal, complete these four sentences: 'In Phase 2, I have released or loosened...' 'Something I see more clearly now is...' 'I arrive at Phase 3 carrying...' 'One commitment I make for the rebuild is...' If you choose: share one line from any of these. It is witnessed by everyone in this room. That witnessing matters.","Write a letter to yourself from the beginning of Phase 2 — what do you want them to know about what's coming, and what they're capable of?","Given what you noticed today, what is one thing you will do differently before next Sunday?",Revisit something you wrote at the beginning of Phase 2. Notice the gap. Acknowledge it.,Tell one person who has supported your journey: 'Something that is genuinely lighter for me now is...' Let them hear it.,Come back ready to share one line from your release statement — if you're willing.,,,"I have done real work. I arrive at Phase 3 lighter, clearer, and ready to build.","Create genuine ceremony — even small rituals matter deeply at this age. The release statements shared in silence are powerful. If the group has developed strong trust over Phase 2, this session can be one of the most moving of the year. Honour every share. End with genuine excitement for Phase 3.",,,,
27,3,Rebuild,Rebuild,Teen,Who Are You Now? — Rebuilding Identity,The First Brick,Choosing who you are instead of accepting a label,"If nobody had ever told you who you were, who would you be?",Stories and identity,4 of 5,"2, 5, 25, 49",Movement opener,,,There's an old idea that the most important question a person can ask is not 'what do I want to do?' but 'who do I want to be?' Because who you are shapes everything you do. Today we start answering that question from scratch — without the old stories running the answer.,There's an old idea that the most important question a person can ask is not 'what do I want to do?' but 'who do I want to be?'…,,,"Instead of the labels stuck on you like airport baggage tags, you get to pack your own bag. Today: choose the three qualities you're building yourself from.","Instead of the labels stuck on you like airport baggage tags, you get to pack your own bag. Today: choose the three qualities you're building yourself from.",,,"DRAFT — rewrite from the video transcript once the video is chosen.

After two phases of looking honestly at what you've absorbed and what you're releasing, we arrive at the most important question of Phase 3: who are YOU? Not the roles, not the labels, not the history. The actual you — right now — with the agency to choose who you're becoming. Today we begin building that deliberately.","Here's the question: if you could design your character from scratch — the qualities, values, and ways of being that you most want to embody — what would you build? Don't start with what's realistic. Start with what's true.","After two phases of looking honestly at what you've absorbed and what you're releasing, we arrive at the most important question of Phase 3: who are YOU? Not the roles, not the labels, not the history. The actual you — right now — with the agency to choose who you're becoming. Today we begin building that deliberately.",https://www.youtube.com/watch?v=W1eYrhGeffc,YouTube: Search 'identity formation teen psychology' or James Clear on identity-based habits — 'Atomic Habits identity change.' Highly practical and directly relevant. Runtime ~10–15 min.,,,,"If nobody had ever told you who you were, who would you be?","IDENTITY BUILDER: In your journal, answer from your most honest self: 'The three qualities I most want to embody are...' / 'The kind of person I am choosing to become is...' / 'What I stand for — my non-negotiables — are...' / 'The things I want people to genuinely experience when they're around me are...' Now: look at what you've written. Does your current daily life reflect this? Where is the biggest gap? Share: one quality you're actively building.",Write 'I am the kind of person who...' five times — completing it each time with something you genuinely want to be true. Read it back to yourself daily this week.,"Given what you noticed today, what is one thing you will do differently before next Sunday?","Live from one identity quality today. Act as if you are already that person, in at least one interaction.",Tell one person: 'Something I'm genuinely building in myself right now is...' Notice what it feels like to own it.,Bring back: what happened when you acted from your identity quality? What felt true?,,,"I am building the person I actually want to be — on purpose, from values, one day at a time.","The identity builder exercise is one of the most genuinely exciting of the year — create space for teens to really sit with it. The 'I am the kind of person who...' reframe should be practised in the room, not just discussed. Have them write it on cards they keep.",,,,
28,3,Rebuild,Rebuild,Teen,What Do You Actually Value?,Opening the Settings Menu,What actually matters to you underneath the goals,"What would you not give up, whatever you were offered?",Permission and values,3 of 4,"14, 15, 43",Standard,,,There's a powerful question from philosophy: 'How do you want to live?' Not what do you want to have or achieve — but how do you want to live? What qualities do you want to be true of how you show up every day? That question is the beginning of values. Today we answer it.,There's a powerful question from philosophy: 'How do you want to live?' Not what do you want to have or achieve — but how do you want to…,,,Values are your GPS 'home' setting — every turn is easier once it's locked in. Today: name your true-north value and check one recent decision against it.,Values are your GPS 'home' setting — every turn is easier once it's locked in. Today: name your true-north value and check one recent decision against it.,,,"DRAFT — rewrite from the video transcript once the video is chosen.

Values aren't what you say you believe — they're what you demonstrate with your time, energy, and choices. Most people have never actually thought about what their values are. And most people are living primarily from absorbed values — other people's ideas about what matters — rather than ones they actually chose. This week we get explicit.","Quick: what are your values? If you can list them confidently — what actually determines your choices day to day? If it's harder than expected, that's completely normal. Most people haven't done this work. Today we do.","Values aren't what you say you believe — they're what you demonstrate with your time, energy, and choices. Most people have never actually thought about what their values are. And most people are living primarily from absorbed values — other people's ideas about what matters — rather than ones they actually chose. This week we get explicit.",https://www.youtube.com/watch?v=jHeeHg_MXNE,YouTube: Search 'values clarification teen psychology' or 'knowing your values animated' for accessible content. Russ Harris on ACT values is excellent and accessible. Runtime ~10–15 min.,,,,"What would you not give up, whatever you were offered?","VALUES EXCAVATION: List everything you think you value. Then for each: Is this genuinely mine — or have I absorbed it? Is it a means to something else (like 'success' to get approval) or valuable in itself? Narrow to your top 5. For each of the 5: Write a specific, observable behaviour that would demonstrate this value. Where are you most aligned? Least? If two values clash — freedom vs. loyalty, honesty vs. kindness — which wins? Share: your top three values and one way they show up in your life.",Write your personal values as 'I am the kind of person who...' statements — one for each of your top values. Read them back to yourself. Notice which ones feel true already and which ones are aspirational.,"Given what you noticed today, what is one thing you will do differently before next Sunday?",Make one decision today explicitly from your top value. Notice what changes.,Share your top values with one person who knows you well. Ask: do you actually see these in me? Receive the answer.,Bring back: where did you live most clearly from your values this week?,,,"My values are mine — chosen, not absorbed. They are the compass I build from.",The 'absorbed vs. chosen values' distinction is the key insight of this session. Give teens genuine time to wrestle with it — the discomfort of realising you've been living from values you didn't choose is productive and important. Celebrate any moment of genuine self-authorship.,,,,
29,3,Rebuild,Rebuild,Teen,The Habits That Build You,Designing the Practice,Small things done daily that build who you become,What do you do every day that's quietly making you someone?,Habits and structure,2 of 4,"12, 33, 47",Standard,,,"Small consistent practice beats large inconsistent effort every time. Not dramatic. Just regular. The river doesn't carve the canyon in one rush — it does it through constant, patient movement in one direction. That's the practice.",Small consistent practice beats large inconsistent effort every time. Not dramatic. Just regular.,,,You don't get fit from one epic gym session — you get fit from showing up small and often; identity works the same. Today: pick the 1% habit you'll repeat like brushing your teeth.,You don't get fit from one epic gym session — you get fit from showing up small and often; identity works the same.,,,"DRAFT — rewrite from the video transcript once the video is chosen.

We mapped habits in Phase 1 and cleared some in Phase 2. Now we build the ones that actually express who you're choosing to be. Not willpower-based habits that burn out — identity-based ones that compound quietly. This is where Phase 3 gets real.",Think of one quality from your identity builder in Week 27. Now: what's the smallest daily habit that would actually express that quality? Not a big commitment — the tiniest version that still counts.,We mapped habits in Phase 1 and cleared some in Phase 2. Now we build the ones that actually express who you're choosing to be. Not willpower-based habits that burn out — identity-based ones that compound quietly. This is where Phase 3 gets real.,https://www.youtube.com/watch?v=W1eYrhGeffc,YouTube: James Clear on atomic habits — search 'James Clear atomic habits summary' for short accessible versions. Also: BJ Fogg 'Tiny Habits' for the minimum viable approach. Runtime ~10–15 min.,,,,What do you do every day that's quietly making you someone?,"HABIT DESIGN: Choose two habits to build — one for your inner life (mind, reflection, learning) and one for your outer life (body, relationships, creative expression). For each: Write the identity it expresses ('I am the kind of person who...'). Define the SMALLEST possible daily version. Identify the habit stack anchor. Design one environmental change to support it. Share: your two minimum viable habits.","Write your two-habit design out in full — identity statement, minimum version, anchor, environment change.","Given what you noticed today, what is one thing you will do differently before next Sunday?",Start your first minimum habit TODAY. Doesn't have to be perfect. Just has to happen.,Tell one person your identity-based habit and the minimum version. Ask them to check in with you next week.,Bring back: how many days did you show up? What helped? What got in the way?,,,"I build the person I'm becoming one small, consistent habit at a time.","The minimum viable habit concept is genuinely liberating for teens who have attempted and failed large habit changes. Emphasise: the smallness is the point, not a compromise. Starting is everything. Have them physically write the habit on a card they carry.",,,,
30,3,Rebuild,Rebuild,Teen,Your Body as Foundation,Charging the Hardware,"Sleep, food, movement — the base everything sits on",What does your body need that you keep ignoring?,The body,3 of 3,"4, 24",Standard,,,"Ancient warriors, scholars, and sages all had one thing in common: they treated the body with deliberate respect. Not vanity. Not performance. Foundation. The body carries the mind carries the soul — and they cannot be separated. What you do for your body, you do for everything else.","Ancient warriors, scholars, and sages all had one thing in common: they treated the body with deliberate respect. Not vanity. Not performance. Foundation.",,,"Your body is the phone the whole day runs on, and sleep, movement, food and calm are the four charging cables. Today: plug in the one that's most drained.","Your body is the phone the whole day runs on, and sleep, movement, food and calm are the four charging cables.",,,"DRAFT — rewrite from the video transcript once the video is chosen.

Everything we've been building — self-awareness, emotional intelligence, identity, values — runs on your physical hardware. Sleep, movement, and how you fuel yourself are not separate from personal development. They ARE personal development. This week we treat the body like the foundation it is.",Honest check-in: How many hours of sleep did you get last night? When did you last move your body in a way that felt good? How did you fuel yourself today? No judgment — just data. What does this baseline tell you?,"Everything we've been building — self-awareness, emotional intelligence, identity, values — runs on your physical hardware. Sleep, movement, and how you fuel yourself are not separate from personal development. They ARE personal development. This week we treat the body like the foundation it is.",https://www.youtube.com/watch?v=5MuIMqhT8oY,YouTube: 'Sleep is Your Superpower' by Matthew Walker — directly relevant to teens and highly engaging. Runtime ~19 min. Also: search 'exercise and teen mental health research' for movement evidence.,,,,What does your body need that you keep ignoring?,"BODY AUDIT: Rate yourself 1–10 in four areas: sleep, movement, nourishment, ability to calm down when stressed. For your lowest score: what one small change would most move the needle? Not the perfect change — the most accessible one. Design the minimum viable version and the environment change that supports it. Share: your lowest area and your one small upgrade.","Write your minimum body foundation protocol for this week — what you commit to for sleep, movement, nourishment, and one stress regulation practice.","Given what you noticed today, what is one thing you will do differently before next Sunday?",Implement your lowest-score area change today — the smallest possible version. Track it for seven days.,Tell one person about your body foundation goal. Ask them what they've noticed about the connection between their physical state and how they show up mentally and emotionally.,"Bring back: what changed in your mood, energy, or capacity when you prioritised your body this week?",,,My body is the foundation everything else grows from. I take care of it like it matters — because it does.,"Be extremely careful not to let this session tip into body image territory — this is entirely about function, energy, and wellbeing, not appearance. Acknowledge the very real structural barriers to sleep and healthy eating for teens (school schedules, family systems, finances). The goal is the highest-leverage small change, not the perfect protocol.",,,,
31,3,Rebuild,Rebuild,Teen,The People You Choose,Your Operating Environment,How the people around you shape who you are,Who do you become when you're with your closest mates?,Belonging,1 of 3,"38, 48",Standard,,,"There's an old observation: 'If you want to fly with eagles, don't hang around with turkeys.' Not about judgment — about environment. The people you surround yourself with set the standard for what's possible, what's normal, and who you're becoming. That's worth being intentional about.","There's an old observation: 'If you want to fly with eagles, don't hang around with turkeys.' Not about judgment — about environment.",,,"You become the average of your five most-opened contacts. Today: pick one relationship to open more, and one notification to turn down.","You become the average of your five most-opened contacts. Today: pick one relationship to open more, and one notification to turn down.",,,"DRAFT — rewrite from the video transcript once the video is chosen.

The people you spend the most time with have more influence on who you become than almost anything else. Not through dramatic conversations — just through daily presence, what gets normalised, what gets reinforced, what gets expanded or contracted. This week we get intentional about who's in your circle.","Think of the three people you spend the most time with. After spending time with each of them, do you generally feel better or worse about yourself? More or less like who you want to be? That's important data.","The people you spend the most time with have more influence on who you become than almost anything else. Not through dramatic conversations — just through daily presence, what gets normalised, what gets reinforced, what gets expanded or contracted. This week we get intentional about who's in your circle.",https://www.youtube.com/watch?v=q4g_cxMWnMk,"YouTube: Robert Waldinger 'What Makes a Good Life?' — the Harvard Study findings on relationships, presented accessibly. Genuinely moving and highly relevant. Runtime ~13 min.",,,,Who do you become when you're with your closest mates?,"RELATIONSHIP ENERGY AUDIT: Think of your 5–6 most significant relationships. For each, honestly: After spending time with this person, do I feel more or less like the person I want to be? Expanded or contracted? Closer to or further from my values? Sort them into two columns: Expanding and Contracting. Now: are there expanding relationships you're under-investing in? Contracting ones you're staying in out of habit or obligation? What would intentional action look like? Share: one relationship you want to invest more in.","Write about the social environment you are actively building — who you want to attract into your life as you grow, and what you offer to the people who choose to be close to you.","Given what you noticed today, what is one thing you will do differently before next Sunday?",Reach out to one expanding relationship today — tell them specifically what you value about them.,Tell one expanding person in your life: 'I want you to know that time with you genuinely helps me grow.' Notice what that does for both of you.,Bring back: what happened when you invested in an expanding relationship this week?,,,I choose my circle with intention. The people I spend time with are part of how I build.,"The energy audit can be genuinely challenging — teens may realise that their primary social group is contracting rather than expanding. Emphasise the distinction between ending relationships and relating to them differently. The goal is intentionality, not social restructuring.",,,,
32,3,Rebuild,Rebuild,Teen,How You Speak to Yourself,Redesigning the Soundtrack,How you talk to yourself when things go wrong,What would you say to a mate who was where you are?,The inner voice,3 of 3,"7, 18",Standard,,,"There's a concept in coaching: the quality of your self-talk determines the quality of your performance — not as motivation, but as neuroscience. The words you use internally trigger physiological responses. Choose them like it matters. Because it does.","There's a concept in coaching: the quality of your self-talk determines the quality of your performance — not as motivation, but as neuroscience.",,,Talk to yourself like you'd text a friend having a hard day — not like an anonymous troll in the comments. Today: keep one kind phrase in your pocket for the next hard moment.,Talk to yourself like you'd text a friend having a hard day — not like an anonymous troll in the comments.,,,"DRAFT — rewrite from the video transcript once the video is chosen.

The voice in your head is the one you'll hear more than any other person's voice in your entire life. What quality is it? What does it say on a hard day? What does it say when you succeed? What does it say when you first wake up? This week we make that voice deliberately good.",If I asked you to play me a 10-second clip of your most common internal soundtrack — the running commentary in your head on a normal day — what would it sound like? What would the dominant tone be?,The voice in your head is the one you'll hear more than any other person's voice in your entire life. What quality is it? What does it say on a hard day? What does it say when you succeed? What does it say when you first wake up? This week we make that voice deliberately good.,https://www.youtube.com/watch?v=NiuDFBNDoSk,YouTube: Ethan Kross on self-talk research — search 'Ethan Kross chatter self-talk' for highly accessible and directly relevant talks. Runtime ~15 min.,,,,What would you say to a mate who was where you are?,"SELF-TALK REDESIGN: For three situations — waking up, a moment of difficulty, and after something goes wrong — write: your current typical self-talk, and your redesigned version using the principles above. The redesigned version should be: honest (not fake positive), compassionate, specific rather than global, and forward-oriented ('what next?' rather than 'why again?'). Create 3 anchor phrases for key daily moments. Share: your redesigned self-talk for one of the three situations.",Write your three anchor phrases on a card you'll keep somewhere visible. Use them deliberately for seven days and track what shifts.,"Given what you noticed today, what is one thing you will do differently before next Sunday?",Use your morning anchor phrase tomorrow and report what it does for the start of your day.,Share your anchor phrases with one trusted person. Ask them what self-talk they most wish they could change.,Bring back: how did your anchor phrases change your day? What surprised you?,,,"The voice in my head is worth choosing. I make it honest, compassionate, and on my side.","Anchor phrases work best when they're genuinely personalised — spend time helping teens craft ones that sound like them, not like a motivational poster. The self-distancing technique (using your own name) is one of the most evidence-based and easily practised tools of the year — make sure it's properly understood.",,,,
33,3,Rebuild,Rebuild,Teen,Creating Structure That Serves You,Designing the Container,"Routine as a support, not a cage","What in your week is helping you, and what's just habit?",Habits and structure,3 of 4,"12, 29, 47",Standard,,,"Great athletes, musicians, and creators all have daily structures — not because they're rigid, but because structure frees them from having to decide everything constantly, which means they have more energy for what matters. The discipline creates the freedom. Today we experience that.","Great athletes, musicians, and creators all have daily structures — not because they're rigid, but because structure frees them from having to decide everything constantly, which means they…",,,"Routine isn't a cage — it's the trellis a plant climbs to reach the light. Today: add one small anchor (same wake time, one blocked hour) and let freedom grow on it.",Routine isn't a cage — it's the trellis a plant climbs to reach the light.,,,"DRAFT — rewrite from the video transcript once the video is chosen.

Structure isn't the enemy of freedom — it's what makes freedom possible. When you design your time deliberately, you stop spending energy deciding what to do next, you protect the things that actually matter, and you stop being at the mercy of whatever is loudest. This week we design your personal architecture.",Think about your average day. When does your time and energy go to things you've actively chosen — and when does it just get absorbed by whatever's loudest? What important things consistently get crowded out?,"Structure isn't the enemy of freedom — it's what makes freedom possible. When you design your time deliberately, you stop spending energy deciding what to do next, you protect the things that actually matter, and you stop being at the mercy of whatever is loudest. This week we design your personal architecture.",https://www.youtube.com/watch?v=gTaJhjQHcf8,YouTube: Cal Newport on daily structure and deep work — search 'Cal Newport schedule daily structure' for accessible versions. Runtime ~10–15 min.,,,,"What in your week is helping you, and what's just habit?","DAILY DESIGN: Map your ideal school/work day in three categories: 1. Non-negotiables — the things that must happen for you to function and grow (sleep, movement, study focus, real connection). 2. Valuable but flexible — things that matter but can move around. 3. Default fillers — things that happen automatically that you're not actively choosing (e.g. endless scrolling, reacting to notifications). Now: what needs explicit scheduling? What default filler could be reduced to create space for what actually matters? Share: your one biggest structural change.",Write your minimum viable daily structure — the non-negotiable anchors that make a good day possible.,"Given what you noticed today, what is one thing you will do differently before next Sunday?",Implement one structural protection this week — block one important daily activity as non-negotiable. Test it for seven days.,Tell one person about your structural change. Ask them to check in on whether you protected it.,Bring back: what happened when you protected your structural time? What became possible?,,,I design my days around what matters. Structure is how I protect what I'm building.,Many teens resist 'structure' because they associate it with restriction. Reframe explicitly: structure is the container that protects your freedom. The three-category exercise (non-negotiable/valuable/filler) is eye-opening — most teens have not audited where their time actually goes.,,,,
34,3,Rebuild,Rebuild,Teen,"Rest as a Practice, Not a Reward",The Recovery Protocol,Rest you don't have to earn,When did you last properly rest and not feel guilty?,Signal and attention,2 of 4,"1, 50, 51",Standard,,,"Ancient cultures all knew this: work and rest are a cycle, not a competition. Every tradition that has produced sustained human excellence has had deliberate rest built in. Not as weakness. As wisdom.","Ancient cultures all knew this: work and rest are a cycle, not a competition. Every tradition that has produced sustained human excellence has had deliberate rest built in.",,,"You plug your phone in before it dies, not after — do the same for yourself. Today: schedule one real rest block before you're down to 1%.","You plug your phone in before it dies, not after — do the same for yourself. Today: schedule one real rest block before you're down to 1%.",,,"DRAFT — rewrite from the video transcript once the video is chosen.

Rest isn't what happens after you've earned it. Rest is part of the practice — just as important as effort, study, and creation. This week we rebuild the relationship with rest: what it actually is, why it matters, and why you might be confusing distraction with recovery.",What does rest actually look like for you right now? Be honest. Is it genuine recovery — or is it just different stimulation? What's the difference in how you feel after each?,"Rest isn't what happens after you've earned it. Rest is part of the practice — just as important as effort, study, and creation. This week we rebuild the relationship with rest: what it actually is, why it matters, and why you might be confusing distraction with recovery.",https://www.youtube.com/watch?v=9y1xyXtYAsg,YouTube: Search 'default mode network rest creativity teen brain' or 'why rest matters neuroscience' for accessible content. Also: Matthew Walker on sleep as the foundation of rest. Runtime ~10–15 min.,,,,When did you last properly rest and not feel guilty?,"REST vs. DISTRACTION AUDIT: For the past week, track every 'rest' period — what you actually did, and how you felt after. Categorise each as: genuine rest (felt genuinely replenishing), distraction (passed time but didn't restore), or productive recovery (served a function but not deeply restorative). What's the ratio? What would genuine rest look like for you specifically — what activities, conditions, duration? Design one genuine rest practice. Share: what rest actually looks like for you when it works.","Design your personal rest protocol — specific activities, conditions, and frequency — and schedule it for this week as a non-negotiable.","Given what you noticed today, what is one thing you will do differently before next Sunday?","Take one genuine rest break today — not earned, not conditional. Just scheduled. Notice what follows it.",Tell one person about your rest practice. Ask them what rest actually looks like for them — and whether they're getting enough of it.,Bring back: what happened during your genuine rest? What did you notice in the hours after it?,,,Rest is part of my practice — not a reward for finishing. It's how I sustain everything else.,"Many teens are chronically stimulation-saturated and have lost the capacity for genuine rest. The five-minute silence in the session is often profoundly uncomfortable for this age group — honour that, explore it, and use it as evidence for why the practice matters. Frame rest as performance strategy, not indulgence.",,,,
35,3,Rebuild,Rebuild,Teen,Creativity and Expression,Making Without Judging,"Making things because you want to, not because you're good at it",What did you love making before someone told you if you were good at it?,Creativity and expression,1 of 3,"41, 42",Standard,,,"There is a version of you that makes things just because they feel true — not for an audience, not for likes, not to prove anything. That version hasn't gone anywhere. It's just waiting for permission to exist without being judged. This week we give that permission.","There is a version of you that makes things just because they feel true — not for an audience, not for likes, not to prove anything.",,,Making something is like cooking for yourself — it doesn't need a Michelin star to feed you. Today: make one small thing no one will grade.,Making something is like cooking for yourself — it doesn't need a Michelin star to feed you. Today: make one small thing no one will grade.,,,"DRAFT — rewrite from the video transcript once the video is chosen.

Creativity isn't a talent some people have and others don't. It is a fundamental human capacity — the ability to make something that didn't exist before and express what is true for you. Most people shut it down by making it about evaluation rather than expression. This week we reclaim it.","What do you make, create, or express — even privately, even badly — just because it feels good? Is there something you used to make that you stopped? What happened?",Creativity isn't a talent some people have and others don't. It is a fundamental human capacity — the ability to make something that didn't exist before and express what is true for you. Most people shut it down by making it about evaluation rather than expression. This week we reclaim it.,YouTube: Elizabeth Gilbert 'Your Elusive Creative Genius' TED Talk — one of the most accessible and permission-giving talks about creativity available. Runtime ~19 min.,Search: 'Elizabeth Gilbert creative genius TED Talk' if unavailable. Alternative: search 'creativity is for everyone not just artists' for accessible shorter content.,,,,What did you love making before someone told you if you were good at it?,"CREATIVE RECLAMATION: Write about: What creative expression feels most alive for you — even if you barely do it? What do you notice you want to make, say, or express that you don't act on? What specifically stops you (evaluation, comparison, time, fear of 'not being good')? Design a private creative practice for this week — something made for nobody but you, not to be evaluated, shared, or judged. Just made. Share: the creative form that feels most alive for you.","Begin something creative this week — private, judgment-free, just for you. 10 minutes minimum. No evaluation.","Given what you noticed today, what is one thing you will do differently before next Sunday?",Tell one person about a creative impulse you've been suppressing. Notice what happens when you claim it aloud.,Bring back: what did you make? And how did the MAKING feel — regardless of the output?,I make things because expression is part of being alive. The making is the point.,,,https://www.youtube.com/watch?v=iG9CE55wbtY,,,,,
36,3,Rebuild,Rebuild,Teen,Purpose — What You're Here For,Finding the Direction,Where what you're good at meets what's needed,What are you doing when you lose track of time?,Purpose,1 of 3,"40, 49",Standard,,,"There's an old Japanese concept called ikigai — which roughly means 'reason for being.' It's not about having everything figured out. It's about finding the space where what you love, what you're good at, and what the world needs overlap. Today we map that space.",There's an old Japanese concept called ikigai — which roughly means 'reason for being.' It's not about having everything figured out.,,,Purpose is where your skills and the world's needs overlap — the sweet spot of the Venn diagram. Today: name one small place that overlap already exists.,Purpose is where your skills and the world's needs overlap — the sweet spot of the Venn diagram. Today: name one small place that overlap already exists.,,,"DRAFT — rewrite from the video transcript once the video is chosen.

Purpose isn't a big dramatic declaration about your future career. It's a direction — the sense that what you're doing matters, connects to something bigger than just you, and expresses something genuine about who you are. This week we find that direction — not as a final answer, but as a starting orientation.",What makes you lose track of time? What problems or injustices genuinely bother you — that you find yourself wanting to do something about? What comes so naturally to you that you forget other people might find it difficult? Those three questions are the beginning of purpose.,"Purpose isn't a big dramatic declaration about your future career. It's a direction — the sense that what you're doing matters, connects to something bigger than just you, and expresses something genuine about who you are. This week we find that direction — not as a final answer, but as a starting orientation.",https://www.youtube.com/watch?v=fLJsdqxnZb0,YouTube: 'How to Find Work You Love' by Scott Dinsmore — highly accessible and directly relevant for teens. Runtime ~18 min. Also: search 'ikigai explained teen' for shorter animated versions.,,,,What are you doing when you lose track of time?,"PURPOSE MAPPING: In your journal, work through three circles: 1. What I love — activities that make time disappear, things I could do or talk about for hours. 2. What I'm good at — what comes naturally, what others come to me for. 3. What I care about in the world — problems that bother me, things I wish were different. Now: where do these overlap? What sits at the centre — even imperfectly? That's your current purpose direction. Share: your three circles and the approximate overlap.","Write your current purpose orientation as: 'I am here to contribute...' — not as a final answer, but as an honest starting point.","Given what you noticed today, what is one thing you will do differently before next Sunday?",Make one choice today from your purpose orientation — one small act that aligns with your direction.,Share your purpose direction with one trusted person. Ask them: 'What do you think I'm naturally here to contribute?' Listen to their answer.,Bring back: what happened when you acted from your purpose direction this week?,,,"I have a direction that is genuinely mine. And from that direction, I contribute something the world needs.",Avoid framing purpose as career planning — this shuts down genuine exploration. Frame it as direction and contribution. Some teens will find clear overlaps immediately; others will need more time. Both are appropriate. The key takeaway: having any direction matters more than having the perfect answer.,,,,
37,3,Rebuild,Rebuild,Teen,"Money, Abundance and Your Relationship With Resources",What You've Inherited About Resources,What you picked up about money before you could question it,What did you learn about money growing up?,Resources,2 of 3,"20, 46",Standard,,,"There's an old idea: 'The way you do anything is the way you do everything.' Your relationship with money is a mirror of your relationship with abundance, scarcity, worthiness, and what you believe you deserve. Today we look in that mirror.","There's an old idea: 'The way you do anything is the way you do everything.' Your relationship with money is a mirror of your relationship with abundance, scarcity…",,,Your money 'scripts' are inherited apps running in the background of every purchase. Today: sort one thing into need / want / could-share and notice which script ran.,Your money 'scripts' are inherited apps running in the background of every purchase. Today: sort one thing into need / want / could-share and notice which script ran.,,,"DRAFT — rewrite from the video transcript once the video is chosen.

Money is one of the most loaded, confusing, and rarely discussed topics in most families — which means most of us have absorbed a lot of stories about it without ever examining them. This week we look at what you've inherited about money and resources, and begin to build a healthier relationship with it.","What were you taught — explicitly or by osmosis — about money growing up? Was it talked about openly or in hushed tones? Was there enough of it, or chronic worry? What did you learn about whether people like you had it?","Money is one of the most loaded, confusing, and rarely discussed topics in most families — which means most of us have absorbed a lot of stories about it without ever examining them. This week we look at what you've inherited about money and resources, and begin to build a healthier relationship with it.",https://www.youtube.com/watch?v=8gxNHkQBkF8,YouTube: Search 'money psychology teens inherited beliefs' or 'behavioural economics money explained teen' for accessible content. Also: search 'money and happiness research' for the wellbeing dimension. Runtime ~10–15 min.,,,,What did you learn about money growing up?,"MONEY STORY AUDIT: In your journal: What is the dominant financial story from your family? What did money represent — security, status, shame, freedom, conflict? What do you currently believe about whether you deserve financial abundance? What is your default money script? Where does it help you — and where does it limit you? What would a healthy, values-aligned relationship with money look like for you? Share: one thing you've inherited about money that you want to examine.","Write your values-aligned financial orientation: 'Money in my life is for...' and 'I want to relate to resources by...' Keep it about values and relationship, not amounts.","Given what you noticed today, what is one thing you will do differently before next Sunday?",Make one resource decision this week that is deliberately aligned with your values rather than habit or anxiety.,Share one thing you've inherited about money with one trusted person. Just naming it out loud changes its power.,Bring back: what came up when you examined your money story? What surprised you?,,,My relationship with money is mine to build. I use resources in alignment with what I genuinely value.,"Be sensitive to the very wide range of financial circumstances in the room. Keep the focus entirely on the psychological relationship, not financial outcomes or status. For any teen experiencing genuine financial hardship, have referral resources available (school counsellor, social services).",,,,
38,3,Rebuild,Rebuild,Teen,The Community You Build,Building Real Connection,Being part of something and bringing something to it,What do you bring that a room is worse without?,Belonging,2 of 3,"31, 48",Standard,,,"The most important thing the research on human happiness has found is this: the quality of your relationships is the single strongest predictor of how happy and healthy you'll be. Not your grades, not your future career, not your success. Your relationships. That's worth building deliberately.",The most important thing the research on human happiness has found is this: the quality of your relationships is the single strongest predictor of how happy and healthy…,,,A community is a beehive — it works because everyone brings something back. Today: name the one thing you'll bring to a room you want to belong to.,A community is a beehive — it works because everyone brings something back. Today: name the one thing you'll bring to a room you want to belong to.,,,"DRAFT — rewrite from the video transcript once the video is chosen.

Humans are social animals — we are literally designed for community. The quality of your connections isn't a nice extra to sort out later. It's one of the foundations of everything: your mental health, your resilience, your ability to grow. This week we get intentional about building the community you actually want.","Think about your social life honestly: do you have people who genuinely know you — not your performance, but the real you? People who you can be honest with, who challenge you to be better, and who you feel safe being imperfect with? How many? And is that enough?","Humans are social animals — we are literally designed for community. The quality of your connections isn't a nice extra to sort out later. It's one of the foundations of everything: your mental health, your resilience, your ability to grow. This week we get intentional about building the community you actually want.",https://www.youtube.com/watch?v=q4g_cxMWnMg,"YouTube: Robert Waldinger 'What Makes a Good Life?' — the Harvard Study findings, completely accessible for teens. One of the most important talks of the year. Runtime ~13 min.",,,,What do you bring that a room is worse without?,"COMMUNITY MAP: Draw a map of your social world. At the centre: you. Around you in concentric circles: people you feel most genuinely known by (inner circle), people you're connected to but not deeply known (middle circle), people you'd like to know better (outer circle). Now: is your inner circle large enough? What would it take to grow it? Who in your outer circle would you like to move closer? Share: one person you want to invest in more — and one step you'll take.","Write about the community you are building — the quality of connection you want, what you're willing to offer, and the kind of relationships you're actively cultivating.","Given what you noticed today, what is one thing you will do differently before next Sunday?",Reach out to one person in your outer circle this week — move them a step closer. Or invest more deeply in your inner circle.,Tell one person in your inner circle something specific about what they mean to you. Be genuine.,Bring back: what happened when you invested in a real connection this week?,,,"I build real community — people who know me, who I know, and who we grow together with.","The loneliness paradox (more connected, less belonging) resonates deeply with teens. Validate the experience without amplifying it. The community map activity creates a genuinely useful visual of where to invest. Celebrate the community already present in the room — 38 weeks of this group is the concrete example.",,,,
39,3,Rebuild,Rebuild,Teen,Integration — Who You Are Becoming,What Has Been Built,Pulling the movement together,What's different about how you live now?,Integration,3 of 4,"13, 26, 52",Integration,,,"The foundation is laid. Not perfect — laid. And the most important thing about a foundation is not that it's complete. It's that it's genuinely there, genuinely yours, and genuinely strong enough to build on.",The foundation is laid. Not perfect — laid. And the most important thing about a foundation is not that it's complete.,,,"The building site is now a home you can live in — identity, values, habits, people. Today: name who you've become, and step through the door into living it.","The building site is now a home you can live in — identity, values, habits, people.",,,"DRAFT — rewrite from the video transcript once the video is chosen.

Thirteen weeks of rebuilding. Today we close Phase 3 by naming what has actually been built — not what you've fixed or resolved, but what is genuinely present now that wasn't before. And we step toward Phase 4 with something real to bring.","What is the most significant thing you have built in Phase 3 — not achieved or accomplished, but genuinely built in yourself? Something that feels more truly yours than it did 13 weeks ago?","Thirteen weeks of rebuilding. Today we close Phase 3 by naming what has actually been built — not what you've fixed or resolved, but what is genuinely present now that wasn't before. And we step toward Phase 4 with something real to bring.",https://www.youtube.com/watch?v=jqONINYF17M,YouTube: Carol Dweck 'The Power of Believing That You Can Improve' — the perfect bridge between building and contributing. Runtime ~10 min.,,,,What's different about how you live now?,PHASE 3 LETTER: Write a letter to the version of you who began Phase 3 — thirteen weeks ago. What do you want them to know about what was built? What are you proud of that they couldn't yet see? What are you walking into Phase 4 with? Share one line — if you're willing. It is witnessed by everyone here.,Write three things you have built in Phase 3. Then write: 'I am bringing this into Phase 4: ...',"Given what you noticed today, what is one thing you will do differently before next Sunday?","Live from one thing you built in Phase 3 today — one intentional expression of the identity, values, or habit you've been constructing.",Tell someone who has witnessed your journey: 'Something I've genuinely built this phase is...' Own it.,Come back ready to share: what are you bringing into Phase 4?,,,I have built something real. I arrive at Phase 4 ready to live from it — and offer it.,Give genuine ceremony to this closing — this is the third threshold and the community has now been together for 39 weeks. The letters read aloud are powerful. The acknowledgment that Phase 4 is about contribution and outward expression generates real excitement. Honour everything that has been built.,,,,
40,4,Live It,Live It,Teen,From Self-Development to Service,Pointing the Torch Outward,What all this work is actually for,Who's better off because of the work you've done this year?,Purpose,2 of 3,"36, 49",Movement opener,,,There's an old idea: you cannot carry a torch for yourself alone. Light is most itself when it illuminates something. The work of this year has lit something in you. Phase 4 is pointing it outward.,There's an old idea: you cannot carry a torch for yourself alone. Light is most itself when it illuminates something.,,,You don't hoard the wifi password once you're connected — you share it; inner work is the same. Today: give one thing you've healed enough to offer someone else.,You don't hoard the wifi password once you're connected — you share it; inner work is the same.,,,"DRAFT — rewrite from the video transcript once the video is chosen.

You've spent almost a year doing serious inner work — seeing yourself clearly, releasing old patterns, building something real. Phase 4 is the turn outward: taking what you've built and offering it to the people around you. Not because you should. Because you genuinely have something to give now.",What is one thing you've learned about yourself or life this year that you wish someone had told you earlier? Who around you could use that knowledge right now?,"You've spent almost a year doing serious inner work — seeing yourself clearly, releasing old patterns, building something real. Phase 4 is the turn outward: taking what you've built and offering it to the people around you. Not because you should. Because you genuinely have something to give now.",https://www.youtube.com/watch?v=lmyZMtPVodo,YouTube: Search 'teen service and wellbeing research' or 'why helping others makes you happier science' for accessible evidence-based content. Runtime ~10 min.,,,,Who's better off because of the work you've done this year?,"SERVICE INVENTORY: What has this year given you? List the insights, capacities, and qualities you've genuinely developed. For each: who in your life could benefit from this? What specific form would giving it take — a conversation, showing up differently, sharing something you've learned, being present in a new way? What is the smallest, most genuine act of service you could offer this week? Share: one thing you've grown that you want to give.",Write a note to someone in your life about something you've learned this year that you think would help them. You don't have to send it — but write it as if you will.,"Given what you noticed today, what is one thing you will do differently before next Sunday?",Do one thing today that gives something you've genuinely built this year to someone who could use it.,Tell one person about something from your inner work this year that you want to share. Then share it.,Bring back: what happened when you offered something outward? How did it feel to give from fullness rather than obligation?,,,"I have something real to give now. I turn toward others — freely, genuinely, from everything this year has built.","The turn to service can feel abstract for teens — make it immediate and specific. 'Who in your life needs what you've learned?' is the right question. Avoid framing this as volunteering or grand altruism — the most powerful service teens offer is presence, honesty, and willingness to share their genuine experience with peers.",,,,
41,4,Live It,Live It,Teen,Teaching What You've Learned,Learning by Giving It Away,Understanding something twice by explaining it to someone,What do you know now that you wish someone had told you?,Creativity and expression,2 of 3,"35, 42",Standard,,,"There's an old saying: to teach is to learn twice. When you put something into words for another person, you have to understand it well enough to make it clear to someone who doesn't yet. That process deepens your own understanding more than any amount of studying alone.",There's an old saying: to teach is to learn twice.,,,Explaining something to a ten-year-old is how you find out you actually understand it. Today: put one lesson into one plain sentence and pass it on.,Explaining something to a ten-year-old is how you find out you actually understand it. Today: put one lesson into one plain sentence and pass it on.,,,"DRAFT — rewrite from the video transcript once the video is chosen.

The best way to test whether you actually understand something is to try to explain it to someone else. If you can teach it clearly, you genuinely know it. If you get stuck, you've found where you still have learning to do. This week we teach — and discover what we actually know.","What is the most important thing you've learned this year? Write it down right now — the core of it, in one or two sentences. Now: is it actually clear? Could someone who doesn't know you understand it from what you've written?","The best way to test whether you actually understand something is to try to explain it to someone else. If you can teach it clearly, you genuinely know it. If you get stuck, you've found where you still have learning to do. This week we teach — and discover what we actually know.",https://www.youtube.com/watch?v=FLbqzbAaEiI,YouTube: Search 'Feynman technique explained simply' or 'learning by teaching protégé effect teen' for accessible content. Runtime ~8–10 min.,,,,What do you know now that you wish someone had told you?,"TEACH IT: Choose one insight from this year. Write it in two versions: Version 1 — explain it as if to your best friend (conversational, honest, from your own experience). Version 2 — explain it as if to a younger kid who's going through something you've been through. Notice where it's easy and where you get stuck. The stuck places are the learning edges. Share: your Version 1 explanation — and one place it got stuck.","Write a 'what I know now' letter — one page, honest, from your own experience this year. Keep it. It will matter to someone someday.","Given what you noticed today, what is one thing you will do differently before next Sunday?","Share one thing you've learned with one person today. From your experience, not from a textbook. Notice what lands.",Ask a younger person or a peer: 'Can I share something I've been learning this year?' Then share it. Notice their response.,Bring back: what did you discover about your own understanding when you tried to teach it?,,,I know this year's work fully enough to give it away. Teaching is how I complete the learning.,Build in time in the session for actual peer explanation attempts — not just writing. The experience of explaining something to another person in the room and feeling where it lands and where it doesn't is irreplaceable. Celebrate the stumbles as much as the clarity.,,,,
42,4,Live It,Live It,Teen,The Courage to Be Seen,Closing the Gap,"Being properly seen, and what's on the other side of the fear",What's true about you that you've never let anyone see?,Masks and being seen,3 of 3,"10, 22",Standard,,,Here's the thing about being seen: you cannot be genuinely connected to people who only know your performance. Genuine connection requires genuine presence. And genuine presence requires courage. The courage to let people see who you actually are.,Here's the thing about being seen: you cannot be genuinely connected to people who only know your performance. Genuine connection requires genuine presence. And genuine presence requires courage.,,,Turning your camera on in the meeting is scary for two seconds and connecting for the rest. Today: show up 'camera-on' in one place you usually hide.,Turning your camera on in the meeting is scary for two seconds and connecting for the rest. Today: show up 'camera-on' in one place you usually hide.,,,"DRAFT — rewrite from the video transcript once the video is chosen.

All this inner work — all the honesty and growth and becoming — only matters when it shows up in how you actually live. Phase 4 is about the courage to be genuinely seen: to show up as who you've actually become, not the managed version, not the performance. Today we practise that.",Think of the gap between who you are privately — who you know yourself to be from this year's work — and who you present publicly in your main social group. How big is that gap? What are you hiding or managing?,"All this inner work — all the honesty and growth and becoming — only matters when it shows up in how you actually live. Phase 4 is about the courage to be genuinely seen: to show up as who you've actually become, not the managed version, not the performance. Today we practise that.",https://www.youtube.com/watch?v=iCvmsMzlF7o,TED Talk: Brené Brown on vulnerability and genuine connection — directly relevant to this session. Runtime ~20 min. Can show in clips.,,,,What's true about you that you've never let anyone see?,VISIBILITY AUDIT: In which relationships are you most genuinely yourself? In which are you most performing? What specifically are you hiding in the performing relationships — and why? What is the cost of maintaining the performance? What would one step toward genuine visibility look like in your most performing relationship? Share: one thing you want to stop hiding.,Write: 'What I want people to actually know about me is...' and 'What I'm ready to stop hiding is...' You don't have to share this — but write it as a genuine statement.,"Given what you noticed today, what is one thing you will do differently before next Sunday?","In one interaction today, drop one managed performance. Let something real show. Notice what happens.",Tell one trusted person something genuine about yourself that you usually manage or hide. Notice their response.,Bring back: what happened when you let yourself be a little more genuinely seen?,,,I show up as who I actually am. That is the only way to be genuinely connected.,The belonging vs. fitting in distinction (Brené Brown) is one of the most resonant concepts for this age group — name it explicitly. The gap between private self and public self is often largest in adolescence. Validate the difficulty while reinforcing the reward: genuine connection is only possible through genuine presence.,,,YES,
43,4,Live It,Live It,Teen,Living Your Values Under Pressure,The Pressure Test,What holds when it costs you something,When did you last go against what you believe because of pressure?,Emotions as data,3 of 3,"8, 24",Standard,,,Here's the truth about values: everyone has them in good times. The people who genuinely live their values are the ones who practise holding them when it's uncomfortable. Not perfectly. Just consistently. That consistency is what builds real character.,Here's the truth about values: everyone has them in good times. The people who genuinely live their values are the ones who practise holding them when it's uncomfortable.,,,"Your values are only real in the storm, not the sunshine — like a compass that has to work when the sky goes dark. Today: name one value you'll hold even when it costs you.","Your values are only real in the storm, not the sunshine — like a compass that has to work when the sky goes dark.",,,"DRAFT — rewrite from the video transcript once the video is chosen.

Values are easy when everything is fine. The real test is whether they hold when something costs you — when your friends expect something different, when it's easier to compromise, when the pressure to go along is strong. This week we practise holding our values when it actually matters.","Think of a time this year when you compromised something you said mattered to you — when you went along with something that felt wrong, or didn't speak up when you should have. What happened? What made it hard to hold?","Values are easy when everything is fine. The real test is whether they hold when something costs you — when your friends expect something different, when it's easier to compromise, when the pressure to go along is strong. This week we practise holding our values when it actually matters.",https://www.youtube.com/watch?v=jHeeHg_MXNE,YouTube: Search 'peer pressure and values teen psychology research' or 'standing up for your values under pressure' for accessible content. Runtime ~10–15 min.,,,,When did you last go against what you believe because of pressure?,"PRESSURE SCENARIOS: For each of your top three values, write: One recent moment you held this value under pressure — what happened? One recent moment you compromised it — what happened honestly? One likely upcoming scenario where this value will be tested. Pre-decide now: what will you specifically do or say? Make it concrete. Share: one pre-decision you've made for an upcoming pressure test.",Write your pre-decisions for your top three values under their most likely pressure scenarios. Keep it somewhere you'll see it.,"Given what you noticed today, what is one thing you will do differently before next Sunday?","Today, notice once when a value is under even mild pressure. Hold it — even imperfectly. Notice what it feels like to choose it anyway.",Tell one trusted person one of your pre-decisions. Ask them to hold you to it.,Bring back: did a value come under pressure this week? What happened? Did having pre-decided help?,,,My values are mine — I hold them under pressure. Not perfectly. Consistently.,The pre-decision technique is essential to teach explicitly — many teens have never heard of it. The neuroscience of peer pressure (social threat system) is important to name because it de-shames the difficulty. This session should reference Week 28 values explicitly.,,,,
44,4,Live It,Live It,Teen,Conflict as a Growth Practice,"Needs, Not Positions",Staying in an argument instead of walking away from it,"What argument have you been avoiding, and what are you protecting?",Seeing others,2 of 3,"11, 48",Standard,,,"There is an ancient practice: before you argue about what you want, name what you need. Not the position — the underlying need. When two people can hear each other's needs — really hear them — most conflicts turn out to be much more solvable than they looked.","There is an ancient practice: before you argue about what you want, name what you need. Not the position — the underlying need.",,,'You always…' starts a fight; 'I feel… I need…' starts a conversation. Today: rewrite one hard message in the second language.,'You always…' starts a fight; 'I feel… I need…' starts a conversation. Today: rewrite one hard message in the second language.,,,"DRAFT — rewrite from the video transcript once the video is chosen.

Most people treat conflict as something to avoid or win. Both miss the point. Conflict — handled honestly — is one of the fastest routes to genuine understanding, better relationships, and knowing yourself more clearly. This week we learn how to actually engage conflict rather than manage around it.","Think of a current conflict or tension in your life — with a friend, family member, anyone. What are you arguing about at the surface level? Now go deeper: what do you actually need that you're not getting? What do you think they need?","Most people treat conflict as something to avoid or win. Both miss the point. Conflict — handled honestly — is one of the fastest routes to genuine understanding, better relationships, and knowing yourself more clearly. This week we learn how to actually engage conflict rather than manage around it.",https://www.youtube.com/watch?v=l7ToNudVd2I,YouTube: Search 'Nonviolent Communication explained simply teen' or 'how to handle conflict constructively teen psychology' for accessible content. Runtime ~10–15 min.,,,,"What argument have you been avoiding, and what are you protecting?","CONFLICT REFRAME: Think of a current conflict. Write: What is the surface argument — what are you fighting about? What do you actually NEED underneath the argument — autonomy, respect, to be heard, safety, fairness? What do you think THEY need underneath it? Now: is there any way both needs could be met — not perfectly, but genuinely? Write a request (specific, actionable, positive — 'I need you to...' not 'stop doing...'). Share: the need underneath your position — not the conflict details.","Write the conversation you want to have — starting with your need, not your position. What would change if you began there?","Given what you noticed today, what is one thing you will do differently before next Sunday?","In one difficult interaction today, try naming what you actually need rather than what you want the other person to do. Notice what changes.",Have one difficult conversation you've been avoiding. Start with your need. See what happens.,Bring back: what happened when you named the need instead of the position?,,,"I bring my genuine self to conflict — with honesty, with curiosity, and with care for both our needs.","The needs vs. positions reframe is genuinely transformative for teens — many have never had this framework. The exercise of identifying your own need and guessing the other person's need is powerful done in pairs. Acknowledge that not all conflicts resolve — some needs are genuinely incompatible. The goal is honest engagement, not guaranteed resolution.",,,,
45,4,Live It,Live It,Teen,Generosity as a Way of Being,Open Hands,Giving in a way that doesn't drain you,What do you give that costs you nothing and means a lot to someone?,Forgiveness,3 of 3,"16, 17",Standard,,,"An open hand can give AND receive. A closed fist can do neither. Generosity is the practice of keeping your hands open — not because you have unlimited resources, but because openness is a better orientation than protection.",An open hand can give AND receive. A closed fist can do neither.,,,"Some gifts — encouragement, time, attention — cost nothing and still glow in your own hands after you give them. Today: give one non-money gift by Sunday.","Some gifts — encouragement, time, attention — cost nothing and still glow in your own hands after you give them. Today: give one non-money gift by Sunday.",,,"DRAFT — rewrite from the video transcript once the video is chosen.

Generosity isn't about grand gestures or having a lot to give. It is a way of being in the world — of arriving at every encounter asking 'what can I offer?' rather than 'what will I get?' It's one of the most powerful orientations available. And research shows it makes the generous person happier, not just the recipient.","On a normal day, what percentage of your interactions are 'what can I get?' and what percentage are 'what can I give?' Be honest — not what you aspire to, but what you actually notice.","Generosity isn't about grand gestures or having a lot to give. It is a way of being in the world — of arriving at every encounter asking 'what can I offer?' rather than 'what will I get?' It's one of the most powerful orientations available. And research shows it makes the generous person happier, not just the recipient.",https://www.youtube.com/watch?v=M7SBFnFvPeY,"YouTube: 'Are You a Giver or a Taker?' by Adam Grant — accessible, evidence-based, highly engaging for teens. Runtime ~13 min.",,,,What do you give that costs you nothing and means a lot to someone?,"GENEROSITY INVENTORY: In what ways are you already generous — with time, attention, honesty, encouragement, skills? What has this generosity cost you? In what ways are you habitually withholding — and what is driving that withholding? Design one deliberate act of generosity this week that costs you something real and is given freely, without expectation. Share: one form of generosity you're committing to practise.","Write your generosity commitment — not a list of acts, but a description of the quality of presence you want to practise.","Given what you noticed today, what is one thing you will do differently before next Sunday?","Make one genuinely generous act today — something that costs you real time or attention, given freely.",Tell one person something specific and genuine that you appreciate about them. Give it as a genuine gift.,Bring back: what happened when you gave generously? What did you notice?,,,I give freely from what I've built. Generosity is my way of being in the world.,"The Adam Grant research genuinely shifts perspectives — share it clearly. The distinction between otherish giving and self-erasing matters particularly for teens who have people-pleasing patterns. The forms of generosity available to teens (presence, honesty, encouragement, showing up) should be named explicitly and celebrated.",,,,
46,4,Live It,Live It,Teen,Enough — Living From Sufficiency,Starting From Here,Noticing what's already good,What's already enough that you keep treating like it isn't?,Enough,3 of 3,"6, 20",Standard,,,There's an old idea: 'Enough is a feast.' Not in the sense of having everything — in the sense of being fully present to what is already here. Today we practise that presence.,There's an old idea: 'Enough is a feast.' Not in the sense of having everything — in the sense of being fully present to what is already here.,,,The 'add to cart' feeling is a treadmill — one more thing never becomes enough. Today: name three things you already have that are genuinely enough.,The 'add to cart' feeling is a treadmill — one more thing never becomes enough. Today: name three things you already have that are genuinely enough.,,,"DRAFT — rewrite from the video transcript once the video is chosen.

There is always going to be someone with more followers, better grades, more opportunities, a better body, more popularity. The 'more' game never ends. This week we practise something radical: deciding that what you have right now is enough to start from. Not to stop growing — but to stop waiting.","What condition are you waiting for before you'll feel like you have enough — enough confidence, enough success, enough followers, enough of whatever it is? Now honestly: will that condition, when met, actually feel like enough? Or will the threshold move?","There is always going to be someone with more followers, better grades, more opportunities, a better body, more popularity. The 'more' game never ends. This week we practise something radical: deciding that what you have right now is enough to start from. Not to stop growing — but to stop waiting.",https://www.youtube.com/watch?v=oHGKTZSe_k4,YouTube: Search 'arrival fallacy Tal Ben-Shahar happiness research' or 'gratitude practice research teen wellbeing' for accessible content. Runtime ~10–15 min.,,,,What's already enough that you keep treating like it isn't?,ENOUGH AUDIT: Write honestly: What conditions are you waiting for before you feel like you have enough? For each condition: Is the threshold fixed — or will it move when you meet it? What would you do differently today if you genuinely believed you already had enough to start? Design one daily sufficiency practice — one specific moment where you deliberately notice what is already enough. Share: one thing that is genuinely enough that you've been treating as insufficient.,"Write your personal sufficiency statement. One sentence. Honest, specific, yours. Say it to yourself when you wake up for the next seven days.","Given what you noticed today, what is one thing you will do differently before next Sunday?",Say your sufficiency statement tomorrow morning. Notice what it does to the start of the day.,"Tell one person one genuine thing you recognise as enough — not a gratitude performance, but a real acknowledgment.",Bring back: what happened when you practised the sufficiency statement for one week?,,,I have enough to begin from. I stop waiting and start living from what is already here.,This session explicitly builds on and extends Week 20 (scarcity) and Weeks 5–6 (comparison loop). Reference both. The arrival fallacy concept is highly resonant for achievement-focused teens. The daily sufficiency statement is the most practically powerful take-home of this session.,,,,
47,4,Live It,Live It,Teen,The Long Game — Patience and Persistence,Compound Interest for a Person,Progress you can't see yet,What are you working at that hasn't shown yet?,Habits and structure,4 of 4,"12, 29, 33",Standard,,,There's an old idea: 'The best time to plant a tree was twenty years ago. The second best time is today.' The long game is not about when you started. It is about whether you keep going. Today we decide to keep going.,There's an old idea: 'The best time to plant a tree was twenty years ago.,,,"A seed spends weeks looking like nothing while it grows roots — don't dig it up to check. Today: recommit to one slow, unglamorous thing that's still growing underground.",A seed spends weeks looking like nothing while it grows roots — don't dig it up to check.,,,"DRAFT — rewrite from the video transcript once the video is chosen.

We live in an instant culture — instant feedback, instant results, instant gratification. But the most important things in life — character, genuine skill, deep relationships, real wisdom — all take time. This week we practise the orientation of the long game: trusting the process even when you can't see the results yet.","Think of someone you admire — someone who has genuinely developed a character quality, skill, or wisdom that you respect. How long do you think it took them to develop it? And what does that tell you about where you are right now?","We live in an instant culture — instant feedback, instant results, instant gratification. But the most important things in life — character, genuine skill, deep relationships, real wisdom — all take time. This week we practise the orientation of the long game: trusting the process even when you can't see the results yet.",https://www.youtube.com/watch?v=TQMbvJNRpLE,YouTube: Angela Duckworth 'Grit: The Power of Passion and Perseverance' TED Talk — one of the most important short talks for teens on long-game thinking. Runtime ~6 min.,,,,What are you working at that hasn't shown yet?,"LONG GAME LETTER: Write a letter to yourself to be opened in three years. Not a goals list — a genuine letter from who you are now to who you will be then. What are you trusting the long game with? What do you commit to showing up for consistently, even without immediate feedback? What do you want your future self to know you chose today? Share: one thing you are playing the long game with.","Write your long-game direction — not goals, but the quality of person and life you are building toward over years.","Given what you noticed today, what is one thing you will do differently before next Sunday?","Today, show up for one long-game practice — not because you can see results, but as a deliberate vote for who you're becoming.",Tell one person what long game you're playing. Ask them what theirs is.,Bring back: what happened when you showed up for your long game practice without expecting immediate results?,,,I am building something that takes time. I show up consistently. The direction is right.,Angela Duckworth's talk is genuinely short and worth showing in the session if possible. The three-year letter exercise is emotionally powerful — encourage teens to actually seal and keep it. The compound interest framing (1% better every day) resonates strongly with this age group.,,,,
48,4,Live It,Live It,Teen,Leaving People Better Than You Found Them,One Question,Small moments that go further than you think,Who left you better than they found you?,Seeing others,3 of 3,"11, 44",Standard,,,"There's a question worth carrying: 'Will this person be slightly better for having encountered me today?' Not dramatically better — just slightly. That question, asked consistently, changes how you show up to everything.",There's a question worth carrying: 'Will this person be slightly better for having encountered me today?' Not dramatically better — just slightly.,,,"You leave a 'tip' in every interaction — a little brighter or a little dimmer. Today: leave one person brighter, on purpose.","You leave a 'tip' in every interaction — a little brighter or a little dimmer. Today: leave one person brighter, on purpose.",,,"DRAFT — rewrite from the video transcript once the video is chosen.

Here is one of the simplest and most powerful practices available to you: leave people slightly better than you found them. Not dramatically — not fixing or saving anyone. Just: they feel slightly more seen, more valued, more capable of being themselves after being with you. That is one of the most significant things a person can do.",Think of someone who consistently left you better — who made you feel more seen and more capable. What specifically did they do? Was it dramatic — or was it small and consistent?,"Here is one of the simplest and most powerful practices available to you: leave people slightly better than you found them. Not dramatically — not fixing or saving anyone. Just: they feel slightly more seen, more valued, more capable of being themselves after being with you. That is one of the most significant things a person can do.",https://www.youtube.com/watch?v=cDDWvj_q-o8,YouTube: Search 'the power of being seen relationships research' or 'micro-affirmations leaving people better YouTube' for accessible content. Runtime ~8–10 min.,,,,Who left you better than they found you?,"LEAVING BETTER AUDIT: Think of the five people you interact with most. After typical encounters with you, do they leave feeling more or less like themselves? More or less seen? What one specific change would make you more reliably leave them better — a quality of attention, an honest word, showing up differently? Design one leaving-better practice for your most important relationship. Share: one specific thing you will do to leave someone better this week.",Write the one question you want to carry: 'Will this person be slightly better for having encountered me?' Write how you will practise answering yes.,"Given what you noticed today, what is one thing you will do differently before next Sunday?","In one interaction today, orient entirely toward leaving the other person better. Notice what changes — in them and in you.","Give one person your full, undivided attention for ten minutes. No agenda. Just genuine reception.",Bring back: what happened when you deliberately left someone better?,,,Every encounter is an opportunity to leave someone slightly more themselves. I take it.,This session should feel both inspiring and immediately actionable. Build in the ten-minute undivided attention practice as a committed exercise for the week — not optional. The 'will they be slightly better' question is genuinely transformative when carried daily.,,,,
49,4,Live It,Live It,Teen,Your Legacy — What You're Building Beyond Yourself,What Do You Want Them to Say?,The part of you that carries on past you,What do you want to be true because you were here?,Stories and identity,5 of 5,"2, 5, 25, 27",Standard,,,There's an old question: 'What do you want people to say about you when you're not in the room?' Not in terms of reputation — but in terms of how you made them feel. That question is the beginning of legacy. Today we answer it.,There's an old question: 'What do you want people to say about you when you're not in the room?' Not in terms of reputation — but in terms…,,,Drop a stone in a pond and the ripples reach edges you'll never see. Today: name one mark you want rippling out from how you live.,Drop a stone in a pond and the ripples reach edges you'll never see. Today: name one mark you want rippling out from how you live.,,,"DRAFT — rewrite from the video transcript once the video is chosen.

Legacy sounds like something old people think about. It isn't. Legacy is what you're building right now — through how you treat people, what you model, what you stand for, what you create. At 16 or 17 or 18, you are already leaving something in the world. Today we think about what that is — and whether it's what you'd choose.",What do your closest friends and family members most reliably experience when they're around you? What do you add to a room — and what do you take from it? Be honest.,"Legacy sounds like something old people think about. It isn't. Legacy is what you're building right now — through how you treat people, what you model, what you stand for, what you create. At 16 or 17 or 18, you are already leaving something in the world. Today we think about what that is — and whether it's what you'd choose.",https://www.youtube.com/watch?v=qp0HIF3SfI4,YouTube: Search 'legacy consciousness teen purpose research' or 'what is legacy young people' for accessible content. Also: search 'how teens influence others role modelling research.' Runtime ~10 min.,,,,What do you want to be true because you were here?,"LEGACY AUDIT: Write honestly: What are you currently adding to the lives of the people closest to you? What are you modelling — in how you treat conflict, how you handle difficulty, how you treat people who are different from you, how you pursue what matters? Is that what you'd choose to model? What would you change? Design your current legacy intention — not a grand plan, but a specific quality of presence you want to be known for. Share: what you want to be building right now.","Write: 'The legacy I am building right now is...' — not what you hope for eventually, but what you are actively creating through how you currently live.","Given what you noticed today, what is one thing you will do differently before next Sunday?",Make one choice today that is explicitly oriented toward the legacy you want to build.,Tell one person what you want to be building — and ask them to notice when you're doing it.,Bring back: what happened when you oriented toward legacy in an ordinary moment?,,,"I am building something beyond myself — right now, in how I live. That is my legacy in progress.",The reframe from future-legacy to present-legacy is powerful for teens who find the concept abstract. The question 'what is someone who looks up to you learning from how you live right now?' tends to land immediately and specifically.,,,,
50,4,Live It,Live It,Teen,"Gratitude as a Practice, Not a Feeling",Training the Noticing Muscle,"Noticing specific good things, on purpose",What's good right now that you'd stopped noticing?,Signal and attention,3 of 4,"1, 34, 51",Standard,,,"Here's what the research actually shows: specific, consistent gratitude practice produces better sleep, lower anxiety, better relationships, and measurably different brain activity. Not as a cure for everything — as a reliable, evidence-based practice for wellbeing. It's worth doing.","Here's what the research actually shows: specific, consistent gratitude practice produces better sleep, lower anxiety, better relationships, and measurably different brain activity.",,,"Gratitude is a camera — the more you practise pointing it, the more good it finds in frame. Today: capture three specific good moments in words, not generic ones.","Gratitude is a camera — the more you practise pointing it, the more good it finds in frame.",,,"DRAFT — rewrite from the video transcript once the video is chosen.

Gratitude is not a feeling you get when good things happen. It is a deliberate practice — choosing to notice and name what is already present and valuable, even when things aren't perfect. And the research on what it does to your brain and your life is extraordinary. This week we make it a daily practice.","When was the last time you felt genuine gratitude — not performed, not obligatory, but actually felt? What specifically were you grateful for? And how often do you actually practise noticing that?","Gratitude is not a feeling you get when good things happen. It is a deliberate practice — choosing to notice and name what is already present and valuable, even when things aren't perfect. And the research on what it does to your brain and your life is extraordinary. This week we make it a daily practice.",https://www.youtube.com/watch?v=WPPPFqsECz0,YouTube: Robert Emmons on gratitude research — search 'Robert Emmons gratitude research talk.' Also: search 'gratitude and brain health teen research' for age-specific content. Runtime ~10–15 min.,,,,What's good right now that you'd stopped noticing?,"GRATITUDE PRACTICE DESIGN: Design a genuine daily gratitude practice — specific format, specific time, specific level of depth. This week: three things each day, but each one specific enough that it couldn't have been written yesterday (what happened today that you're grateful for, exactly why, and what it actually felt like). Share: one specific example of your practice — not 'my family' but the specific moment.",Write your gratitude practice design. Commit to practising it every day for the rest of the year.,"Given what you noticed today, what is one thing you will do differently before next Sunday?",Practise daily specific gratitude every day this week. Don't miss a day. Notice what compounds.,Express specific gratitude to one person every day this week — tell them exactly what you appreciate and why.,Bring back: what happened when you practised specific gratitude consistently? What compounded?,,,"Gratitude is my daily practice. Specific, felt, genuine. I train my attention on what is real and good.",The specificity principle is the most important practical point of this session — spend time on it. The daily practice without missing a day is a deliberate challenge — the research shows that consistency matters more than depth. Expressed gratitude (telling someone specifically) is the highest-impact exercise.,,,,
51,4,Live It,Live It,Teen,The Ongoing Practice — There Is No Arrival,The Journey Is the Point,"There's no finish line, and that's fine",What will you keep doing after this year?,Signal and attention,4 of 4,"1, 34, 50",Standard,,,"Here's what the year has taught you: not a formula for being sorted, but a set of practices for being genuinely alive. Those practices don't end at Week 52. They go with you. They deepen. They become who you are.","Here's what the year has taught you: not a formula for being sorted, but a set of practices for being genuinely alive.",,,"There's no 'finish line' notification for growth — the walk is the point. Today: name the one practice you'll keep for life, arrival or not.","There's no 'finish line' notification for growth — the walk is the point. Today: name the one practice you'll keep for life, arrival or not.",,,"DRAFT — rewrite from the video transcript once the video is chosen.

Here's a truth that sounds discouraging at first but becomes liberating: you're never going to be 'finished.' There's no point where you'll have it all together, have figured everything out, or be done growing. And that's actually the best news there is — because it means the journey is the point, not the destination.",What has shifted in how you think about personal growth over the course of this year? Do you still think of it as something you finish — or has your relationship with the ongoing nature of it changed?,"Here's a truth that sounds discouraging at first but becomes liberating: you're never going to be 'finished.' There's no point where you'll have it all together, have figured everything out, or be done growing. And that's actually the best news there is — because it means the journey is the point, not the destination.",https://www.youtube.com/watch?v=sPOuCd6cBao,YouTube: 'This Is Water' by David Foster Wallace — the most important short piece of content of the year. Runtime ~9 min.,,,,What will you keep doing after this year?,"PRACTICE OWNERSHIP: In your journal, from each phase of the year: What do you want to keep practising from Phase 1 (seeing)? What is still releasing from Phase 2 (unlearning)? What do you want to build more of from Phase 3 (rebuilding)? What orientations from Phase 4 (living) do you want to carry forward? Design your post-Mindcast LIVE ongoing practice — the simplest sustainable version of this year's work that you can maintain as simply yours. Share: your ongoing practice design.",Write your ongoing practice — the sustainable version of this year's work that you will maintain because it is genuinely yours.,"Given what you noticed today, what is one thing you will do differently before next Sunday?","Own one practice this week — do it not as part of the programme, but as yours. No external structure. Just you and the practice.",Tell one person that you're not trying to finish the journey — you're choosing to live it. Share what that looks like for you.,Bring back: what did it feel like to own the practice as genuinely yours?,,,I am not finishing. I am continuing. The practice is the point — and it is mine.,"This session needs to be held carefully — there may be both relief and grief at the idea that the structured year is ending. The gift of this session is the reframe: you're not losing the structure, you're owning the practice. The ongoing practice design is the most important output.",,,,
52,4,Live It,Live It,Teen,Integration — A Year of Becoming,The Return With Gifts,Pulling the whole year together,"Who were you a year ago, and what would you tell them?",Integration,4 of 4,"13, 26, 39",Integration,,,"In the oldest stories, the hero's return is not about arriving home unchanged. It is about arriving home transformed — carrying gifts that were not there at the beginning. You have gifts you didn't have at Week 1. Today we name them. Together.","In the oldest stories, the hero's return is not about arriving home unchanged.",,,"You're not closing a book, you're turning to a blank page with a full backpack and a compass. Today: write the first line of next year's chapter.","You're not closing a book, you're turning to a blank page with a full backpack and a compass. Today: write the first line of next year's chapter.",,,"DRAFT — rewrite from the video transcript once the video is chosen.

Fifty-two weeks. A whole year. You've seen yourself clearly, released what wasn't yours, built something real, and started living it outward. Today we don't call that finished. We call it the beginning of the rest of a life lived from the inside out. And we acknowledge, together, what was actually done.","If you had to name the one thing — just one — that has most genuinely changed in you over this year, what would it be? Not the most dramatic. The most real.","Fifty-two weeks. A whole year. You've seen yourself clearly, released what wasn't yours, built something real, and started living it outward. Today we don't call that finished. We call it the beginning of the rest of a life lived from the inside out. And we acknowledge, together, what was actually done.",https://www.youtube.com/watch?v=sPOuCd6cBao,YouTube: 'This Is Water' by David Foster Wallace animated — the final and most important piece of content of the year. Runtime ~9 min.,,,,"Who were you a year ago, and what would you tell them?",YEAR CEREMONY: Write answers to four questions. Take time. Be honest. 1. Who was I at Week 1? 2. What has genuinely shifted this year? 3. What am I carrying forward that I didn't have before? 4. What is my commitment for the ongoing practice? Then in the group: each person shares one line from any of their four answers. Witnessed in silence. No advice. No commentary. Just witnessed. That witnessing is the ceremony.,Write a letter to Week 1 you. What do you want them to know?,"Given what you noticed today, what is one thing you will do differently before next Sunday?",Live one day this week with full intentionality from everything this year has built. Notice what that life feels like.,Tell one person outside this group: 'I've done a year of real inner work. One thing that genuinely changed is...' Own it completely.,Come back ready to share one line from your year ceremony — if you're willing.,,,I did this work. I carry it forward. The practice is mine now. The adventure continues.,"MAKE THIS EXTRAORDINARY. Ceremony matters. The year's arc. The community formed. The genuine work done. Honour all of it: candles, music, letters, witnessed silence. End not with 'goodbye' but with the shared commitment to ongoing practice. This is the most important session of the year.",,,,
